/*******************************************************************************/
/*  This file is auto-generated by Azure RTOS GUIX Studio. Do not edit this    */
/*  file by hand. Modifications to this file should only be made by running    */
/*  the Azure RTOS GUIX Studio application and re-generating the application   */
/*  resource file(s). For more information please refer to the Azure RTOS GUIX */
/*  Studio User Guide, or visit our web site at azure.com/rtos                 */
/*                                                                             */
/*  GUIX Studio Revision 6.4.0.0                                               */
/*  Date (dd.mm.yyyy):  1. 6.2026   Time (hh:mm): 10:24                        */
/*******************************************************************************/


#include "gx_api.h"
#include "daric_gui_resources.h"

/* Color Table                                                                 */

GX_CONST GX_COLOR main_display_theme_1_color_table[] =
{
    0x00000000,
    0x00000005,
    0x0000000a,
    0x00000000,
    0x00000000,
    0x00000000,
    0x0000000f,
    0x00000000,
    0x0000000a,
    0x00000005,
    0x00000000,
    0x0000000a,
    0x00000005,
    0x00000000,
    0x00000005,
    0x0000000a,
    0x0000000f,
    0x0000000a,
    0x0000000f,
    0x0000000f,
    0x00000000,
    0x00000000,
    0x0000000f,
    0x0000000a,
    0x00000005,
    0x00000005,
    0x0000000a,
    0x0000000f,
    0x00000005,
    0x0000000f,
    0x0000000f,
    0x0000000f,
    0x00000000,
    0x00000000,
    0x0000000f,
    0x0000000f,
    0x00000004,
    0x00000000,
    0x00000009,
    0x00000003,
    0x00000003,
    0x00000003,
    0x00000000,
    0x00000001,
    0x00000002,
    0x00000003,
    0x00000004,
    0x00000005,
    0x00000006,
    0x00000007,
    0x00000008,
    0x00000009,
    0x0000000a,
    0x0000000b,
    0x0000000c,
    0x0000000d,
    0x0000000e,
    0x0000000f
};


/* Font THEME_1_SYSTEM Data Definition                                         */

static GX_CONST GX_UBYTE FONT_THEME_1_SYSTEM_char_20[1] =
{
    0x00
};
static GX_CONST GX_UBYTE FONT_THEME_1_SYSTEM_char_21[19] =
{
    0x60, 0x60, 0x60, 0x60, 0x60, 0x60, 0x60, 0x60, 0x60, 0x60, 0x60, 0x60, 0x60, 
    0x00, 0x00, 0x00, 0xe0, 0xe0, 0xe0
};
static GX_CONST GX_UBYTE FONT_THEME_1_SYSTEM_char_22[5] =
{
    0xd8, 0xd8, 0xd8, 0xd8, 0xd8
};
static GX_CONST GX_UBYTE FONT_THEME_1_SYSTEM_char_23[60] =
{
    0x01, 0x81, 0x80, 0x01, 0x83, 0x80, 0x01, 0x83, 0x00, 0x01, 0x83, 0x00, 0x03, 
    0x83, 0x00, 0x3f, 0xff, 0xf0, 0x3f, 0xff, 0xf0, 0x03, 0x06, 0x00, 0x03, 0x06, 
    0x00, 0x07, 0x06, 0x00, 0x07, 0x06, 0x00, 0x06, 0x06, 0x00, 0x06, 0x0e, 0x00, 
    0xff, 0xff, 0xc0, 0xff, 0xff, 0xc0, 0x0e, 0x0c, 0x00, 0x0c, 0x0c, 0x00, 0x0c, 
    0x1c, 0x00, 0x0c, 0x18, 0x00, 0x0c, 0x18, 0x00
};
static GX_CONST GX_UBYTE FONT_THEME_1_SYSTEM_char_24[48] =
{
    0x02, 0x00, 0x02, 0x00, 0x02, 0x00, 0x1f, 0x80, 0x3f, 0xc0, 0x72, 0xe0, 0xe2, 
    0x70, 0xc2, 0x70, 0xc2, 0x00, 0xe2, 0x00, 0x72, 0x00, 0x7e, 0x00, 0x1f, 0xc0, 
    0x03, 0xe0, 0x02, 0xf0, 0x02, 0x70, 0x02, 0x30, 0xe2, 0x30, 0xe2, 0x70, 0x72, 
    0xe0, 0x3f, 0xe0, 0x1f, 0x80, 0x02, 0x00, 0x02, 0x00
};
static GX_CONST GX_UBYTE FONT_THEME_1_SYSTEM_char_25[57] =
{
    0x3c, 0x06, 0x00, 0x7e, 0x0c, 0x00, 0xe7, 0x0c, 0x00, 0xc3, 0x18, 0x00, 0xc3, 
    0x18, 0x00, 0xe7, 0x30, 0x00, 0x7e, 0x70, 0x00, 0x3c, 0x60, 0x00, 0x00, 0xc0, 
    0x00, 0x00, 0xc0, 0x00, 0x01, 0x80, 0x00, 0x01, 0x8f, 0x00, 0x03, 0x3f, 0x80, 
    0x03, 0x31, 0xc0, 0x06, 0x30, 0xc0, 0x06, 0x31, 0xc0, 0x0c, 0x39, 0xc0, 0x0c, 
    0x3f, 0x80, 0x18, 0x0f, 0x00
};
static GX_CONST GX_UBYTE FONT_THEME_1_SYSTEM_char_26[57] =
{
    0x07, 0xc0, 0x00, 0x0f, 0xe0, 0x00, 0x1c, 0x70, 0x00, 0x18, 0x70, 0x00, 0x18, 
    0x00, 0x00, 0x18, 0x00, 0x00, 0x1c, 0x00, 0x00, 0x0e, 0x00, 0x00, 0x1f, 0x00, 
    0x00, 0x7b, 0x83, 0x80, 0x71, 0xc3, 0x00, 0xe0, 0xe7, 0x00, 0xc0, 0x76, 0x00, 
    0xc0, 0x3e, 0x00, 0xe0, 0x1c, 0x00, 0xe0, 0x3e, 0x00, 0x78, 0xf7, 0x00, 0x3f, 
    0xe3, 0x80, 0x1f, 0x81, 0xc0
};
static GX_CONST GX_UBYTE FONT_THEME_1_SYSTEM_char_27[5] =
{
    0xc0, 0xc0, 0xc0, 0xc0, 0xc0
};
static GX_CONST GX_UBYTE FONT_THEME_1_SYSTEM_char_28[30] =
{
    0x07, 0x0e, 0x0c, 0x18, 0x38, 0x30, 0x30, 0x70, 0x60, 0x60, 0xe0, 0xe0, 0xe0, 
    0xc0, 0xc0, 0xc0, 0xc0, 0xe0, 0xe0, 0xe0, 0x60, 0x60, 0x70, 0x70, 0x30, 0x38, 
    0x18, 0x1c, 0x0e, 0x07
};
static GX_CONST GX_UBYTE FONT_THEME_1_SYSTEM_char_29[30] =
{
    0xe0, 0x70, 0x38, 0x18, 0x1c, 0x0c, 0x0e, 0x06, 0x07, 0x07, 0x07, 0x03, 0x03, 
    0x03, 0x03, 0x03, 0x03, 0x03, 0x03, 0x03, 0x07, 0x07, 0x06, 0x0e, 0x0e, 0x1c, 
    0x1c, 0x38, 0x30, 0x60
};
static GX_CONST GX_UBYTE FONT_THEME_1_SYSTEM_char_2a[20] =
{
    0x18, 0x00, 0x08, 0x00, 0xc9, 0x00, 0xeb, 0x80, 0x3e, 0x00, 0x3e, 0x00, 0xeb, 
    0x80, 0xc9, 0x00, 0x18, 0x00, 0x18, 0x00
};
static GX_CONST GX_UBYTE FONT_THEME_1_SYSTEM_char_2b[28] =
{
    0x03, 0x00, 0x03, 0x00, 0x03, 0x00, 0x03, 0x00, 0x03, 0x00, 0x03, 0x00, 0xff, 
    0xf8, 0xff, 0xf8, 0x03, 0x00, 0x03, 0x00, 0x03, 0x00, 0x03, 0x00, 0x03, 0x00, 
    0x03, 0x00
};
static GX_CONST GX_UBYTE FONT_THEME_1_SYSTEM_char_2c[7] =
{
    0x30, 0x70, 0x60, 0x60, 0x60, 0xc0, 0xc0
};
static GX_CONST GX_UBYTE FONT_THEME_1_SYSTEM_char_2d[4] =
{
    0xff, 0xc0, 0xff, 0xc0
};
static GX_CONST GX_UBYTE FONT_THEME_1_SYSTEM_char_2e[3] =
{
    0xe0, 0xe0, 0xe0
};
static GX_CONST GX_UBYTE FONT_THEME_1_SYSTEM_char_2f[60] =
{
    0x01, 0xc0, 0x01, 0x80, 0x01, 0x80, 0x01, 0x80, 0x03, 0x80, 0x03, 0x80, 0x03, 
    0x00, 0x03, 0x00, 0x07, 0x00, 0x07, 0x00, 0x06, 0x00, 0x06, 0x00, 0x06, 0x00, 
    0x0e, 0x00, 0x0c, 0x00, 0x0c, 0x00, 0x0c, 0x00, 0x1c, 0x00, 0x18, 0x00, 0x18, 
    0x00, 0x18, 0x00, 0x38, 0x00, 0x38, 0x00, 0x30, 0x00, 0x30, 0x00, 0x70, 0x00, 
    0x70, 0x00, 0x60, 0x00, 0x60, 0x00, 0xe0, 0x00
};
static GX_CONST GX_UBYTE FONT_THEME_1_SYSTEM_char_30[40] =
{
    0x0f, 0x80, 0x3f, 0xe0, 0x38, 0xe0, 0x70, 0x70, 0x60, 0x30, 0xe0, 0x38, 0xe0, 
    0x38, 0xe0, 0x38, 0xc0, 0x18, 0xc0, 0x18, 0xc0, 0x18, 0xc0, 0x18, 0xe0, 0x38, 
    0xe0, 0x38, 0xe0, 0x38, 0x60, 0x30, 0x70, 0x70, 0x38, 0xe0, 0x3f, 0xe0, 0x0f, 
    0x80
};
static GX_CONST GX_UBYTE FONT_THEME_1_SYSTEM_char_31[20] =
{
    0xf8, 0xf8, 0x18, 0x18, 0x18, 0x18, 0x18, 0x18, 0x18, 0x18, 0x18, 0x18, 0x18, 
    0x18, 0x18, 0x18, 0x18, 0x18, 0x18, 0x18
};
static GX_CONST GX_UBYTE FONT_THEME_1_SYSTEM_char_32[40] =
{
    0x1f, 0x80, 0x3f, 0xc0, 0x70, 0xe0, 0xe0, 0x70, 0xe0, 0x70, 0xc0, 0x30, 0x00, 
    0x30, 0x00, 0x70, 0x00, 0x70, 0x00, 0xe0, 0x00, 0xe0, 0x01, 0xc0, 0x03, 0x80, 
    0x07, 0x00, 0x0e, 0x00, 0x1c, 0x00, 0x38, 0x00, 0x70, 0x00, 0xff, 0xf0, 0xff, 
    0xf0
};
static GX_CONST GX_UBYTE FONT_THEME_1_SYSTEM_char_33[40] =
{
    0x0f, 0x80, 0x3f, 0xe0, 0x78, 0xf0, 0x60, 0x70, 0x60, 0x30, 0x00, 0x30, 0x00, 
    0x30, 0x00, 0x70, 0x00, 0xe0, 0x0f, 0xc0, 0x0f, 0xc0, 0x00, 0xe0, 0x00, 0x70, 
    0x00, 0x30, 0xc0, 0x30, 0xe0, 0x30, 0x60, 0x70, 0x78, 0xf0, 0x3f, 0xe0, 0x0f, 
    0x80
};
static GX_CONST GX_UBYTE FONT_THEME_1_SYSTEM_char_34[40] =
{
    0x00, 0x70, 0x00, 0xf0, 0x00, 0xf0, 0x01, 0xb0, 0x03, 0xb0, 0x03, 0x30, 0x06, 
    0x30, 0x0e, 0x30, 0x0c, 0x30, 0x1c, 0x30, 0x38, 0x30, 0x30, 0x30, 0x70, 0x30, 
    0xe0, 0x30, 0xff, 0xfe, 0xff, 0xfe, 0x00, 0x30, 0x00, 0x30, 0x00, 0x30, 0x00, 
    0x30
};
static GX_CONST GX_UBYTE FONT_THEME_1_SYSTEM_char_35[40] =
{
    0xff, 0xe0, 0xff, 0xe0, 0xc0, 0x00, 0xc0, 0x00, 0xc0, 0x00, 0xc0, 0x00, 0xc0, 
    0x00, 0xcf, 0x80, 0xdf, 0xe0, 0xf0, 0xf0, 0xe0, 0x70, 0xc0, 0x30, 0x00, 0x30, 
    0x00, 0x30, 0x00, 0x30, 0xc0, 0x30, 0xe0, 0x70, 0x70, 0xe0, 0x3f, 0xc0, 0x1f, 
    0x80
};
static GX_CONST GX_UBYTE FONT_THEME_1_SYSTEM_char_36[40] =
{
    0x0f, 0x80, 0x3f, 0xe0, 0x38, 0xe0, 0x70, 0x70, 0x60, 0x30, 0xe0, 0x00, 0xe0, 
    0x00, 0xe7, 0xc0, 0xdf, 0xe0, 0xd8, 0x70, 0xf0, 0x30, 0xe0, 0x38, 0xe0, 0x38, 
    0xe0, 0x18, 0xe0, 0x38, 0x60, 0x38, 0x70, 0x30, 0x38, 0x70, 0x3f, 0xe0, 0x0f, 
    0xc0
};
static GX_CONST GX_UBYTE FONT_THEME_1_SYSTEM_char_37[38] =
{
    0xff, 0xf0, 0xff, 0xf0, 0x00, 0x30, 0x00, 0x60, 0x00, 0x60, 0x00, 0xc0, 0x00, 
    0xc0, 0x01, 0xc0, 0x01, 0x80, 0x01, 0x80, 0x03, 0x00, 0x03, 0x00, 0x07, 0x00, 
    0x06, 0x00, 0x06, 0x00, 0x0c, 0x00, 0x0c, 0x00, 0x1c, 0x00, 0x18, 0x00
};
static GX_CONST GX_UBYTE FONT_THEME_1_SYSTEM_char_38[40] =
{
    0x0f, 0xc0, 0x3f, 0xf0, 0x78, 0x70, 0x60, 0x38, 0x60, 0x18, 0x60, 0x18, 0x60, 
    0x38, 0x38, 0x70, 0x1f, 0xe0, 0x3f, 0xe0, 0x70, 0x70, 0xe0, 0x38, 0xe0, 0x18, 
    0xc0, 0x18, 0xc0, 0x18, 0xe0, 0x18, 0xe0, 0x38, 0x78, 0x70, 0x3f, 0xe0, 0x0f, 
    0xc0
};
static GX_CONST GX_UBYTE FONT_THEME_1_SYSTEM_char_39[40] =
{
    0x0f, 0x80, 0x3f, 0xe0, 0x78, 0xf0, 0x60, 0x30, 0xe0, 0x30, 0xe0, 0x38, 0xc0, 
    0x18, 0xc0, 0x38, 0xe0, 0x38, 0x60, 0x38, 0x78, 0xf8, 0x3f, 0xd8, 0x1f, 0x98, 
    0x00, 0x18, 0x00, 0x38, 0x60, 0x30, 0x70, 0x30, 0x78, 0xf0, 0x3f, 0xe0, 0x0f, 
    0x80
};
static GX_CONST GX_UBYTE FONT_THEME_1_SYSTEM_char_3a[15] =
{
    0xe0, 0xe0, 0xe0, 0x00, 0x00, 0x00, 0x00, 0x00, 0x00, 0x00, 0x00, 0x00, 0xe0, 
    0xe0, 0xe0
};
static GX_CONST GX_UBYTE FONT_THEME_1_SYSTEM_char_3b[18] =
{
    0x70, 0x70, 0x70, 0x00, 0x00, 0x00, 0x00, 0x00, 0x00, 0x00, 0x00, 0x30, 0x70, 
    0x60, 0x60, 0xc0, 0xc0, 0xc0
};
static GX_CONST GX_UBYTE FONT_THEME_1_SYSTEM_char_3c[24] =
{
    0x03, 0x80, 0x07, 0x00, 0x0e, 0x00, 0x1c, 0x00, 0x38, 0x00, 0x70, 0x00, 0x70, 
    0x00, 0x38, 0x00, 0x1c, 0x00, 0x0e, 0x00, 0x07, 0x00, 0x03, 0x80
};
static GX_CONST GX_UBYTE FONT_THEME_1_SYSTEM_char_3d[16] =
{
    0xff, 0xfc, 0xff, 0xfc, 0x00, 0x00, 0x00, 0x00, 0x00, 0x00, 0x00, 0x00, 0xff, 
    0xfc, 0xff, 0xfc
};
static GX_CONST GX_UBYTE FONT_THEME_1_SYSTEM_char_3e[24] =
{
    0x70, 0x00, 0x38, 0x00, 0x1c, 0x00, 0x0e, 0x00, 0x07, 0x00, 0x03, 0x80, 0x03, 
    0x80, 0x07, 0x00, 0x0e, 0x00, 0x1c, 0x00, 0x38, 0x00, 0x70, 0x00
};
static GX_CONST GX_UBYTE FONT_THEME_1_SYSTEM_char_3f[38] =
{
    0x1f, 0x00, 0x7f, 0xc0, 0x71, 0xe0, 0xe0, 0xe0, 0xc0, 0x60, 0x00, 0x60, 0x00, 
    0x60, 0x00, 0xe0, 0x01, 0xe0, 0x1f, 0xc0, 0x1f, 0x80, 0x18, 0x00, 0x18, 0x00, 
    0x18, 0x00, 0x00, 0x00, 0x00, 0x00, 0x18, 0x00, 0x38, 0x00, 0x18, 0x00
};
static GX_CONST GX_UBYTE FONT_THEME_1_SYSTEM_char_40[69] =
{
    0x00, 0x7f, 0x80, 0x01, 0xff, 0xe0, 0x07, 0xc0, 0xf0, 0x0f, 0x00, 0x38, 0x1c, 
    0x00, 0x1c, 0x38, 0x00, 0x0c, 0x38, 0x7d, 0x8e, 0x71, 0xff, 0x8e, 0x61, 0xc7, 
    0x86, 0x63, 0x83, 0x86, 0xe7, 0x03, 0x86, 0xe7, 0x03, 0x0e, 0xc6, 0x03, 0x0e, 
    0xc6, 0x03, 0x0c, 0xc7, 0x07, 0x1c, 0xe7, 0x8f, 0x18, 0xe3, 0xfb, 0xf0, 0x61, 
    0xf1, 0xe0, 0x70, 0x00, 0x00, 0x38, 0x00, 0x00, 0x3e, 0x04, 0x00, 0x0f, 0xfc, 
    0x00, 0x07, 0xf8, 0x00
};
static GX_CONST GX_UBYTE FONT_THEME_1_SYSTEM_char_41[38] =
{
    0x03, 0x80, 0x03, 0xc0, 0x03, 0xc0, 0x07, 0xc0, 0x06, 0xe0, 0x0e, 0x60, 0x0e, 
    0x60, 0x0c, 0x70, 0x1c, 0x30, 0x1c, 0x30, 0x18, 0x38, 0x38, 0x18, 0x38, 0x18, 
    0x3f, 0xfc, 0x7f, 0xfc, 0x70, 0x0c, 0x60, 0x0e, 0xe0, 0x06, 0xe0, 0x07
};
static GX_CONST GX_UBYTE FONT_THEME_1_SYSTEM_char_42[38] =
{
    0xff, 0x80, 0xff, 0xe0, 0xc0, 0xf0, 0xc0, 0x30, 0xc0, 0x30, 0xc0, 0x30, 0xc0, 
    0x30, 0xc0, 0x70, 0xff, 0xc0, 0xff, 0xc0, 0xc0, 0xe0, 0xc0, 0x70, 0xc0, 0x30, 
    0xc0, 0x30, 0xc0, 0x30, 0xc0, 0x70, 0xc0, 0xf0, 0xff, 0xe0, 0xff, 0x80
};
static GX_CONST GX_UBYTE FONT_THEME_1_SYSTEM_char_43[57] =
{
    0x03, 0xf0, 0x00, 0x0f, 0xfc, 0x00, 0x1e, 0x1e, 0x00, 0x38, 0x07, 0x00, 0x70, 
    0x03, 0x80, 0x60, 0x01, 0x80, 0xe0, 0x00, 0x00, 0xe0, 0x00, 0x00, 0xc0, 0x00, 
    0x00, 0xc0, 0x00, 0x00, 0xc0, 0x00, 0x00, 0xe0, 0x00, 0x00, 0xe0, 0x00, 0x00, 
    0x60, 0x01, 0x80, 0x70, 0x03, 0x80, 0x38, 0x07, 0x00, 0x1e, 0x1e, 0x00, 0x0f, 
    0xfc, 0x00, 0x03, 0xf0, 0x00
};
static GX_CONST GX_UBYTE FONT_THEME_1_SYSTEM_char_44[38] =
{
    0xff, 0x80, 0xff, 0xe0, 0xc0, 0xf8, 0xc0, 0x3c, 0xc0, 0x1c, 0xc0, 0x0e, 0xc0, 
    0x06, 0xc0, 0x06, 0xc0, 0x06, 0xc0, 0x06, 0xc0, 0x06, 0xc0, 0x06, 0xc0, 0x06, 
    0xc0, 0x0e, 0xc0, 0x0c, 0xc0, 0x1c, 0xc0, 0xf8, 0xff, 0xf0, 0xff, 0x80
};
static GX_CONST GX_UBYTE FONT_THEME_1_SYSTEM_char_45[38] =
{
    0xff, 0xc0, 0xff, 0xc0, 0xc0, 0x00, 0xc0, 0x00, 0xc0, 0x00, 0xc0, 0x00, 0xc0, 
    0x00, 0xc0, 0x00, 0xc0, 0x00, 0xff, 0x80, 0xff, 0x80, 0xc0, 0x00, 0xc0, 0x00, 
    0xc0, 0x00, 0xc0, 0x00, 0xc0, 0x00, 0xc0, 0x00, 0xff, 0xc0, 0xff, 0xc0
};
static GX_CONST GX_UBYTE FONT_THEME_1_SYSTEM_char_46[38] =
{
    0xff, 0xe0, 0xff, 0xe0, 0xc0, 0x00, 0xc0, 0x00, 0xc0, 0x00, 0xc0, 0x00, 0xc0, 
    0x00, 0xc0, 0x00, 0xc0, 0x00, 0xff, 0x80, 0xff, 0x80, 0xc0, 0x00, 0xc0, 0x00, 
    0xc0, 0x00, 0xc0, 0x00, 0xc0, 0x00, 0xc0, 0x00, 0xc0, 0x00, 0xc0, 0x00
};
static GX_CONST GX_UBYTE FONT_THEME_1_SYSTEM_char_47[57] =
{
    0x03, 0xf0, 0x00, 0x0f, 0xfc, 0x00, 0x1e, 0x1e, 0x00, 0x38, 0x07, 0x00, 0x70, 
    0x03, 0x80, 0x60, 0x03, 0x80, 0xe0, 0x00, 0x00, 0xe0, 0x00, 0x00, 0xc0, 0x00, 
    0x00, 0xc0, 0xff, 0xc0, 0xc0, 0xff, 0xc0, 0xe0, 0x01, 0xc0, 0xe0, 0x01, 0xc0, 
    0x60, 0x01, 0x80, 0x70, 0x03, 0x80, 0x38, 0x07, 0x00, 0x1e, 0x1e, 0x00, 0x0f, 
    0xfc, 0x00, 0x03, 0xf0, 0x00
};
static GX_CONST GX_UBYTE FONT_THEME_1_SYSTEM_char_48[38] =
{
    0xc0, 0x0c, 0xc0, 0x0c, 0xc0, 0x0c, 0xc0, 0x0c, 0xc0, 0x0c, 0xc0, 0x0c, 0xc0, 
    0x0c, 0xc0, 0x0c, 0xff, 0xfc, 0xff, 0xfc, 0xc0, 0x0c, 0xc0, 0x0c, 0xc0, 0x0c, 
    0xc0, 0x0c, 0xc0, 0x0c, 0xc0, 0x0c, 0xc0, 0x0c, 0xc0, 0x0c, 0xc0, 0x0c
};
static GX_CONST GX_UBYTE FONT_THEME_1_SYSTEM_char_49[19] =
{
    0xc0, 0xc0, 0xc0, 0xc0, 0xc0, 0xc0, 0xc0, 0xc0, 0xc0, 0xc0, 0xc0, 0xc0, 0xc0, 
    0xc0, 0xc0, 0xc0, 0xc0, 0xc0, 0xc0
};
static GX_CONST GX_UBYTE FONT_THEME_1_SYSTEM_char_4a[38] =
{
    0x00, 0xc0, 0x00, 0xc0, 0x00, 0xc0, 0x00, 0xc0, 0x00, 0xc0, 0x00, 0xc0, 0x00, 
    0xc0, 0x00, 0xc0, 0x00, 0xc0, 0x00, 0xc0, 0x00, 0xc0, 0x00, 0xc0, 0x00, 0xc0, 
    0x00, 0xc0, 0xc0, 0xc0, 0xe1, 0xc0, 0x73, 0x80, 0x7f, 0x80, 0x1e, 0x00
};
static GX_CONST GX_UBYTE FONT_THEME_1_SYSTEM_char_4b[38] =
{
    0xc0, 0x70, 0xc0, 0x70, 0xc0, 0xe0, 0xc1, 0xc0, 0xc3, 0x80, 0xc7, 0x00, 0xce, 
    0x00, 0xcc, 0x00, 0xdc, 0x00, 0xf8, 0x00, 0xdc, 0x00, 0xdc, 0x00, 0xce, 0x00, 
    0xc7, 0x00, 0xc3, 0x80, 0xc1, 0xc0, 0xc0, 0xe0, 0xc0, 0x70, 0xc0, 0x78
};
static GX_CONST GX_UBYTE FONT_THEME_1_SYSTEM_char_4c[38] =
{
    0xc0, 0x00, 0xc0, 0x00, 0xc0, 0x00, 0xc0, 0x00, 0xc0, 0x00, 0xc0, 0x00, 0xc0, 
    0x00, 0xc0, 0x00, 0xc0, 0x00, 0xc0, 0x00, 0xc0, 0x00, 0xc0, 0x00, 0xc0, 0x00, 
    0xc0, 0x00, 0xc0, 0x00, 0xc0, 0x00, 0xc0, 0x00, 0xff, 0x80, 0xff, 0x80
};
static GX_CONST GX_UBYTE FONT_THEME_1_SYSTEM_char_4d[57] =
{
    0xe0, 0x00, 0xc0, 0xe0, 0x01, 0xc0, 0xf0, 0x01, 0xc0, 0xf0, 0x03, 0xc0, 0xf0, 
    0x03, 0xc0, 0xd8, 0x03, 0xc0, 0xd8, 0x06, 0xc0, 0xcc, 0x06, 0xc0, 0xcc, 0x0c, 
    0xc0, 0xce, 0x0c, 0xc0, 0xc6, 0x1c, 0xc0, 0xc6, 0x18, 0xc0, 0xc3, 0x18, 0xc0, 
    0xc3, 0x30, 0xc0, 0xc1, 0xb0, 0xc0, 0xc1, 0xf0, 0xc0, 0xc1, 0xe0, 0xc0, 0xc0, 
    0xe0, 0xc0, 0xc0, 0xc0, 0xc0
};
static GX_CONST GX_UBYTE FONT_THEME_1_SYSTEM_char_4e[38] =
{
    0xe0, 0x0c, 0xe0, 0x0c, 0xf0, 0x0c, 0xf8, 0x0c, 0xd8, 0x0c, 0xdc, 0x0c, 0xce, 
    0x0c, 0xc6, 0x0c, 0xc7, 0x0c, 0xc3, 0x0c, 0xc1, 0x8c, 0xc1, 0xcc, 0xc0, 0xcc, 
    0xc0, 0xec, 0xc0, 0x7c, 0xc0, 0x3c, 0xc0, 0x3c, 0xc0, 0x1c, 0xc0, 0x0c
};
static GX_CONST GX_UBYTE FONT_THEME_1_SYSTEM_char_4f[57] =
{
    0x03, 0xf0, 0x00, 0x0f, 0xfc, 0x00, 0x1e, 0x1e, 0x00, 0x38, 0x07, 0x00, 0x70, 
    0x03, 0x80, 0x60, 0x01, 0x80, 0xe0, 0x01, 0xc0, 0xe0, 0x01, 0xc0, 0xc0, 0x00, 
    0xc0, 0xc0, 0x00, 0xc0, 0xc0, 0x00, 0xc0, 0xe0, 0x01, 0xc0, 0xe0, 0x01, 0xc0, 
    0x60, 0x01, 0x80, 0x70, 0x03, 0x80, 0x38, 0x07, 0x00, 0x1e, 0x1e, 0x00, 0x0f, 
    0xfc, 0x00, 0x03, 0xf0, 0x00
};
static GX_CONST GX_UBYTE FONT_THEME_1_SYSTEM_char_50[38] =
{
    0xff, 0x80, 0xff, 0xc0, 0xc0, 0xe0, 0xc0, 0x70, 0xc0, 0x70, 0xc0, 0x30, 0xc0, 
    0x70, 0xc0, 0x70, 0xc0, 0xe0, 0xff, 0xe0, 0xff, 0x80, 0xc0, 0x00, 0xc0, 0x00, 
    0xc0, 0x00, 0xc0, 0x00, 0xc0, 0x00, 0xc0, 0x00, 0xc0, 0x00, 0xc0, 0x00
};
static GX_CONST GX_UBYTE FONT_THEME_1_SYSTEM_char_51[69] =
{
    0x03, 0xf0, 0x00, 0x0f, 0xfc, 0x00, 0x1e, 0x1e, 0x00, 0x38, 0x07, 0x00, 0x70, 
    0x03, 0x80, 0x60, 0x01, 0x80, 0xe0, 0x01, 0xc0, 0xe0, 0x01, 0xc0, 0xc0, 0x00, 
    0xc0, 0xc0, 0x00, 0xc0, 0xc0, 0x00, 0xc0, 0xe0, 0x01, 0xc0, 0xe0, 0x01, 0xc0, 
    0x60, 0x01, 0x80, 0x70, 0x03, 0x80, 0x38, 0x07, 0x00, 0x1e, 0x1e, 0x00, 0x0f, 
    0xfc, 0x00, 0x03, 0xfe, 0x00, 0x00, 0x0e, 0x00, 0x00, 0x07, 0x00, 0x00, 0x03, 
    0x80, 0x00, 0x01, 0xc0
};
static GX_CONST GX_UBYTE FONT_THEME_1_SYSTEM_char_52[38] =
{
    0xff, 0x80, 0xff, 0xc0, 0xc0, 0xe0, 0xc0, 0x70, 0xc0, 0x70, 0xc0, 0x30, 0xc0, 
    0x70, 0xc0, 0x70, 0xc0, 0xe0, 0xff, 0xc0, 0xff, 0x80, 0xc7, 0x00, 0xc3, 0x80, 
    0xc3, 0x80, 0xc1, 0xc0, 0xc0, 0xc0, 0xc0, 0xe0, 0xc0, 0x60, 0xc0, 0x70
};
static GX_CONST GX_UBYTE FONT_THEME_1_SYSTEM_char_53[38] =
{
    0x1f, 0x80, 0x3f, 0xe0, 0x70, 0xe0, 0xe0, 0x70, 0xc0, 0x30, 0xc0, 0x00, 0xe0, 
    0x00, 0x70, 0x00, 0x7e, 0x00, 0x1f, 0xc0, 0x03, 0xe0, 0x00, 0x70, 0x00, 0x30, 
    0x00, 0x30, 0xe0, 0x30, 0xe0, 0x70, 0x70, 0xf0, 0x3f, 0xe0, 0x1f, 0x80
};
static GX_CONST GX_UBYTE FONT_THEME_1_SYSTEM_char_54[38] =
{
    0xff, 0xf0, 0xff, 0xf0, 0x06, 0x00, 0x06, 0x00, 0x06, 0x00, 0x06, 0x00, 0x06, 
    0x00, 0x06, 0x00, 0x06, 0x00, 0x06, 0x00, 0x06, 0x00, 0x06, 0x00, 0x06, 0x00, 
    0x06, 0x00, 0x06, 0x00, 0x06, 0x00, 0x06, 0x00, 0x06, 0x00, 0x06, 0x00
};
static GX_CONST GX_UBYTE FONT_THEME_1_SYSTEM_char_55[38] =
{
    0xc0, 0x18, 0xc0, 0x18, 0xc0, 0x18, 0xc0, 0x18, 0xc0, 0x18, 0xc0, 0x18, 0xc0, 
    0x18, 0xc0, 0x18, 0xc0, 0x18, 0xc0, 0x18, 0xc0, 0x18, 0xc0, 0x18, 0xc0, 0x18, 
    0xe0, 0x18, 0xe0, 0x18, 0x60, 0x38, 0x78, 0x70, 0x3f, 0xe0, 0x0f, 0xc0
};
static GX_CONST GX_UBYTE FONT_THEME_1_SYSTEM_char_56[38] =
{
    0xc0, 0x07, 0xe0, 0x06, 0xe0, 0x06, 0x60, 0x0e, 0x70, 0x0c, 0x30, 0x0c, 0x30, 
    0x1c, 0x38, 0x18, 0x18, 0x18, 0x18, 0x38, 0x1c, 0x30, 0x0c, 0x70, 0x0c, 0x60, 
    0x0e, 0x60, 0x06, 0xe0, 0x06, 0xc0, 0x07, 0xc0, 0x03, 0xc0, 0x03, 0x80
};
static GX_CONST GX_UBYTE FONT_THEME_1_SYSTEM_char_57[57] =
{
    0xc0, 0x38, 0x07, 0xc0, 0x38, 0x06, 0xe0, 0x3c, 0x06, 0x60, 0x7c, 0x0e, 0x60, 
    0x6c, 0x0e, 0x60, 0x6e, 0x0c, 0x70, 0x6e, 0x0c, 0x30, 0xe6, 0x1c, 0x30, 0xc6, 
    0x18, 0x30, 0xc7, 0x18, 0x38, 0xc3, 0x18, 0x19, 0x83, 0x38, 0x19, 0x83, 0x30, 
    0x19, 0x83, 0xb0, 0x1d, 0x81, 0xb0, 0x0f, 0x01, 0xf0, 0x0f, 0x01, 0xe0, 0x0f, 
    0x01, 0xe0, 0x06, 0x00, 0xe0
};
static GX_CONST GX_UBYTE FONT_THEME_1_SYSTEM_char_58[38] =
{
    0xe0, 0x1c, 0x70, 0x38, 0x30, 0x38, 0x38, 0x70, 0x18, 0x60, 0x1c, 0xe0, 0x0e, 
    0xc0, 0x07, 0xc0, 0x07, 0x80, 0x03, 0x00, 0x07, 0x80, 0x07, 0xc0, 0x0d, 0xc0, 
    0x1c, 0xe0, 0x18, 0x60, 0x38, 0x70, 0x30, 0x38, 0x70, 0x38, 0xe0, 0x1c
};
static GX_CONST GX_UBYTE FONT_THEME_1_SYSTEM_char_59[38] =
{
    0xe0, 0x1c, 0x60, 0x1c, 0x70, 0x18, 0x30, 0x38, 0x38, 0x30, 0x18, 0x70, 0x1c, 
    0x60, 0x0c, 0xe0, 0x0e, 0xc0, 0x07, 0xc0, 0x07, 0x80, 0x03, 0x80, 0x03, 0x00, 
    0x03, 0x00, 0x03, 0x00, 0x03, 0x00, 0x03, 0x00, 0x03, 0x00, 0x03, 0x00
};
static GX_CONST GX_UBYTE FONT_THEME_1_SYSTEM_char_5a[38] =
{
    0xff, 0xf0, 0xff, 0xf0, 0x00, 0x70, 0x00, 0xe0, 0x00, 0xc0, 0x01, 0xc0, 0x03, 
    0x80, 0x03, 0x80, 0x07, 0x00, 0x06, 0x00, 0x0e, 0x00, 0x1c, 0x00, 0x1c, 0x00, 
    0x38, 0x00, 0x30, 0x00, 0x70, 0x00, 0xe0, 0x00, 0xff, 0xf0, 0xff, 0xf0
};
static GX_CONST GX_UBYTE FONT_THEME_1_SYSTEM_char_5b[30] =
{
    0xf8, 0xf8, 0xc0, 0xc0, 0xc0, 0xc0, 0xc0, 0xc0, 0xc0, 0xc0, 0xc0, 0xc0, 0xc0, 
    0xc0, 0xc0, 0xc0, 0xc0, 0xc0, 0xc0, 0xc0, 0xc0, 0xc0, 0xc0, 0xc0, 0xc0, 0xc0, 
    0xc0, 0xc0, 0xf8, 0xf8
};
static GX_CONST GX_UBYTE FONT_THEME_1_SYSTEM_char_5c[60] =
{
    0x60, 0x00, 0x60, 0x00, 0x60, 0x00, 0x70, 0x00, 0x30, 0x00, 0x30, 0x00, 0x38, 
    0x00, 0x38, 0x00, 0x18, 0x00, 0x18, 0x00, 0x1c, 0x00, 0x0c, 0x00, 0x0c, 0x00, 
    0x0c, 0x00, 0x0e, 0x00, 0x06, 0x00, 0x06, 0x00, 0x07, 0x00, 0x07, 0x00, 0x03, 
    0x00, 0x03, 0x00, 0x03, 0x80, 0x01, 0x80, 0x01, 0x80, 0x01, 0x80, 0x01, 0xc0, 
    0x00, 0xc0, 0x00, 0xc0, 0x00, 0xc0, 0x00, 0xe0
};
static GX_CONST GX_UBYTE FONT_THEME_1_SYSTEM_char_5d[30] =
{
    0xf8, 0xf8, 0x18, 0x18, 0x18, 0x18, 0x18, 0x18, 0x18, 0x18, 0x18, 0x18, 0x18, 
    0x18, 0x18, 0x18, 0x18, 0x18, 0x18, 0x18, 0x18, 0x18, 0x18, 0x18, 0x18, 0x18, 
    0x18, 0x18, 0xf8, 0xf8
};
static GX_CONST GX_UBYTE FONT_THEME_1_SYSTEM_char_5e[28] =
{
    0x03, 0x80, 0x07, 0x80, 0x07, 0x80, 0x07, 0xc0, 0x0e, 0xc0, 0x0c, 0xe0, 0x1c, 
    0x60, 0x18, 0x70, 0x38, 0x30, 0x30, 0x30, 0x70, 0x38, 0x70, 0x18, 0x60, 0x1c, 
    0xe0, 0x0c
};
static GX_CONST GX_UBYTE FONT_THEME_1_SYSTEM_char_5f[4] =
{
    0xff, 0xfc, 0xff, 0xfc
};
static GX_CONST GX_UBYTE FONT_THEME_1_SYSTEM_char_60[5] =
{
    0x80, 0xe0, 0x70, 0x1c, 0x0c
};
static GX_CONST GX_UBYTE FONT_THEME_1_SYSTEM_char_61[30] =
{
    0x0f, 0x8c, 0x3f, 0xec, 0x38, 0x7c, 0x70, 0x3c, 0xe0, 0x1c, 0xe0, 0x0c, 0xc0, 
    0x0c, 0xc0, 0x0c, 0xc0, 0x0c, 0xe0, 0x0c, 0xe0, 0x1c, 0x70, 0x3c, 0x38, 0x7c, 
    0x1f, 0xec, 0x0f, 0x8c
};
static GX_CONST GX_UBYTE FONT_THEME_1_SYSTEM_char_62[40] =
{
    0xc0, 0x00, 0xc0, 0x00, 0xc0, 0x00, 0xc0, 0x00, 0xc0, 0x00, 0xc7, 0xc0, 0xcf, 
    0xf0, 0xd8, 0x78, 0xf0, 0x1c, 0xe0, 0x1c, 0xe0, 0x0c, 0xc0, 0x0c, 0xc0, 0x0c, 
    0xc0, 0x0c, 0xe0, 0x0c, 0xe0, 0x1c, 0xf0, 0x38, 0xd8, 0x78, 0xcf, 0xf0, 0xc7, 
    0xc0
};
static GX_CONST GX_UBYTE FONT_THEME_1_SYSTEM_char_63[30] =
{
    0x0f, 0xc0, 0x1f, 0xf0, 0x38, 0x70, 0x70, 0x38, 0xe0, 0x18, 0xe0, 0x00, 0xc0, 
    0x00, 0xc0, 0x00, 0xc0, 0x00, 0xe0, 0x00, 0xe0, 0x18, 0x70, 0x38, 0x38, 0x70, 
    0x1f, 0xe0, 0x0f, 0xc0
};
static GX_CONST GX_UBYTE FONT_THEME_1_SYSTEM_char_64[40] =
{
    0x00, 0x0c, 0x00, 0x0c, 0x00, 0x0c, 0x00, 0x0c, 0x00, 0x0c, 0x0f, 0x8c, 0x3f, 
    0xec, 0x38, 0x7c, 0x70, 0x3c, 0xe0, 0x1c, 0xe0, 0x0c, 0xc0, 0x0c, 0xc0, 0x0c, 
    0xc0, 0x0c, 0xe0, 0x0c, 0xe0, 0x1c, 0x70, 0x3c, 0x38, 0x7c, 0x1f, 0xec, 0x0f, 
    0x8c
};
static GX_CONST GX_UBYTE FONT_THEME_1_SYSTEM_char_65[30] =
{
    0x0f, 0xc0, 0x1f, 0xf0, 0x38, 0x78, 0x70, 0x18, 0xe0, 0x1c, 0xc0, 0x0c, 0xff, 
    0xfc, 0xff, 0xfc, 0xc0, 0x00, 0xe0, 0x00, 0xe0, 0x1c, 0x70, 0x38, 0x38, 0x78, 
    0x1f, 0xf0, 0x0f, 0xc0
};
static GX_CONST GX_UBYTE FONT_THEME_1_SYSTEM_char_66[21] =
{
    0x00, 0x1e, 0x3e, 0x38, 0x30, 0x30, 0xfe, 0xfe, 0x30, 0x30, 0x30, 0x30, 0x30, 
    0x30, 0x30, 0x30, 0x30, 0x30, 0x30, 0x30, 0x30
};
static GX_CONST GX_UBYTE FONT_THEME_1_SYSTEM_char_67[44] =
{
    0x0f, 0x8c, 0x3f, 0xec, 0x38, 0x7c, 0x70, 0x3c, 0xe0, 0x1c, 0xe0, 0x0c, 0xc0, 
    0x0c, 0xc0, 0x0c, 0xc0, 0x0c, 0xe0, 0x0c, 0xe0, 0x1c, 0x70, 0x3c, 0x38, 0x7c, 
    0x1f, 0xec, 0x0f, 0x8c, 0x00, 0x0c, 0x00, 0x0c, 0x60, 0x0c, 0x70, 0x1c, 0x3c, 
    0x78, 0x1f, 0xf0, 0x0f, 0xc0
};
static GX_CONST GX_UBYTE FONT_THEME_1_SYSTEM_char_68[40] =
{
    0xc0, 0x00, 0xc0, 0x00, 0xc0, 0x00, 0xc0, 0x00, 0xc0, 0x00, 0xc7, 0xc0, 0xdf, 
    0xe0, 0xf8, 0xf0, 0xe0, 0x38, 0xe0, 0x38, 0xe0, 0x38, 0xc0, 0x18, 0xc0, 0x18, 
    0xc0, 0x18, 0xc0, 0x18, 0xc0, 0x18, 0xc0, 0x18, 0xc0, 0x18, 0xc0, 0x18, 0xc0, 
    0x18
};
static GX_CONST GX_UBYTE FONT_THEME_1_SYSTEM_char_69[21] =
{
    0x00, 0xe0, 0xe0, 0x40, 0x00, 0x00, 0x60, 0x60, 0x60, 0x60, 0x60, 0x60, 0x60, 
    0x60, 0x60, 0x60, 0x60, 0x60, 0x60, 0x60, 0x60
};
static GX_CONST GX_UBYTE FONT_THEME_1_SYSTEM_char_6a[28] =
{
    0x08, 0x1c, 0x1c, 0x08, 0x00, 0x00, 0x0c, 0x0c, 0x0c, 0x0c, 0x0c, 0x0c, 0x0c, 
    0x0c, 0x0c, 0x0c, 0x0c, 0x0c, 0x0c, 0x0c, 0x0c, 0x0c, 0x0c, 0x0c, 0x0c, 0x1c, 
    0xf8, 0xf0
};
static GX_CONST GX_UBYTE FONT_THEME_1_SYSTEM_char_6b[40] =
{
    0xc0, 0x00, 0xc0, 0x00, 0xc0, 0x00, 0xc0, 0x00, 0xc0, 0x00, 0xc1, 0xe0, 0xc1, 
    0xc0, 0xc3, 0x80, 0xc7, 0x00, 0xce, 0x00, 0xdc, 0x00, 0xd8, 0x00, 0xf8, 0x00, 
    0xd8, 0x00, 0xdc, 0x00, 0xce, 0x00, 0xc7, 0x00, 0xc3, 0x80, 0xc1, 0xc0, 0xc0, 
    0xe0
};
static GX_CONST GX_UBYTE FONT_THEME_1_SYSTEM_char_6c[20] =
{
    0xc0, 0xc0, 0xc0, 0xc0, 0xc0, 0xc0, 0xc0, 0xc0, 0xc0, 0xc0, 0xc0, 0xc0, 0xc0, 
    0xc0, 0xc0, 0xc0, 0xc0, 0xc0, 0xc0, 0xc0
};
static GX_CONST GX_UBYTE FONT_THEME_1_SYSTEM_char_6d[45] =
{
    0xcf, 0x83, 0xe0, 0xdf, 0xe7, 0xf8, 0xf8, 0xee, 0x38, 0xe0, 0x78, 0x1c, 0xe0, 
    0x38, 0x0c, 0xe0, 0x38, 0x0c, 0xc0, 0x30, 0x0c, 0xc0, 0x30, 0x0c, 0xc0, 0x30, 
    0x0c, 0xc0, 0x30, 0x0c, 0xc0, 0x30, 0x0c, 0xc0, 0x30, 0x0c, 0xc0, 0x30, 0x0c, 
    0xc0, 0x30, 0x0c, 0xc0, 0x30, 0x0c
};
static GX_CONST GX_UBYTE FONT_THEME_1_SYSTEM_char_6e[30] =
{
    0xc7, 0xc0, 0xdf, 0xe0, 0xf8, 0xf0, 0xe0, 0x38, 0xe0, 0x38, 0xe0, 0x38, 0xc0, 
    0x18, 0xc0, 0x18, 0xc0, 0x18, 0xc0, 0x18, 0xc0, 0x18, 0xc0, 0x18, 0xc0, 0x18, 
    0xc0, 0x18, 0xc0, 0x18
};
static GX_CONST GX_UBYTE FONT_THEME_1_SYSTEM_char_6f[30] =
{
    0x0f, 0xc0, 0x1f, 0xf0, 0x38, 0x78, 0x70, 0x18, 0xe0, 0x1c, 0xe0, 0x0c, 0xc0, 
    0x0c, 0xc0, 0x0c, 0xc0, 0x0c, 0xe0, 0x0c, 0xe0, 0x1c, 0x70, 0x38, 0x38, 0x78, 
    0x1f, 0xf0, 0x0f, 0xc0
};
static GX_CONST GX_UBYTE FONT_THEME_1_SYSTEM_char_70[44] =
{
    0xc7, 0xc0, 0xcf, 0xf0, 0xd8, 0x78, 0xf0, 0x1c, 0xe0, 0x1c, 0xe0, 0x0c, 0xc0, 
    0x0c, 0xc0, 0x0c, 0xc0, 0x0c, 0xe0, 0x0c, 0xe0, 0x1c, 0xf0, 0x38, 0xd8, 0x78, 
    0xcf, 0xf0, 0xc7, 0xc0, 0xc0, 0x00, 0xc0, 0x00, 0xc0, 0x00, 0xc0, 0x00, 0xc0, 
    0x00, 0xc0, 0x00, 0xc0, 0x00
};
static GX_CONST GX_UBYTE FONT_THEME_1_SYSTEM_char_71[44] =
{
    0x0f, 0x8c, 0x3f, 0xec, 0x38, 0x7c, 0x70, 0x3c, 0xe0, 0x1c, 0xe0, 0x0c, 0xc0, 
    0x0c, 0xc0, 0x0c, 0xc0, 0x0c, 0xe0, 0x0c, 0xe0, 0x1c, 0x70, 0x3c, 0x38, 0x7c, 
    0x1f, 0xec, 0x0f, 0x8c, 0x00, 0x0c, 0x00, 0x0c, 0x00, 0x0c, 0x00, 0x0c, 0x00, 
    0x0c, 0x00, 0x0c, 0x00, 0x0c
};
static GX_CONST GX_UBYTE FONT_THEME_1_SYSTEM_char_72[15] =
{
    0xce, 0xde, 0xf8, 0xe0, 0xe0, 0xe0, 0xc0, 0xc0, 0xc0, 0xc0, 0xc0, 0xc0, 0xc0, 
    0xc0, 0xc0
};
static GX_CONST GX_UBYTE FONT_THEME_1_SYSTEM_char_73[30] =
{
    0x0f, 0x80, 0x3f, 0xc0, 0x70, 0xe0, 0x70, 0x60, 0x60, 0x60, 0x70, 0x00, 0x3c, 
    0x00, 0x1f, 0x80, 0x03, 0xe0, 0x00, 0xe0, 0xe0, 0x60, 0x70, 0x60, 0x78, 0xe0, 
    0x3f, 0xc0, 0x0f, 0x80
};
static GX_CONST GX_UBYTE FONT_THEME_1_SYSTEM_char_74[19] =
{
    0x30, 0x30, 0x30, 0x30, 0xff, 0xff, 0x30, 0x30, 0x30, 0x30, 0x30, 0x30, 0x30, 
    0x30, 0x30, 0x30, 0x38, 0x1f, 0x0f
};
static GX_CONST GX_UBYTE FONT_THEME_1_SYSTEM_char_75[30] =
{
    0xc0, 0x18, 0xc0, 0x18, 0xc0, 0x18, 0xc0, 0x18, 0xc0, 0x18, 0xc0, 0x18, 0xc0, 
    0x18, 0xc0, 0x18, 0xc0, 0x18, 0xe0, 0x38, 0xe0, 0x38, 0xe0, 0x38, 0x78, 0xf8, 
    0x3f, 0xd8, 0x1f, 0x18
};
static GX_CONST GX_UBYTE FONT_THEME_1_SYSTEM_char_76[30] =
{
    0xe0, 0x0c, 0x60, 0x1c, 0x70, 0x18, 0x30, 0x38, 0x30, 0x38, 0x38, 0x30, 0x18, 
    0x70, 0x1c, 0x60, 0x1c, 0x60, 0x0c, 0xe0, 0x0e, 0xc0, 0x06, 0xc0, 0x07, 0xc0, 
    0x07, 0x80, 0x03, 0x80
};
static GX_CONST GX_UBYTE FONT_THEME_1_SYSTEM_char_77[45] =
{
    0xe0, 0x70, 0x38, 0x60, 0x70, 0x38, 0x60, 0x78, 0x30, 0x70, 0x78, 0x30, 0x30, 
    0xd8, 0x70, 0x30, 0xd8, 0x60, 0x30, 0xcc, 0x60, 0x19, 0x8c, 0x60, 0x19, 0x8c, 
    0xc0, 0x19, 0x86, 0xc0, 0x19, 0x86, 0xc0, 0x0f, 0x06, 0xc0, 0x0f, 0x07, 0x80, 
    0x0f, 0x03, 0x80, 0x06, 0x03, 0x80
};
static GX_CONST GX_UBYTE FONT_THEME_1_SYSTEM_char_78[30] =
{
    0x60, 0x70, 0x70, 0x60, 0x38, 0xe0, 0x38, 0xc0, 0x1d, 0x80, 0x0f, 0x80, 0x0f, 
    0x00, 0x07, 0x00, 0x0f, 0x00, 0x0f, 0x80, 0x19, 0x80, 0x39, 0xc0, 0x30, 0xe0, 
    0x70, 0x60, 0x60, 0x70
};
static GX_CONST GX_UBYTE FONT_THEME_1_SYSTEM_char_79[44] =
{
    0x60, 0x0c, 0x60, 0x1c, 0x70, 0x18, 0x30, 0x18, 0x38, 0x38, 0x38, 0x30, 0x18, 
    0x70, 0x1c, 0x60, 0x0c, 0x60, 0x0c, 0xe0, 0x0e, 0xc0, 0x06, 0xc0, 0x07, 0x80, 
    0x03, 0x80, 0x03, 0x80, 0x03, 0x00, 0x07, 0x00, 0x06, 0x00, 0x06, 0x00, 0x0e, 
    0x00, 0x0c, 0x00, 0x1c, 0x00
};
static GX_CONST GX_UBYTE FONT_THEME_1_SYSTEM_char_7a[30] =
{
    0xff, 0xc0, 0xff, 0xc0, 0x01, 0xc0, 0x03, 0x80, 0x03, 0x00, 0x07, 0x00, 0x0e, 
    0x00, 0x0c, 0x00, 0x1c, 0x00, 0x38, 0x00, 0x30, 0x00, 0x70, 0x00, 0xe0, 0x00, 
    0xff, 0xc0, 0xff, 0xc0
};
static GX_CONST GX_UBYTE FONT_THEME_1_SYSTEM_char_7b[30] =
{
    0x0f, 0x1f, 0x38, 0x30, 0x30, 0x30, 0x30, 0x30, 0x38, 0x38, 0x18, 0x18, 0x38, 
    0x70, 0xe0, 0xe0, 0x70, 0x38, 0x18, 0x18, 0x38, 0x38, 0x30, 0x30, 0x30, 0x30, 
    0x30, 0x38, 0x1f, 0x0f
};
static GX_CONST GX_UBYTE FONT_THEME_1_SYSTEM_char_7c[25] =
{
    0xc0, 0xc0, 0xc0, 0xc0, 0xc0, 0xc0, 0xc0, 0xc0, 0xc0, 0xc0, 0xc0, 0xc0, 0xc0, 
    0xc0, 0xc0, 0xc0, 0xc0, 0xc0, 0xc0, 0xc0, 0xc0, 0xc0, 0xc0, 0xc0, 0xc0
};
static GX_CONST GX_UBYTE FONT_THEME_1_SYSTEM_char_7d[30] =
{
    0xf0, 0xf8, 0x1c, 0x0c, 0x0c, 0x0c, 0x0c, 0x0c, 0x1c, 0x1c, 0x18, 0x18, 0x1c, 
    0x0e, 0x07, 0x07, 0x0e, 0x1c, 0x18, 0x18, 0x1c, 0x1c, 0x0c, 0x0c, 0x0c, 0x0c, 
    0x0c, 0x1c, 0xf8, 0xf0
};
static GX_CONST GX_UBYTE FONT_THEME_1_SYSTEM_char_7e[8] =
{
    0x38, 0x20, 0x7e, 0x60, 0xc7, 0xe0, 0xc3, 0xc0
};
static GX_CONST GX_GLYPH THEME_1_SYSTEM_FONT_PAGE_1_GLYPHS[95] =
{
    {FONT_THEME_1_SYSTEM_char_20, 0, 0, 7, 0, 1, 1},
    {FONT_THEME_1_SYSTEM_char_21, 19, 0, 7, 2, 3, 19},
    {FONT_THEME_1_SYSTEM_char_22, 21, -16, 7, 1, 5, 5},
    {FONT_THEME_1_SYSTEM_char_23, 20, 0, 22, 1, 20, 20},
    {FONT_THEME_1_SYSTEM_char_24, 22, 2, 16, 2, 12, 24},
    {FONT_THEME_1_SYSTEM_char_25, 19, 0, 20, 1, 18, 19},
    {FONT_THEME_1_SYSTEM_char_26, 19, 0, 19, 1, 18, 19},
    {FONT_THEME_1_SYSTEM_char_27, 21, -16, 5, 1, 2, 5},
    {FONT_THEME_1_SYSTEM_char_28, 25, 5, 12, 3, 8, 30},
    {FONT_THEME_1_SYSTEM_char_29, 25, 5, 12, 1, 8, 30},
    {FONT_THEME_1_SYSTEM_char_2a, 20, -10, 13, 1, 9, 10},
    {FONT_THEME_1_SYSTEM_char_2b, 17, -3, 17, 2, 13, 14},
    {FONT_THEME_1_SYSTEM_char_2c, 3, 4, 5, -1, 4, 7},
    {FONT_THEME_1_SYSTEM_char_2d, 12, -9, 14, 2, 10, 2},
    {FONT_THEME_1_SYSTEM_char_2e, 3, 0, 5, 1, 3, 3},
    {FONT_THEME_1_SYSTEM_char_2f, 25, 5, 12, 1, 10, 30},
    {FONT_THEME_1_SYSTEM_char_30, 20, 0, 17, 2, 13, 20},
    {FONT_THEME_1_SYSTEM_char_31, 20, 0, 8, 0, 5, 20},
    {FONT_THEME_1_SYSTEM_char_32, 20, 0, 14, 1, 12, 20},
    {FONT_THEME_1_SYSTEM_char_33, 20, 0, 15, 1, 12, 20},
    {FONT_THEME_1_SYSTEM_char_34, 20, 0, 17, 1, 15, 20},
    {FONT_THEME_1_SYSTEM_char_35, 20, 0, 16, 1, 12, 20},
    {FONT_THEME_1_SYSTEM_char_36, 20, 0, 17, 2, 13, 20},
    {FONT_THEME_1_SYSTEM_char_37, 20, 0, 14, 1, 12, 19},
    {FONT_THEME_1_SYSTEM_char_38, 20, 0, 17, 2, 13, 20},
    {FONT_THEME_1_SYSTEM_char_39, 20, 0, 17, 2, 13, 20},
    {FONT_THEME_1_SYSTEM_char_3a, 15, 0, 5, 1, 3, 15},
    {FONT_THEME_1_SYSTEM_char_3b, 15, 3, 7, 0, 4, 18},
    {FONT_THEME_1_SYSTEM_char_3c, 16, -4, 14, 2, 9, 12},
    {FONT_THEME_1_SYSTEM_char_3d, 14, -6, 20, 3, 14, 8},
    {FONT_THEME_1_SYSTEM_char_3e, 16, -4, 14, 2, 10, 12},
    {FONT_THEME_1_SYSTEM_char_3f, 19, 0, 14, 1, 11, 19},
    {FONT_THEME_1_SYSTEM_char_40, 19, 6, 27, 2, 23, 23},
    {FONT_THEME_1_SYSTEM_char_41, 19, 0, 18, 0, 16, 19},
    {FONT_THEME_1_SYSTEM_char_42, 19, 0, 16, 2, 12, 19},
    {FONT_THEME_1_SYSTEM_char_43, 19, 0, 20, 1, 17, 19},
    {FONT_THEME_1_SYSTEM_char_44, 19, 0, 19, 2, 15, 19},
    {FONT_THEME_1_SYSTEM_char_45, 19, 0, 14, 2, 10, 19},
    {FONT_THEME_1_SYSTEM_char_46, 19, 0, 13, 2, 11, 19},
    {FONT_THEME_1_SYSTEM_char_47, 19, 0, 20, 1, 18, 19},
    {FONT_THEME_1_SYSTEM_char_48, 19, 0, 18, 2, 14, 19},
    {FONT_THEME_1_SYSTEM_char_49, 19, 0, 6, 2, 2, 19},
    {FONT_THEME_1_SYSTEM_char_4a, 19, 0, 14, 1, 10, 19},
    {FONT_THEME_1_SYSTEM_char_4b, 19, 0, 16, 2, 13, 19},
    {FONT_THEME_1_SYSTEM_char_4c, 19, 0, 11, 2, 9, 19},
    {FONT_THEME_1_SYSTEM_char_4d, 19, 0, 22, 2, 18, 19},
    {FONT_THEME_1_SYSTEM_char_4e, 19, 0, 18, 2, 14, 19},
    {FONT_THEME_1_SYSTEM_char_4f, 19, 0, 20, 1, 18, 19},
    {FONT_THEME_1_SYSTEM_char_50, 19, 0, 15, 2, 12, 19},
    {FONT_THEME_1_SYSTEM_char_51, 19, 4, 20, 1, 18, 23},
    {FONT_THEME_1_SYSTEM_char_52, 19, 0, 16, 2, 12, 19},
    {FONT_THEME_1_SYSTEM_char_53, 19, 0, 15, 1, 12, 19},
    {FONT_THEME_1_SYSTEM_char_54, 19, 0, 14, 1, 12, 19},
    {FONT_THEME_1_SYSTEM_char_55, 19, 0, 17, 2, 13, 19},
    {FONT_THEME_1_SYSTEM_char_56, 19, 0, 18, 0, 16, 19},
    {FONT_THEME_1_SYSTEM_char_57, 19, 0, 25, 0, 24, 19},
    {FONT_THEME_1_SYSTEM_char_58, 19, 0, 16, 1, 14, 19},
    {FONT_THEME_1_SYSTEM_char_59, 19, 0, 15, 0, 14, 19},
    {FONT_THEME_1_SYSTEM_char_5a, 19, 0, 14, 1, 12, 19},
    {FONT_THEME_1_SYSTEM_char_5b, 26, 5, 10, 3, 5, 30},
    {FONT_THEME_1_SYSTEM_char_5c, 25, 5, 17, 3, 11, 30},
    {FONT_THEME_1_SYSTEM_char_5d, 26, 5, 11, 2, 5, 30},
    {FONT_THEME_1_SYSTEM_char_5e, 19, -5, 16, 0, 14, 14},
    {FONT_THEME_1_SYSTEM_char_5f, 0, 3, 20, 3, 14, 2},
    {FONT_THEME_1_SYSTEM_char_60, 22, -15, 7, 1, 6, 5},
    {FONT_THEME_1_SYSTEM_char_61, 15, 0, 17, 1, 14, 15},
    {FONT_THEME_1_SYSTEM_char_62, 20, 0, 18, 2, 14, 20},
    {FONT_THEME_1_SYSTEM_char_63, 15, 0, 16, 1, 14, 15},
    {FONT_THEME_1_SYSTEM_char_64, 20, 0, 17, 1, 14, 20},
    {FONT_THEME_1_SYSTEM_char_65, 15, 0, 16, 1, 14, 15},
    {FONT_THEME_1_SYSTEM_char_66, 21, 0, 9, 1, 7, 21},
    {FONT_THEME_1_SYSTEM_char_67, 15, 7, 17, 1, 14, 22},
    {FONT_THEME_1_SYSTEM_char_68, 20, 0, 17, 2, 13, 20},
    {FONT_THEME_1_SYSTEM_char_69, 21, 0, 7, 2, 3, 21},
    {FONT_THEME_1_SYSTEM_char_6a, 21, 7, 7, -1, 6, 28},
    {FONT_THEME_1_SYSTEM_char_6b, 20, 0, 13, 2, 11, 20},
    {FONT_THEME_1_SYSTEM_char_6c, 20, 0, 6, 2, 2, 20},
    {FONT_THEME_1_SYSTEM_char_6d, 15, 0, 26, 2, 22, 15},
    {FONT_THEME_1_SYSTEM_char_6e, 15, 0, 17, 2, 13, 15},
    {FONT_THEME_1_SYSTEM_char_6f, 15, 0, 17, 1, 14, 15},
    {FONT_THEME_1_SYSTEM_char_70, 15, 7, 18, 2, 14, 22},
    {FONT_THEME_1_SYSTEM_char_71, 15, 7, 17, 1, 14, 22},
    {FONT_THEME_1_SYSTEM_char_72, 15, 0, 10, 2, 7, 15},
    {FONT_THEME_1_SYSTEM_char_73, 15, 0, 14, 1, 11, 15},
    {FONT_THEME_1_SYSTEM_char_74, 19, 0, 10, 1, 8, 19},
    {FONT_THEME_1_SYSTEM_char_75, 15, 0, 17, 2, 13, 15},
    {FONT_THEME_1_SYSTEM_char_76, 15, 0, 15, 0, 14, 15},
    {FONT_THEME_1_SYSTEM_char_77, 15, 0, 21, 0, 21, 15},
    {FONT_THEME_1_SYSTEM_char_78, 15, 0, 12, 0, 12, 15},
    {FONT_THEME_1_SYSTEM_char_79, 15, 7, 15, 0, 14, 22},
    {FONT_THEME_1_SYSTEM_char_7a, 15, 0, 12, 1, 10, 15},
    {FONT_THEME_1_SYSTEM_char_7b, 26, 5, 12, 3, 8, 30},
    {FONT_THEME_1_SYSTEM_char_7c, 22, 3, 8, 3, 2, 25},
    {FONT_THEME_1_SYSTEM_char_7d, 26, 5, 12, 1, 8, 30},
    {FONT_THEME_1_SYSTEM_char_7e, 11, -7, 14, 0, 12, 4}
};

static GX_CONST GX_FONT THEME_1_SYSTEM = 
{
    GX_FONT_FORMAT_1BPP,                     /* format                         */
    0,                                       /* line pre-space                 */
    0,                                       /* line post-space                */ 
    33,                                      /* font data height               */
    26,                                      /* font baseline offset           */
    0x20,                                    /* first glyph within data page   */
    0x7e,                                    /* last glyph within data page    */
    {THEME_1_SYSTEM_FONT_PAGE_1_GLYPHS},     /* pointer to glyph data          */
    GX_NULL                                  /* next font page                 */
};


/* Font THEME_1_BUTTON Data Definition                                         */

static GX_CONST GX_UBYTE FONT_THEME_1_BUTTON_char_20[1] =
{
    0x00
};
static GX_CONST GX_UBYTE FONT_THEME_1_BUTTON_char_21[13] =
{
    0xc0, 0xc0, 0xc0, 0xc0, 0xc0, 0xc0, 0xc0, 0xc0, 0xc0, 0x00, 0x00, 0xc0, 0xc0

};
static GX_CONST GX_UBYTE FONT_THEME_1_BUTTON_char_22[4] =
{
    0xf0, 0xf0, 0xf0, 0xf0
};
static GX_CONST GX_UBYTE FONT_THEME_1_BUTTON_char_23[26] =
{
    0x06, 0x30, 0x04, 0x30, 0x0c, 0x30, 0x7f, 0xfc, 0x0c, 0x60, 0x08, 0x60, 0x18, 
    0x60, 0x18, 0x60, 0xff, 0xf8, 0x10, 0xc0, 0x10, 0xc0, 0x30, 0xc0, 0x30, 0x80

};
static GX_CONST GX_UBYTE FONT_THEME_1_BUTTON_char_24[32] =
{
    0x08, 0x00, 0x3e, 0x00, 0x6f, 0x00, 0xcb, 0x00, 0xc8, 0x00, 0xc8, 0x00, 0x78, 
    0x00, 0x3e, 0x00, 0x0f, 0x00, 0x09, 0x80, 0x09, 0x80, 0xc9, 0x80, 0x6b, 0x00, 
    0x3e, 0x00, 0x08, 0x00, 0x08, 0x00
};
static GX_CONST GX_UBYTE FONT_THEME_1_BUTTON_char_25[26] =
{
    0x70, 0x40, 0xf8, 0x80, 0xcc, 0x80, 0xcd, 0x00, 0xc9, 0x00, 0x7a, 0x00, 0x02, 
    0x00, 0x04, 0x00, 0x0c, 0xe0, 0x09, 0xb0, 0x19, 0xb0, 0x11, 0xb0, 0x30, 0xe0

};
static GX_CONST GX_UBYTE FONT_THEME_1_BUTTON_char_26[26] =
{
    0x1e, 0x00, 0x3f, 0x00, 0x33, 0x00, 0x30, 0x00, 0x10, 0x00, 0x38, 0x00, 0x6c, 
    0x60, 0xc6, 0x60, 0xc3, 0xc0, 0xc1, 0xc0, 0xc1, 0xc0, 0x77, 0x60, 0x3e, 0x30

};
static GX_CONST GX_UBYTE FONT_THEME_1_BUTTON_char_27[4] =
{
    0xc0, 0xc0, 0xc0, 0xc0
};
static GX_CONST GX_UBYTE FONT_THEME_1_BUTTON_char_28[20] =
{
    0x08, 0x10, 0x30, 0x60, 0x60, 0x40, 0xc0, 0xc0, 0xc0, 0xc0, 0xc0, 0xc0, 0xc0, 
    0xc0, 0x40, 0x60, 0x60, 0x30, 0x30, 0x18
};
static GX_CONST GX_UBYTE FONT_THEME_1_BUTTON_char_29[20] =
{
    0xc0, 0x60, 0x30, 0x30, 0x18, 0x18, 0x08, 0x08, 0x0c, 0x0c, 0x0c, 0x0c, 0x0c, 
    0x08, 0x18, 0x18, 0x10, 0x30, 0x60, 0x40
};
static GX_CONST GX_UBYTE FONT_THEME_1_BUTTON_char_2a[7] =
{
    0x10, 0x10, 0xfc, 0x10, 0xfc, 0x10, 0x10
};
static GX_CONST GX_UBYTE FONT_THEME_1_BUTTON_char_2b[18] =
{
    0x0c, 0x00, 0x0c, 0x00, 0x0c, 0x00, 0x0c, 0x00, 0xff, 0x80, 0x0c, 0x00, 0x0c, 
    0x00, 0x0c, 0x00, 0x0c, 0x00
};
static GX_CONST GX_UBYTE FONT_THEME_1_BUTTON_char_2c[5] =
{
    0x60, 0x40, 0x40, 0xc0, 0x80
};
static GX_CONST GX_UBYTE FONT_THEME_1_BUTTON_char_2d[1] =
{
    0xfe
};
static GX_CONST GX_UBYTE FONT_THEME_1_BUTTON_char_2e[2] =
{
    0xc0, 0xc0
};
static GX_CONST GX_UBYTE FONT_THEME_1_BUTTON_char_2f[20] =
{
    0x04, 0x0c, 0x0c, 0x0c, 0x08, 0x08, 0x18, 0x18, 0x10, 0x10, 0x30, 0x30, 0x20, 
    0x20, 0x60, 0x60, 0x40, 0x40, 0xc0, 0xc0
};
static GX_CONST GX_UBYTE FONT_THEME_1_BUTTON_char_30[26] =
{
    0x3e, 0x00, 0x77, 0x00, 0x41, 0x00, 0xc1, 0x80, 0xc1, 0x80, 0xc1, 0x80, 0xc1, 
    0x80, 0xc1, 0x80, 0xc1, 0x80, 0xc1, 0x80, 0x41, 0x00, 0x77, 0x00, 0x3e, 0x00

};
static GX_CONST GX_UBYTE FONT_THEME_1_BUTTON_char_31[13] =
{
    0xf0, 0x30, 0x30, 0x30, 0x30, 0x30, 0x30, 0x30, 0x30, 0x30, 0x30, 0x30, 0x30

};
static GX_CONST GX_UBYTE FONT_THEME_1_BUTTON_char_32[26] =
{
    0x3c, 0x00, 0x76, 0x00, 0xc3, 0x00, 0xc3, 0x00, 0x03, 0x00, 0x03, 0x00, 0x06, 
    0x00, 0x06, 0x00, 0x0c, 0x00, 0x18, 0x00, 0x30, 0x00, 0xe0, 0x00, 0xff, 0x80

};
static GX_CONST GX_UBYTE FONT_THEME_1_BUTTON_char_33[26] =
{
    0x3e, 0x00, 0x77, 0x00, 0xc1, 0x80, 0x01, 0x80, 0x03, 0x00, 0x1c, 0x00, 0x07, 
    0x00, 0x01, 0x00, 0x01, 0x80, 0xc1, 0x80, 0xc1, 0x00, 0x77, 0x00, 0x3e, 0x00

};
static GX_CONST GX_UBYTE FONT_THEME_1_BUTTON_char_34[26] =
{
    0x03, 0x00, 0x07, 0x00, 0x0f, 0x00, 0x0b, 0x00, 0x1b, 0x00, 0x33, 0x00, 0x23, 
    0x00, 0x63, 0x00, 0xc3, 0x00, 0xff, 0xc0, 0x03, 0x00, 0x03, 0x00, 0x03, 0x00

};
static GX_CONST GX_UBYTE FONT_THEME_1_BUTTON_char_35[26] =
{
    0xff, 0x00, 0xc0, 0x00, 0xc0, 0x00, 0xc0, 0x00, 0xfe, 0x00, 0xf7, 0x00, 0xc1, 
    0x00, 0x01, 0x80, 0x01, 0x80, 0xc1, 0x80, 0xc3, 0x00, 0x77, 0x00, 0x3c, 0x00

};
static GX_CONST GX_UBYTE FONT_THEME_1_BUTTON_char_36[26] =
{
    0x3e, 0x00, 0x77, 0x00, 0x41, 0x00, 0xc0, 0x00, 0xde, 0x00, 0xf3, 0x00, 0xc1, 
    0x80, 0xc1, 0x80, 0xc1, 0x80, 0xc1, 0x80, 0x41, 0x80, 0x77, 0x00, 0x3e, 0x00

};
static GX_CONST GX_UBYTE FONT_THEME_1_BUTTON_char_37[26] =
{
    0xff, 0x80, 0x01, 0x80, 0x01, 0x00, 0x03, 0x00, 0x03, 0x00, 0x06, 0x00, 0x06, 
    0x00, 0x04, 0x00, 0x0c, 0x00, 0x08, 0x00, 0x18, 0x00, 0x10, 0x00, 0x30, 0x00

};
static GX_CONST GX_UBYTE FONT_THEME_1_BUTTON_char_38[26] =
{
    0x3e, 0x00, 0x77, 0x80, 0xc1, 0x80, 0xc1, 0x80, 0x63, 0x00, 0x3e, 0x00, 0x63, 
    0x00, 0xc1, 0x80, 0xc1, 0x80, 0xc1, 0x80, 0xc1, 0x80, 0x77, 0x00, 0x3e, 0x00

};
static GX_CONST GX_UBYTE FONT_THEME_1_BUTTON_char_39[26] =
{
    0x3e, 0x00, 0x77, 0x00, 0xc1, 0x00, 0xc1, 0x80, 0xc1, 0x80, 0xc1, 0x80, 0x63, 
    0x80, 0x7f, 0x80, 0x01, 0x80, 0xc1, 0x80, 0x41, 0x00, 0x77, 0x00, 0x3e, 0x00

};
static GX_CONST GX_UBYTE FONT_THEME_1_BUTTON_char_3a[10] =
{
    0xc0, 0xc0, 0x00, 0x00, 0x00, 0x00, 0x00, 0x00, 0xc0, 0xc0
};
static GX_CONST GX_UBYTE FONT_THEME_1_BUTTON_char_3b[12] =
{
    0x60, 0x60, 0x00, 0x00, 0x00, 0x00, 0x00, 0x60, 0x40, 0x40, 0x40, 0x80
};
static GX_CONST GX_UBYTE FONT_THEME_1_BUTTON_char_3c[8] =
{
    0x18, 0x30, 0x60, 0xc0, 0xc0, 0x60, 0x30, 0x18
};
static GX_CONST GX_UBYTE FONT_THEME_1_BUTTON_char_3d[10] =
{
    0xff, 0x80, 0x00, 0x00, 0x00, 0x00, 0x00, 0x00, 0xff, 0x80
};
static GX_CONST GX_UBYTE FONT_THEME_1_BUTTON_char_3e[8] =
{
    0xc0, 0x60, 0x38, 0x0c, 0x1c, 0x30, 0x60, 0xc0
};
static GX_CONST GX_UBYTE FONT_THEME_1_BUTTON_char_3f[13] =
{
    0x3c, 0x6e, 0xc3, 0x03, 0x03, 0x07, 0x3e, 0x30, 0x30, 0x00, 0x00, 0x30, 0x30

};
static GX_CONST GX_UBYTE FONT_THEME_1_BUTTON_char_40[30] =
{
    0x03, 0xf0, 0x0e, 0x3c, 0x18, 0x0e, 0x30, 0x06, 0x63, 0xf2, 0x46, 0x63, 0xcc, 
    0x23, 0xd8, 0x23, 0xd8, 0x22, 0xd8, 0x66, 0xcc, 0xa4, 0xcf, 0x38, 0x60, 0x00, 
    0x30, 0x40, 0x1f, 0xc0
};
static GX_CONST GX_UBYTE FONT_THEME_1_BUTTON_char_41[26] =
{
    0x0c, 0x00, 0x0e, 0x00, 0x1e, 0x00, 0x1a, 0x00, 0x13, 0x00, 0x33, 0x00, 0x31, 
    0x00, 0x61, 0x80, 0x61, 0x80, 0x7f, 0x80, 0xc0, 0xc0, 0xc0, 0xc0, 0xc0, 0x40

};
static GX_CONST GX_UBYTE FONT_THEME_1_BUTTON_char_42[26] =
{
    0xfe, 0x00, 0xc7, 0x00, 0xc1, 0x80, 0xc1, 0x80, 0xc1, 0x80, 0xc3, 0x00, 0xfe, 
    0x00, 0xc3, 0x00, 0xc1, 0x00, 0xc1, 0x80, 0xc1, 0x80, 0xc7, 0x00, 0xfe, 0x00

};
static GX_CONST GX_UBYTE FONT_THEME_1_BUTTON_char_43[26] =
{
    0x0f, 0x80, 0x3d, 0xc0, 0x60, 0x60, 0x40, 0x30, 0xc0, 0x00, 0xc0, 0x00, 0xc0, 
    0x00, 0xc0, 0x00, 0xc0, 0x00, 0x40, 0x30, 0x60, 0x60, 0x3d, 0xe0, 0x0f, 0x80

};
static GX_CONST GX_UBYTE FONT_THEME_1_BUTTON_char_44[26] =
{
    0xfe, 0x00, 0xcf, 0x80, 0xc1, 0xc0, 0xc0, 0xc0, 0xc0, 0x40, 0xc0, 0x60, 0xc0, 
    0x60, 0xc0, 0x60, 0xc0, 0x40, 0xc0, 0xc0, 0xc1, 0xc0, 0xcf, 0x80, 0xfe, 0x00

};
static GX_CONST GX_UBYTE FONT_THEME_1_BUTTON_char_45[13] =
{
    0xfe, 0xc0, 0xc0, 0xc0, 0xc0, 0xc0, 0xfc, 0xc0, 0xc0, 0xc0, 0xc0, 0xc0, 0xfe

};
static GX_CONST GX_UBYTE FONT_THEME_1_BUTTON_char_46[13] =
{
    0xfe, 0xc0, 0xc0, 0xc0, 0xc0, 0xc0, 0xfc, 0xc0, 0xc0, 0xc0, 0xc0, 0xc0, 0xc0

};
static GX_CONST GX_UBYTE FONT_THEME_1_BUTTON_char_47[26] =
{
    0x0f, 0x80, 0x3d, 0xe0, 0x60, 0x30, 0x40, 0x30, 0xc0, 0x00, 0xc0, 0x00, 0xc3, 
    0xf8, 0xc0, 0x18, 0xc0, 0x18, 0x40, 0x30, 0x60, 0x30, 0x3d, 0xe0, 0x0f, 0x80

};
static GX_CONST GX_UBYTE FONT_THEME_1_BUTTON_char_48[26] =
{
    0xc0, 0xc0, 0xc0, 0xc0, 0xc0, 0xc0, 0xc0, 0xc0, 0xc0, 0xc0, 0xc0, 0xc0, 0xff, 
    0xc0, 0xc0, 0xc0, 0xc0, 0xc0, 0xc0, 0xc0, 0xc0, 0xc0, 0xc0, 0xc0, 0xc0, 0xc0

};
static GX_CONST GX_UBYTE FONT_THEME_1_BUTTON_char_49[13] =
{
    0xc0, 0xc0, 0xc0, 0xc0, 0xc0, 0xc0, 0xc0, 0xc0, 0xc0, 0xc0, 0xc0, 0xc0, 0xc0

};
static GX_CONST GX_UBYTE FONT_THEME_1_BUTTON_char_4a[13] =
{
    0x06, 0x06, 0x06, 0x06, 0x06, 0x06, 0x06, 0x06, 0x06, 0xc6, 0xc6, 0x6c, 0x38

};
static GX_CONST GX_UBYTE FONT_THEME_1_BUTTON_char_4b[26] =
{
    0xc3, 0x00, 0xc3, 0x00, 0xc6, 0x00, 0xcc, 0x00, 0xd8, 0x00, 0xf0, 0x00, 0xe0, 
    0x00, 0xf0, 0x00, 0xd8, 0x00, 0xcc, 0x00, 0xc6, 0x00, 0xc3, 0x00, 0xc3, 0x80

};
static GX_CONST GX_UBYTE FONT_THEME_1_BUTTON_char_4c[13] =
{
    0xc0, 0xc0, 0xc0, 0xc0, 0xc0, 0xc0, 0xc0, 0xc0, 0xc0, 0xc0, 0xc0, 0xc0, 0xfc

};
static GX_CONST GX_UBYTE FONT_THEME_1_BUTTON_char_4d[26] =
{
    0xc0, 0x18, 0xc0, 0x38, 0xe0, 0x38, 0xe0, 0x78, 0xf0, 0x78, 0xd0, 0x58, 0xd8, 
    0xd8, 0xd8, 0x98, 0xc9, 0x98, 0xcd, 0x18, 0xc7, 0x18, 0xc7, 0x18, 0xc2, 0x18

};
static GX_CONST GX_UBYTE FONT_THEME_1_BUTTON_char_4e[26] =
{
    0xc0, 0xc0, 0xe0, 0xc0, 0xe0, 0xc0, 0xf0, 0xc0, 0xd8, 0xc0, 0xd8, 0xc0, 0xcc, 
    0xc0, 0xc6, 0xc0, 0xc6, 0xc0, 0xc3, 0xc0, 0xc1, 0xc0, 0xc1, 0xc0, 0xc0, 0xc0

};
static GX_CONST GX_UBYTE FONT_THEME_1_BUTTON_char_4f[26] =
{
    0x0f, 0x80, 0x3d, 0xc0, 0x60, 0x60, 0x40, 0x30, 0xc0, 0x10, 0xc0, 0x18, 0xc0, 
    0x18, 0xc0, 0x18, 0xc0, 0x10, 0x40, 0x30, 0x60, 0x60, 0x3d, 0xc0, 0x0f, 0x80

};
static GX_CONST GX_UBYTE FONT_THEME_1_BUTTON_char_50[26] =
{
    0xfe, 0x00, 0xc7, 0x00, 0xc1, 0x00, 0xc1, 0x80, 0xc1, 0x80, 0xc1, 0x00, 0xc3, 
    0x00, 0xfe, 0x00, 0xc0, 0x00, 0xc0, 0x00, 0xc0, 0x00, 0xc0, 0x00, 0xc0, 0x00

};
static GX_CONST GX_UBYTE FONT_THEME_1_BUTTON_char_51[30] =
{
    0x0f, 0x80, 0x3d, 0xc0, 0x60, 0x60, 0x40, 0x30, 0xc0, 0x10, 0xc0, 0x18, 0xc0, 
    0x18, 0xc0, 0x18, 0xc0, 0x10, 0x40, 0x30, 0x60, 0x60, 0x3d, 0xc0, 0x0f, 0xc0, 
    0x00, 0x60, 0x00, 0x30
};
static GX_CONST GX_UBYTE FONT_THEME_1_BUTTON_char_52[26] =
{
    0xfe, 0x00, 0xc7, 0x00, 0xc1, 0x00, 0xc1, 0x80, 0xc1, 0x80, 0xc1, 0x00, 0xc3, 
    0x00, 0xfe, 0x00, 0xcc, 0x00, 0xc6, 0x00, 0xc6, 0x00, 0xc3, 0x00, 0xc1, 0x80

};
static GX_CONST GX_UBYTE FONT_THEME_1_BUTTON_char_53[26] =
{
    0x3e, 0x00, 0x67, 0x00, 0xc3, 0x00, 0xc0, 0x00, 0xc0, 0x00, 0x70, 0x00, 0x3e, 
    0x00, 0x07, 0x00, 0x01, 0x80, 0xc1, 0x80, 0xc1, 0x00, 0x77, 0x00, 0x3e, 0x00

};
static GX_CONST GX_UBYTE FONT_THEME_1_BUTTON_char_54[26] =
{
    0xff, 0x80, 0x18, 0x00, 0x18, 0x00, 0x18, 0x00, 0x18, 0x00, 0x18, 0x00, 0x18, 
    0x00, 0x18, 0x00, 0x18, 0x00, 0x18, 0x00, 0x18, 0x00, 0x18, 0x00, 0x18, 0x00

};
static GX_CONST GX_UBYTE FONT_THEME_1_BUTTON_char_55[26] =
{
    0xc0, 0xc0, 0xc0, 0xc0, 0xc0, 0xc0, 0xc0, 0xc0, 0xc0, 0xc0, 0xc0, 0xc0, 0xc0, 
    0xc0, 0xc0, 0xc0, 0xc0, 0xc0, 0xc0, 0xc0, 0xc1, 0x80, 0x77, 0x80, 0x3e, 0x00

};
static GX_CONST GX_UBYTE FONT_THEME_1_BUTTON_char_56[26] =
{
    0x40, 0x30, 0x60, 0x60, 0x60, 0x60, 0x20, 0x40, 0x30, 0xc0, 0x30, 0xc0, 0x10, 
    0x80, 0x19, 0x80, 0x19, 0x80, 0x09, 0x00, 0x0f, 0x00, 0x07, 0x00, 0x06, 0x00

};
static GX_CONST GX_UBYTE FONT_THEME_1_BUTTON_char_57[39] =
{
    0x40, 0xc1, 0x80, 0x61, 0xc1, 0x80, 0x61, 0xc1, 0x00, 0x61, 0x61, 0x00, 0x21, 
    0x63, 0x00, 0x33, 0x23, 0x00, 0x33, 0x22, 0x00, 0x32, 0x32, 0x00, 0x12, 0x36, 
    0x00, 0x1e, 0x16, 0x00, 0x1c, 0x1c, 0x00, 0x0c, 0x1c, 0x00, 0x0c, 0x0c, 0x00

};
static GX_CONST GX_UBYTE FONT_THEME_1_BUTTON_char_58[26] =
{
    0xc1, 0x80, 0x61, 0x80, 0x63, 0x00, 0x32, 0x00, 0x36, 0x00, 0x1c, 0x00, 0x0c, 
    0x00, 0x1c, 0x00, 0x36, 0x00, 0x36, 0x00, 0x63, 0x00, 0x61, 0x00, 0xc1, 0x80

};
static GX_CONST GX_UBYTE FONT_THEME_1_BUTTON_char_59[26] =
{
    0xc0, 0xc0, 0x41, 0x80, 0x61, 0x80, 0x23, 0x00, 0x33, 0x00, 0x16, 0x00, 0x1c, 
    0x00, 0x0c, 0x00, 0x0c, 0x00, 0x0c, 0x00, 0x0c, 0x00, 0x0c, 0x00, 0x0c, 0x00

};
static GX_CONST GX_UBYTE FONT_THEME_1_BUTTON_char_5a[13] =
{
    0xff, 0x03, 0x06, 0x06, 0x0c, 0x0c, 0x18, 0x30, 0x30, 0x60, 0x60, 0xc0, 0xff

};
static GX_CONST GX_UBYTE FONT_THEME_1_BUTTON_char_5b[20] =
{
    0xe0, 0xc0, 0xc0, 0xc0, 0xc0, 0xc0, 0xc0, 0xc0, 0xc0, 0xc0, 0xc0, 0xc0, 0xc0, 
    0xc0, 0xc0, 0xc0, 0xc0, 0xc0, 0xc0, 0xe0
};
static GX_CONST GX_UBYTE FONT_THEME_1_BUTTON_char_5c[20] =
{
    0xc0, 0x40, 0x60, 0x60, 0x20, 0x30, 0x30, 0x30, 0x10, 0x18, 0x18, 0x08, 0x0c, 
    0x0c, 0x0c, 0x04, 0x06, 0x06, 0x02, 0x02
};
static GX_CONST GX_UBYTE FONT_THEME_1_BUTTON_char_5d[20] =
{
    0xf0, 0x30, 0x30, 0x30, 0x30, 0x30, 0x30, 0x30, 0x30, 0x30, 0x30, 0x30, 0x30, 
    0x30, 0x30, 0x30, 0x30, 0x30, 0x30, 0xf0
};
static GX_CONST GX_UBYTE FONT_THEME_1_BUTTON_char_5e[20] =
{
    0x08, 0x00, 0x1c, 0x00, 0x1c, 0x00, 0x16, 0x00, 0x32, 0x00, 0x23, 0x00, 0x63, 
    0x00, 0x41, 0x80, 0xc1, 0x80, 0xc0, 0x80
};
static GX_CONST GX_UBYTE FONT_THEME_1_BUTTON_char_5f[2] =
{
    0xff, 0xc0
};
static GX_CONST GX_UBYTE FONT_THEME_1_BUTTON_char_60[3] =
{
    0x80, 0xe0, 0x30
};
static GX_CONST GX_UBYTE FONT_THEME_1_BUTTON_char_61[20] =
{
    0x1e, 0xc0, 0x7f, 0xc0, 0x61, 0xc0, 0xc0, 0xc0, 0xc0, 0xc0, 0xc0, 0xc0, 0xc0, 
    0xc0, 0x61, 0xc0, 0x7f, 0xc0, 0x3e, 0xc0
};
static GX_CONST GX_UBYTE FONT_THEME_1_BUTTON_char_62[26] =
{
    0xc0, 0x00, 0xc0, 0x00, 0xc0, 0x00, 0xde, 0x00, 0xff, 0x80, 0xe1, 0x80, 0xc0, 
    0xc0, 0xc0, 0xc0, 0xc0, 0xc0, 0xc0, 0xc0, 0xe1, 0x80, 0xff, 0x80, 0xdf, 0x00

};
static GX_CONST GX_UBYTE FONT_THEME_1_BUTTON_char_63[20] =
{
    0x1e, 0x00, 0x77, 0x00, 0x41, 0x80, 0xc0, 0x00, 0xc0, 0x00, 0xc0, 0x00, 0xc0, 
    0x00, 0x41, 0x80, 0x77, 0x00, 0x3e, 0x00
};
static GX_CONST GX_UBYTE FONT_THEME_1_BUTTON_char_64[26] =
{
    0x00, 0xc0, 0x00, 0xc0, 0x00, 0xc0, 0x1e, 0xc0, 0x7f, 0xc0, 0x61, 0xc0, 0xc0, 
    0xc0, 0xc0, 0xc0, 0xc0, 0xc0, 0xc0, 0xc0, 0x61, 0xc0, 0x7f, 0xc0, 0x3e, 0xc0

};
static GX_CONST GX_UBYTE FONT_THEME_1_BUTTON_char_65[20] =
{
    0x1e, 0x00, 0x77, 0x80, 0x40, 0x80, 0xc0, 0xc0, 0xff, 0xc0, 0xc0, 0x00, 0xc0, 
    0x00, 0x41, 0x80, 0x77, 0x00, 0x1e, 0x00
};
static GX_CONST GX_UBYTE FONT_THEME_1_BUTTON_char_66[13] =
{
    0x38, 0x78, 0x60, 0xf8, 0x60, 0x60, 0x60, 0x60, 0x60, 0x60, 0x60, 0x60, 0x60

};
static GX_CONST GX_UBYTE FONT_THEME_1_BUTTON_char_67[30] =
{
    0x1e, 0xc0, 0x7f, 0xc0, 0x61, 0xc0, 0xc0, 0xc0, 0xc0, 0xc0, 0xc0, 0xc0, 0xc0, 
    0xc0, 0x61, 0xc0, 0x7f, 0xc0, 0x3e, 0xc0, 0x00, 0xc0, 0x40, 0xc0, 0x60, 0xc0, 
    0x7b, 0x80, 0x1f, 0x00
};
static GX_CONST GX_UBYTE FONT_THEME_1_BUTTON_char_68[26] =
{
    0xc0, 0x00, 0xc0, 0x00, 0xc0, 0x00, 0xde, 0x00, 0xf7, 0x00, 0xc1, 0x80, 0xc1, 
    0x80, 0xc1, 0x80, 0xc1, 0x80, 0xc1, 0x80, 0xc1, 0x80, 0xc1, 0x80, 0xc1, 0x80

};
static GX_CONST GX_UBYTE FONT_THEME_1_BUTTON_char_69[13] =
{
    0xc0, 0xc0, 0x00, 0xc0, 0xc0, 0xc0, 0xc0, 0xc0, 0xc0, 0xc0, 0xc0, 0xc0, 0xc0

};
static GX_CONST GX_UBYTE FONT_THEME_1_BUTTON_char_6a[18] =
{
    0x30, 0x30, 0x00, 0x30, 0x30, 0x30, 0x30, 0x30, 0x30, 0x30, 0x30, 0x30, 0x30, 
    0x30, 0x30, 0x30, 0x70, 0xe0
};
static GX_CONST GX_UBYTE FONT_THEME_1_BUTTON_char_6b[13] =
{
    0xc0, 0xc0, 0xc0, 0xc6, 0xcc, 0xd8, 0xf8, 0xf0, 0xf0, 0xf8, 0xd8, 0xcc, 0xc6

};
static GX_CONST GX_UBYTE FONT_THEME_1_BUTTON_char_6c[13] =
{
    0xc0, 0xc0, 0xc0, 0xc0, 0xc0, 0xc0, 0xc0, 0xc0, 0xc0, 0xc0, 0xc0, 0xc0, 0xc0

};
static GX_CONST GX_UBYTE FONT_THEME_1_BUTTON_char_6d[20] =
{
    0xde, 0x3c, 0xf7, 0x6e, 0xc3, 0x86, 0xc1, 0x83, 0xc1, 0x83, 0xc1, 0x83, 0xc1, 
    0x83, 0xc1, 0x83, 0xc1, 0x83, 0xc1, 0x83
};
static GX_CONST GX_UBYTE FONT_THEME_1_BUTTON_char_6e[20] =
{
    0xde, 0x00, 0xf7, 0x00, 0xc1, 0x80, 0xc1, 0x80, 0xc1, 0x80, 0xc1, 0x80, 0xc1, 
    0x80, 0xc1, 0x80, 0xc1, 0x80, 0xc1, 0x80
};
static GX_CONST GX_UBYTE FONT_THEME_1_BUTTON_char_6f[20] =
{
    0x1e, 0x00, 0x7f, 0x80, 0x41, 0x80, 0xc0, 0xc0, 0xc0, 0xc0, 0xc0, 0xc0, 0xc0, 
    0xc0, 0x41, 0x80, 0x7f, 0x80, 0x1e, 0x00
};
static GX_CONST GX_UBYTE FONT_THEME_1_BUTTON_char_70[30] =
{
    0xde, 0x00, 0xff, 0x80, 0xe1, 0x80, 0xc0, 0xc0, 0xc0, 0xc0, 0xc0, 0xc0, 0xc0, 
    0xc0, 0xe1, 0x80, 0xff, 0x80, 0xdf, 0x00, 0xc0, 0x00, 0xc0, 0x00, 0xc0, 0x00, 
    0xc0, 0x00, 0xc0, 0x00
};
static GX_CONST GX_UBYTE FONT_THEME_1_BUTTON_char_71[30] =
{
    0x1e, 0xc0, 0x7f, 0xc0, 0x61, 0xc0, 0xc0, 0xc0, 0xc0, 0xc0, 0xc0, 0xc0, 0xc0, 
    0xc0, 0x61, 0xc0, 0x7f, 0xc0, 0x3e, 0xc0, 0x00, 0xc0, 0x00, 0xc0, 0x00, 0xc0, 
    0x00, 0xc0, 0x00, 0xc0
};
static GX_CONST GX_UBYTE FONT_THEME_1_BUTTON_char_72[10] =
{
    0xd8, 0xf0, 0xc0, 0xc0, 0xc0, 0xc0, 0xc0, 0xc0, 0xc0, 0xc0
};
static GX_CONST GX_UBYTE FONT_THEME_1_BUTTON_char_73[10] =
{
    0x3c, 0xee, 0xc3, 0xc0, 0x70, 0x1e, 0x03, 0xc3, 0xfe, 0x3c
};
static GX_CONST GX_UBYTE FONT_THEME_1_BUTTON_char_74[13] =
{
    0x60, 0x60, 0x60, 0xf8, 0x60, 0x60, 0x60, 0x60, 0x60, 0x60, 0x60, 0x70, 0x38

};
static GX_CONST GX_UBYTE FONT_THEME_1_BUTTON_char_75[20] =
{
    0xc1, 0x80, 0xc1, 0x80, 0xc1, 0x80, 0xc1, 0x80, 0xc1, 0x80, 0xc1, 0x80, 0xc1, 
    0x80, 0xc1, 0x80, 0x77, 0x80, 0x3d, 0x80
};
static GX_CONST GX_UBYTE FONT_THEME_1_BUTTON_char_76[20] =
{
    0xc0, 0xc0, 0x60, 0x80, 0x61, 0x80, 0x21, 0x80, 0x33, 0x00, 0x33, 0x00, 0x12, 
    0x00, 0x1e, 0x00, 0x0e, 0x00, 0x0c, 0x00
};
static GX_CONST GX_UBYTE FONT_THEME_1_BUTTON_char_77[20] =
{
    0xc3, 0x04, 0x43, 0x8c, 0x63, 0x8c, 0x62, 0x88, 0x26, 0xc8, 0x24, 0xd8, 0x34, 
    0x58, 0x1c, 0x50, 0x18, 0x70, 0x18, 0x30
};
static GX_CONST GX_UBYTE FONT_THEME_1_BUTTON_char_78[10] =
{
    0x43, 0x62, 0x36, 0x34, 0x18, 0x1c, 0x3c, 0x26, 0x62, 0x43
};
static GX_CONST GX_UBYTE FONT_THEME_1_BUTTON_char_79[30] =
{
    0xc0, 0xc0, 0x60, 0x80, 0x61, 0x80, 0x21, 0x00, 0x31, 0x00, 0x33, 0x00, 0x12, 
    0x00, 0x1e, 0x00, 0x0e, 0x00, 0x0c, 0x00, 0x0c, 0x00, 0x08, 0x00, 0x18, 0x00, 
    0x18, 0x00, 0x30, 0x00
};
static GX_CONST GX_UBYTE FONT_THEME_1_BUTTON_char_7a[10] =
{
    0xfe, 0x06, 0x0c, 0x0c, 0x18, 0x30, 0x60, 0x60, 0xc0, 0xfe
};
static GX_CONST GX_UBYTE FONT_THEME_1_BUTTON_char_7b[20] =
{
    0x1c, 0x30, 0x30, 0x30, 0x30, 0x30, 0x30, 0x30, 0x30, 0xe0, 0xe0, 0x30, 0x30, 
    0x30, 0x30, 0x30, 0x30, 0x30, 0x30, 0x1c
};
static GX_CONST GX_UBYTE FONT_THEME_1_BUTTON_char_7c[16] =
{
    0xc0, 0xc0, 0xc0, 0xc0, 0xc0, 0xc0, 0xc0, 0xc0, 0xc0, 0xc0, 0xc0, 0xc0, 0xc0, 
    0xc0, 0xc0, 0xc0
};
static GX_CONST GX_UBYTE FONT_THEME_1_BUTTON_char_7d[20] =
{
    0xe0, 0x30, 0x30, 0x30, 0x30, 0x30, 0x30, 0x30, 0x30, 0x1c, 0x1c, 0x30, 0x30, 
    0x30, 0x30, 0x30, 0x30, 0x30, 0x30, 0xe0
};
static GX_CONST GX_UBYTE FONT_THEME_1_BUTTON_char_7e[2] =
{
    0x73, 0x9e
};
static GX_CONST GX_GLYPH THEME_1_BUTTON_FONT_PAGE_1_GLYPHS[95] =
{
    {FONT_THEME_1_BUTTON_char_20, 0, 0, 5, 0, 1, 1},
    {FONT_THEME_1_BUTTON_char_21, 13, 0, 6, 2, 2, 13},
    {FONT_THEME_1_BUTTON_char_22, 15, -11, 6, 1, 4, 4},
    {FONT_THEME_1_BUTTON_char_23, 13, 0, 16, 1, 14, 13},
    {FONT_THEME_1_BUTTON_char_24, 14, 2, 11, 1, 9, 16},
    {FONT_THEME_1_BUTTON_char_25, 13, 0, 14, 1, 12, 13},
    {FONT_THEME_1_BUTTON_char_26, 13, 0, 13, 1, 12, 13},
    {FONT_THEME_1_BUTTON_char_27, 15, -11, 3, 1, 2, 4},
    {FONT_THEME_1_BUTTON_char_28, 17, 3, 8, 2, 6, 20},
    {FONT_THEME_1_BUTTON_char_29, 17, 3, 9, 1, 6, 20},
    {FONT_THEME_1_BUTTON_char_2a, 13, -6, 9, 1, 7, 7},
    {FONT_THEME_1_BUTTON_char_2b, 11, -2, 13, 2, 9, 9},
    {FONT_THEME_1_BUTTON_char_2c, 2, 3, 4, -1, 3, 5},
    {FONT_THEME_1_BUTTON_char_2d, 8, -5, 10, 1, 7, 1},
    {FONT_THEME_1_BUTTON_char_2e, 3, 0, 3, 1, 2, 2},
    {FONT_THEME_1_BUTTON_char_2f, 17, 3, 9, 0, 7, 20},
    {FONT_THEME_1_BUTTON_char_30, 13, 0, 11, 1, 9, 13},
    {FONT_THEME_1_BUTTON_char_31, 13, 0, 5, 0, 4, 13},
    {FONT_THEME_1_BUTTON_char_32, 13, 0, 11, 1, 9, 13},
    {FONT_THEME_1_BUTTON_char_33, 13, 0, 11, 0, 9, 13},
    {FONT_THEME_1_BUTTON_char_34, 13, 0, 12, 1, 10, 13},
    {FONT_THEME_1_BUTTON_char_35, 13, 0, 12, 1, 9, 13},
    {FONT_THEME_1_BUTTON_char_36, 13, 0, 11, 1, 9, 13},
    {FONT_THEME_1_BUTTON_char_37, 13, 0, 11, 1, 9, 13},
    {FONT_THEME_1_BUTTON_char_38, 13, 0, 11, 1, 9, 13},
    {FONT_THEME_1_BUTTON_char_39, 13, 0, 11, 1, 9, 13},
    {FONT_THEME_1_BUTTON_char_3a, 10, 0, 4, 1, 2, 10},
    {FONT_THEME_1_BUTTON_char_3b, 10, 3, 4, 0, 3, 12},
    {FONT_THEME_1_BUTTON_char_3c, 10, -2, 10, 1, 6, 8},
    {FONT_THEME_1_BUTTON_char_3d, 10, -3, 13, 2, 9, 5},
    {FONT_THEME_1_BUTTON_char_3e, 10, -2, 10, 1, 6, 8},
    {FONT_THEME_1_BUTTON_char_3f, 13, 0, 10, 1, 8, 13},
    {FONT_THEME_1_BUTTON_char_40, 13, 4, 18, 1, 16, 15},
    {FONT_THEME_1_BUTTON_char_41, 13, 0, 12, 0, 11, 13},
    {FONT_THEME_1_BUTTON_char_42, 13, 0, 11, 1, 9, 13},
    {FONT_THEME_1_BUTTON_char_43, 13, 0, 14, 1, 12, 13},
    {FONT_THEME_1_BUTTON_char_44, 13, 0, 12, 1, 11, 13},
    {FONT_THEME_1_BUTTON_char_45, 13, 0, 9, 1, 7, 13},
    {FONT_THEME_1_BUTTON_char_46, 13, 0, 9, 1, 7, 13},
    {FONT_THEME_1_BUTTON_char_47, 13, 0, 15, 1, 13, 13},
    {FONT_THEME_1_BUTTON_char_48, 13, 0, 12, 1, 10, 13},
    {FONT_THEME_1_BUTTON_char_49, 13, 0, 4, 1, 2, 13},
    {FONT_THEME_1_BUTTON_char_4a, 13, 0, 10, 1, 7, 13},
    {FONT_THEME_1_BUTTON_char_4b, 13, 0, 10, 1, 9, 13},
    {FONT_THEME_1_BUTTON_char_4c, 13, 0, 7, 1, 6, 13},
    {FONT_THEME_1_BUTTON_char_4d, 13, 0, 15, 1, 13, 13},
    {FONT_THEME_1_BUTTON_char_4e, 13, 0, 12, 1, 10, 13},
    {FONT_THEME_1_BUTTON_char_4f, 13, 0, 14, 1, 13, 13},
    {FONT_THEME_1_BUTTON_char_50, 13, 0, 10, 1, 9, 13},
    {FONT_THEME_1_BUTTON_char_51, 13, 2, 14, 1, 13, 15},
    {FONT_THEME_1_BUTTON_char_52, 13, 0, 11, 1, 9, 13},
    {FONT_THEME_1_BUTTON_char_53, 13, 0, 11, 1, 9, 13},
    {FONT_THEME_1_BUTTON_char_54, 13, 0, 11, 1, 9, 13},
    {FONT_THEME_1_BUTTON_char_55, 13, 0, 12, 1, 10, 13},
    {FONT_THEME_1_BUTTON_char_56, 13, 0, 12, 0, 12, 13},
    {FONT_THEME_1_BUTTON_char_57, 13, 0, 18, 0, 17, 13},
    {FONT_THEME_1_BUTTON_char_58, 13, 0, 11, 0, 9, 13},
    {FONT_THEME_1_BUTTON_char_59, 13, 0, 10, -1, 10, 13},
    {FONT_THEME_1_BUTTON_char_5a, 13, 0, 10, 1, 8, 13},
    {FONT_THEME_1_BUTTON_char_5b, 18, 4, 7, 2, 3, 20},
    {FONT_THEME_1_BUTTON_char_5c, 17, 3, 12, 2, 8, 20},
    {FONT_THEME_1_BUTTON_char_5d, 18, 4, 8, 2, 4, 20},
    {FONT_THEME_1_BUTTON_char_5e, 13, -3, 11, 0, 10, 10},
    {FONT_THEME_1_BUTTON_char_5f, 0, 3, 14, 2, 10, 1},
    {FONT_THEME_1_BUTTON_char_60, 15, -10, 6, 1, 4, 3},
    {FONT_THEME_1_BUTTON_char_61, 10, 0, 12, 1, 10, 10},
    {FONT_THEME_1_BUTTON_char_62, 13, 0, 12, 1, 10, 13},
    {FONT_THEME_1_BUTTON_char_63, 10, 0, 11, 1, 9, 10},
    {FONT_THEME_1_BUTTON_char_64, 13, 0, 12, 1, 10, 13},
    {FONT_THEME_1_BUTTON_char_65, 10, 0, 11, 1, 10, 10},
    {FONT_THEME_1_BUTTON_char_66, 13, 0, 7, 1, 5, 13},
    {FONT_THEME_1_BUTTON_char_67, 10, 5, 12, 1, 10, 15},
    {FONT_THEME_1_BUTTON_char_68, 13, 0, 11, 1, 9, 13},
    {FONT_THEME_1_BUTTON_char_69, 13, 0, 4, 1, 2, 13},
    {FONT_THEME_1_BUTTON_char_6a, 13, 5, 4, -1, 4, 18},
    {FONT_THEME_1_BUTTON_char_6b, 13, 0, 9, 1, 8, 13},
    {FONT_THEME_1_BUTTON_char_6c, 13, 0, 4, 1, 2, 13},
    {FONT_THEME_1_BUTTON_char_6d, 10, 0, 18, 1, 16, 10},
    {FONT_THEME_1_BUTTON_char_6e, 10, 0, 11, 1, 9, 10},
    {FONT_THEME_1_BUTTON_char_6f, 10, 0, 12, 1, 10, 10},
    {FONT_THEME_1_BUTTON_char_70, 10, 5, 12, 1, 10, 15},
    {FONT_THEME_1_BUTTON_char_71, 10, 5, 12, 1, 10, 15},
    {FONT_THEME_1_BUTTON_char_72, 10, 0, 7, 1, 5, 10},
    {FONT_THEME_1_BUTTON_char_73, 10, 0, 10, 1, 8, 10},
    {FONT_THEME_1_BUTTON_char_74, 13, 0, 7, 1, 5, 13},
    {FONT_THEME_1_BUTTON_char_75, 10, 0, 11, 1, 9, 10},
    {FONT_THEME_1_BUTTON_char_76, 10, 0, 10, 0, 10, 10},
    {FONT_THEME_1_BUTTON_char_77, 10, 0, 15, 0, 15, 10},
    {FONT_THEME_1_BUTTON_char_78, 10, 0, 9, 0, 8, 10},
    {FONT_THEME_1_BUTTON_char_79, 10, 5, 10, 0, 10, 15},
    {FONT_THEME_1_BUTTON_char_7a, 10, 0, 9, 1, 7, 10},
    {FONT_THEME_1_BUTTON_char_7b, 18, 4, 8, 1, 6, 20},
    {FONT_THEME_1_BUTTON_char_7c, 14, 2, 5, 2, 2, 16},
    {FONT_THEME_1_BUTTON_char_7d, 18, 4, 8, 1, 6, 20},
    {FONT_THEME_1_BUTTON_char_7e, 8, -4, 9, 0, 8, 2}
};

static GX_CONST GX_FONT THEME_1_BUTTON = 
{
    GX_FONT_FORMAT_1BPP,                     /* format                         */
    0,                                       /* line pre-space                 */
    0,                                       /* line post-space                */ 
    23,                                      /* font data height               */
    18,                                      /* font baseline offset           */
    0x20,                                    /* first glyph within data page   */
    0x7e,                                    /* last glyph within data page    */
    {THEME_1_BUTTON_FONT_PAGE_1_GLYPHS},     /* pointer to glyph data          */
    GX_NULL                                  /* next font page                 */
};


/* Font THEME_1_PROMPT Data Definition                                         */

static GX_CONST GX_UBYTE FONT_THEME_1_PROMPT_char_20[1] =
{
    0x00
};
static GX_CONST GX_UBYTE FONT_THEME_1_PROMPT_char_21[15] =
{
    0xc0, 0xc0, 0xc0, 0xc0, 0xc0, 0xc0, 0xc0, 0xc0, 0xc0, 0xc0, 0xc0, 0x00, 0x40, 
    0xe0, 0xe0
};
static GX_CONST GX_UBYTE FONT_THEME_1_PROMPT_char_22[4] =
{
    0xd8, 0xd8, 0xd8, 0xd8
};
static GX_CONST GX_UBYTE FONT_THEME_1_PROMPT_char_23[32] =
{
    0x02, 0x0c, 0x06, 0x0c, 0x06, 0x0c, 0x06, 0x18, 0x7f, 0xff, 0x7f, 0xff, 0x0c, 
    0x18, 0x0c, 0x10, 0x0c, 0x30, 0x0c, 0x30, 0xff, 0xfe, 0xff, 0xfe, 0x18, 0x20, 
    0x18, 0x60, 0x18, 0x60, 0x30, 0x60
};
static GX_CONST GX_UBYTE FONT_THEME_1_PROMPT_char_24[38] =
{
    0x04, 0x00, 0x04, 0x00, 0x3f, 0x00, 0x7f, 0x80, 0xe5, 0xc0, 0xc4, 0xc0, 0xc4, 
    0x00, 0xe4, 0x00, 0x7c, 0x00, 0x1f, 0x00, 0x07, 0x80, 0x04, 0xc0, 0x04, 0xc0, 
    0xc4, 0xc0, 0xe4, 0xc0, 0x7f, 0x80, 0x1f, 0x00, 0x04, 0x00, 0x04, 0x00
};
static GX_CONST GX_UBYTE FONT_THEME_1_PROMPT_char_25[30] =
{
    0x7c, 0x10, 0xc6, 0x30, 0xc6, 0x60, 0xc6, 0x60, 0xc6, 0xc0, 0x7c, 0xc0, 0x01, 
    0x80, 0x01, 0x00, 0x03, 0x00, 0x06, 0x7c, 0x06, 0xee, 0x0c, 0xc6, 0x0c, 0xc6, 
    0x18, 0xfe, 0x10, 0x7c
};
static GX_CONST GX_UBYTE FONT_THEME_1_PROMPT_char_26[30] =
{
    0x0f, 0x00, 0x1f, 0x80, 0x30, 0xc0, 0x30, 0x00, 0x30, 0x00, 0x18, 0x00, 0x3c, 
    0x00, 0x77, 0x0c, 0xe3, 0x9c, 0xc1, 0xd8, 0xc0, 0xf0, 0xc0, 0x70, 0xe0, 0xf8, 
    0x7f, 0xdc, 0x1f, 0x0e
};
static GX_CONST GX_UBYTE FONT_THEME_1_PROMPT_char_27[4] =
{
    0xc0, 0xc0, 0xc0, 0xc0
};
static GX_CONST GX_UBYTE FONT_THEME_1_PROMPT_char_28[24] =
{
    0x0e, 0x1c, 0x18, 0x30, 0x30, 0x60, 0x60, 0x60, 0xc0, 0xc0, 0xc0, 0xc0, 0xc0, 
    0xc0, 0xc0, 0xc0, 0xe0, 0x60, 0x60, 0x70, 0x30, 0x38, 0x18, 0x0c
};
static GX_CONST GX_UBYTE FONT_THEME_1_PROMPT_char_29[24] =
{
    0xe0, 0x70, 0x30, 0x18, 0x18, 0x0c, 0x0c, 0x0c, 0x06, 0x06, 0x06, 0x06, 0x06, 
    0x06, 0x06, 0x06, 0x0e, 0x0c, 0x0c, 0x1c, 0x18, 0x38, 0x30, 0x60
};
static GX_CONST GX_UBYTE FONT_THEME_1_PROMPT_char_2a[8] =
{
    0x08, 0x09, 0xeb, 0x3c, 0x3e, 0x6b, 0x09, 0x08
};
static GX_CONST GX_UBYTE FONT_THEME_1_PROMPT_char_2b[22] =
{
    0x06, 0x00, 0x06, 0x00, 0x06, 0x00, 0x06, 0x00, 0x06, 0x00, 0xff, 0xe0, 0xff, 
    0xe0, 0x06, 0x00, 0x06, 0x00, 0x06, 0x00, 0x06, 0x00
};
static GX_CONST GX_UBYTE FONT_THEME_1_PROMPT_char_2c[6] =
{
    0x70, 0x60, 0x60, 0x40, 0xc0, 0xc0
};
static GX_CONST GX_UBYTE FONT_THEME_1_PROMPT_char_2d[4] =
{
    0xff, 0x80, 0xff, 0x80
};
static GX_CONST GX_UBYTE FONT_THEME_1_PROMPT_char_2e[3] =
{
    0x40, 0xe0, 0xe0
};
static GX_CONST GX_UBYTE FONT_THEME_1_PROMPT_char_2f[24] =
{
    0x03, 0x03, 0x03, 0x06, 0x06, 0x06, 0x06, 0x0c, 0x0c, 0x0c, 0x0c, 0x18, 0x18, 
    0x18, 0x18, 0x30, 0x30, 0x30, 0x30, 0x60, 0x60, 0x60, 0x60, 0xc0
};
static GX_CONST GX_UBYTE FONT_THEME_1_PROMPT_char_30[32] =
{
    0x1f, 0x00, 0x3f, 0x80, 0x60, 0xc0, 0x60, 0xc0, 0xc0, 0x60, 0xc0, 0x60, 0xc0, 
    0x60, 0xc0, 0x60, 0xc0, 0x60, 0xc0, 0x60, 0xc0, 0x60, 0xc0, 0x60, 0x60, 0xc0, 
    0x60, 0xc0, 0x3f, 0x80, 0x1f, 0x00
};
static GX_CONST GX_UBYTE FONT_THEME_1_PROMPT_char_31[16] =
{
    0xf0, 0xf0, 0x30, 0x30, 0x30, 0x30, 0x30, 0x30, 0x30, 0x30, 0x30, 0x30, 0x30, 
    0x30, 0x30, 0x30
};
static GX_CONST GX_UBYTE FONT_THEME_1_PROMPT_char_32[32] =
{
    0x1f, 0x00, 0x7f, 0x80, 0x61, 0xc0, 0xc0, 0xc0, 0xc0, 0xc0, 0x00, 0xc0, 0x00, 
    0xc0, 0x01, 0x80, 0x03, 0x80, 0x03, 0x00, 0x06, 0x00, 0x0c, 0x00, 0x38, 0x00, 
    0x70, 0x00, 0xff, 0xc0, 0xff, 0xc0
};
static GX_CONST GX_UBYTE FONT_THEME_1_PROMPT_char_33[32] =
{
    0x1f, 0x00, 0x7f, 0x80, 0xe1, 0xc0, 0xc0, 0xc0, 0x00, 0xc0, 0x00, 0xc0, 0x01, 
    0x80, 0x1f, 0x00, 0x1f, 0x80, 0x01, 0x80, 0x00, 0xc0, 0xc0, 0xc0, 0xc0, 0xc0, 
    0xe1, 0xc0, 0x7f, 0x80, 0x3f, 0x00
};
static GX_CONST GX_UBYTE FONT_THEME_1_PROMPT_char_34[30] =
{
    0x01, 0xc0, 0x03, 0xc0, 0x03, 0xc0, 0x06, 0xc0, 0x0c, 0xc0, 0x1c, 0xc0, 0x18, 
    0xc0, 0x30, 0xc0, 0x60, 0xc0, 0x60, 0xc0, 0xff, 0xf0, 0xff, 0xf0, 0x00, 0xc0, 
    0x00, 0xc0, 0x00, 0xc0
};
static GX_CONST GX_UBYTE FONT_THEME_1_PROMPT_char_35[32] =
{
    0xff, 0xc0, 0xff, 0xc0, 0xc0, 0x00, 0xc0, 0x00, 0xc0, 0x00, 0xc7, 0x00, 0xff, 
    0x80, 0xf1, 0xc0, 0xc0, 0xe0, 0x00, 0x60, 0x00, 0x60, 0x00, 0x60, 0xc0, 0x60, 
    0xe0, 0xc0, 0x7f, 0xc0, 0x1f, 0x00
};
static GX_CONST GX_UBYTE FONT_THEME_1_PROMPT_char_36[32] =
{
    0x1f, 0x00, 0x3f, 0x80, 0x70, 0xc0, 0x60, 0xc0, 0xc0, 0x00, 0xc6, 0x00, 0xdf, 
    0xc0, 0xf0, 0xc0, 0xe0, 0xe0, 0xc0, 0x60, 0xc0, 0x60, 0xc0, 0x60, 0x60, 0x60, 
    0x60, 0xc0, 0x3f, 0xc0, 0x1f, 0x00
};
static GX_CONST GX_UBYTE FONT_THEME_1_PROMPT_char_37[32] =
{
    0xff, 0xc0, 0xff, 0xc0, 0x00, 0xc0, 0x01, 0x80, 0x01, 0x80, 0x01, 0x00, 0x03, 
    0x00, 0x03, 0x00, 0x06, 0x00, 0x06, 0x00, 0x0c, 0x00, 0x0c, 0x00, 0x0c, 0x00, 
    0x18, 0x00, 0x18, 0x00, 0x30, 0x00
};
static GX_CONST GX_UBYTE FONT_THEME_1_PROMPT_char_38[32] =
{
    0x1f, 0x00, 0x7f, 0xc0, 0xe0, 0xe0, 0xc0, 0x60, 0xc0, 0x60, 0xc0, 0x60, 0x60, 
    0xc0, 0x3f, 0x80, 0x7f, 0xc0, 0xe0, 0xe0, 0xc0, 0x60, 0xc0, 0x60, 0xc0, 0x60, 
    0xe0, 0xe0, 0x7f, 0xc0, 0x1f, 0x00
};
static GX_CONST GX_UBYTE FONT_THEME_1_PROMPT_char_39[32] =
{
    0x1f, 0x00, 0x7f, 0x80, 0x60, 0xc0, 0xc0, 0x40, 0xc0, 0x60, 0xc0, 0x60, 0xc0, 
    0x60, 0x60, 0xe0, 0x7f, 0xe0, 0x1f, 0x60, 0x00, 0x60, 0x00, 0x60, 0x60, 0xc0, 
    0x60, 0xc0, 0x3f, 0x80, 0x1f, 0x00
};
static GX_CONST GX_UBYTE FONT_THEME_1_PROMPT_char_3a[12] =
{
    0xc0, 0xe0, 0xc0, 0x00, 0x00, 0x00, 0x00, 0x00, 0x00, 0x40, 0xe0, 0xe0
};
static GX_CONST GX_UBYTE FONT_THEME_1_PROMPT_char_3b[15] =
{
    0x60, 0x70, 0x60, 0x00, 0x00, 0x00, 0x00, 0x00, 0x00, 0x30, 0x60, 0x60, 0x40, 
    0xc0, 0xc0
};
static GX_CONST GX_UBYTE FONT_THEME_1_PROMPT_char_3c[10] =
{
    0x06, 0x0c, 0x38, 0x70, 0xe0, 0xe0, 0x70, 0x38, 0x0c, 0x06
};
static GX_CONST GX_UBYTE FONT_THEME_1_PROMPT_char_3d[12] =
{
    0xff, 0xe0, 0xff, 0xe0, 0x00, 0x00, 0x00, 0x00, 0xff, 0xe0, 0xff, 0xe0
};
static GX_CONST GX_UBYTE FONT_THEME_1_PROMPT_char_3e[10] =
{
    0x60, 0x30, 0x18, 0x0c, 0x06, 0x06, 0x0c, 0x18, 0x30, 0x60
};
static GX_CONST GX_UBYTE FONT_THEME_1_PROMPT_char_3f[30] =
{
    0x3f, 0x00, 0x7f, 0x80, 0xe1, 0xc0, 0xc0, 0xc0, 0x00, 0xc0, 0x00, 0xc0, 0x03, 
    0x80, 0x3f, 0x80, 0x3c, 0x00, 0x30, 0x00, 0x30, 0x00, 0x00, 0x00, 0x10, 0x00, 
    0x38, 0x00, 0x38, 0x00
};
static GX_CONST GX_UBYTE FONT_THEME_1_PROMPT_char_40[54] =
{
    0x00, 0xfc, 0x00, 0x07, 0xff, 0x00, 0x0e, 0x03, 0x80, 0x18, 0x00, 0xc0, 0x31, 
    0xec, 0xe0, 0x73, 0xfc, 0x60, 0x67, 0x1c, 0x60, 0xe6, 0x0c, 0x60, 0xcc, 0x08, 
    0x60, 0xcc, 0x08, 0x60, 0xcc, 0x18, 0xc0, 0xcc, 0x18, 0xc0, 0xc6, 0x6d, 0x80, 
    0xe3, 0xcf, 0x00, 0x60, 0x00, 0x00, 0x38, 0x00, 0x00, 0x1f, 0xf0, 0x00, 0x0f, 
    0xe0, 0x00
};
static GX_CONST GX_UBYTE FONT_THEME_1_PROMPT_char_41[30] =
{
    0x07, 0x00, 0x07, 0x00, 0x0f, 0x80, 0x0d, 0x80, 0x0d, 0x80, 0x18, 0xc0, 0x18, 
    0xc0, 0x38, 0xc0, 0x30, 0x60, 0x30, 0x60, 0x7f, 0xe0, 0x7f, 0xf0, 0x60, 0x30, 
    0xc0, 0x38, 0xc0, 0x18
};
static GX_CONST GX_UBYTE FONT_THEME_1_PROMPT_char_42[30] =
{
    0xff, 0x00, 0xff, 0x80, 0xc1, 0xc0, 0xc0, 0xc0, 0xc0, 0xc0, 0xc1, 0xc0, 0xff, 
    0x80, 0xff, 0x80, 0xc0, 0xc0, 0xc0, 0x60, 0xc0, 0x60, 0xc0, 0x60, 0xc0, 0xe0, 
    0xff, 0xc0, 0xff, 0x80
};
static GX_CONST GX_UBYTE FONT_THEME_1_PROMPT_char_43[30] =
{
    0x07, 0xe0, 0x1f, 0xf8, 0x38, 0x1c, 0x60, 0x0c, 0x60, 0x00, 0xc0, 0x00, 0xc0, 
    0x00, 0xc0, 0x00, 0xc0, 0x00, 0xc0, 0x00, 0x60, 0x00, 0x60, 0x0c, 0x38, 0x1c, 
    0x1f, 0xf8, 0x07, 0xe0
};
static GX_CONST GX_UBYTE FONT_THEME_1_PROMPT_char_44[30] =
{
    0xff, 0x00, 0xff, 0xc0, 0xc0, 0xe0, 0xc0, 0x30, 0xc0, 0x30, 0xc0, 0x18, 0xc0, 
    0x18, 0xc0, 0x18, 0xc0, 0x18, 0xc0, 0x18, 0xc0, 0x38, 0xc0, 0x30, 0xc0, 0xe0, 
    0xff, 0xc0, 0xff, 0x00
};
static GX_CONST GX_UBYTE FONT_THEME_1_PROMPT_char_45[30] =
{
    0xff, 0x80, 0xff, 0x80, 0xc0, 0x00, 0xc0, 0x00, 0xc0, 0x00, 0xc0, 0x00, 0xff, 
    0x00, 0xff, 0x00, 0xc0, 0x00, 0xc0, 0x00, 0xc0, 0x00, 0xc0, 0x00, 0xc0, 0x00, 
    0xff, 0x80, 0xff, 0x80
};
static GX_CONST GX_UBYTE FONT_THEME_1_PROMPT_char_46[30] =
{
    0xff, 0x80, 0xff, 0x80, 0xc0, 0x00, 0xc0, 0x00, 0xc0, 0x00, 0xc0, 0x00, 0xff, 
    0x00, 0xff, 0x00, 0xc0, 0x00, 0xc0, 0x00, 0xc0, 0x00, 0xc0, 0x00, 0xc0, 0x00, 
    0xc0, 0x00, 0xc0, 0x00
};
static GX_CONST GX_UBYTE FONT_THEME_1_PROMPT_char_47[30] =
{
    0x07, 0xc0, 0x1f, 0xf0, 0x38, 0x18, 0x60, 0x0c, 0x60, 0x00, 0xc0, 0x00, 0xc0, 
    0x00, 0xc1, 0xfe, 0xc1, 0xfe, 0xc0, 0x06, 0x60, 0x0e, 0x60, 0x0c, 0x38, 0x18, 
    0x1f, 0xf0, 0x07, 0xc0
};
static GX_CONST GX_UBYTE FONT_THEME_1_PROMPT_char_48[30] =
{
    0xc0, 0x30, 0xc0, 0x30, 0xc0, 0x30, 0xc0, 0x30, 0xc0, 0x30, 0xc0, 0x30, 0xff, 
    0xf0, 0xff, 0xf0, 0xc0, 0x30, 0xc0, 0x30, 0xc0, 0x30, 0xc0, 0x30, 0xc0, 0x30, 
    0xc0, 0x30, 0xc0, 0x30
};
static GX_CONST GX_UBYTE FONT_THEME_1_PROMPT_char_49[15] =
{
    0xc0, 0xc0, 0xc0, 0xc0, 0xc0, 0xc0, 0xc0, 0xc0, 0xc0, 0xc0, 0xc0, 0xc0, 0xc0, 
    0xc0, 0xc0
};
static GX_CONST GX_UBYTE FONT_THEME_1_PROMPT_char_4a[30] =
{
    0x01, 0x80, 0x01, 0x80, 0x01, 0x80, 0x01, 0x80, 0x01, 0x80, 0x01, 0x80, 0x01, 
    0x80, 0x01, 0x80, 0x01, 0x80, 0x01, 0x80, 0x01, 0x80, 0xc1, 0x80, 0xe3, 0x80, 
    0x7f, 0x00, 0x3e, 0x00
};
static GX_CONST GX_UBYTE FONT_THEME_1_PROMPT_char_4b[30] =
{
    0xc0, 0xc0, 0xc1, 0xc0, 0xc3, 0x80, 0xc7, 0x00, 0xce, 0x00, 0xdc, 0x00, 0xf8, 
    0x00, 0xf0, 0x00, 0xf8, 0x00, 0xdc, 0x00, 0xce, 0x00, 0xc7, 0x00, 0xc3, 0x80, 
    0xc1, 0xc0, 0xc0, 0xc0
};
static GX_CONST GX_UBYTE FONT_THEME_1_PROMPT_char_4c[15] =
{
    0xc0, 0xc0, 0xc0, 0xc0, 0xc0, 0xc0, 0xc0, 0xc0, 0xc0, 0xc0, 0xc0, 0xc0, 0xc0, 
    0xff, 0xff
};
static GX_CONST GX_UBYTE FONT_THEME_1_PROMPT_char_4d[30] =
{
    0xc0, 0x03, 0xe0, 0x07, 0xe0, 0x07, 0xf0, 0x0f, 0xf0, 0x0f, 0xd8, 0x1b, 0xd8, 
    0x1b, 0xcc, 0x33, 0xcc, 0x33, 0xc6, 0x63, 0xc6, 0x63, 0xc3, 0xc3, 0xc3, 0xc3, 
    0xc1, 0x83, 0xc1, 0x83
};
static GX_CONST GX_UBYTE FONT_THEME_1_PROMPT_char_4e[30] =
{
    0xc0, 0x30, 0xe0, 0x30, 0xf0, 0x30, 0xf0, 0x30, 0xd8, 0x30, 0xcc, 0x30, 0xcc, 
    0x30, 0xc6, 0x30, 0xc3, 0x30, 0xc3, 0x30, 0xc1, 0xb0, 0xc0, 0xf0, 0xc0, 0xf0, 
    0xc0, 0x70, 0xc0, 0x30
};
static GX_CONST GX_UBYTE FONT_THEME_1_PROMPT_char_4f[30] =
{
    0x07, 0xc0, 0x1f, 0xf0, 0x38, 0x38, 0x60, 0x0c, 0x60, 0x0c, 0xc0, 0x06, 0xc0, 
    0x06, 0xc0, 0x06, 0xc0, 0x06, 0xc0, 0x06, 0x60, 0x0e, 0x60, 0x0c, 0x38, 0x38, 
    0x1f, 0xf0, 0x07, 0xc0
};
static GX_CONST GX_UBYTE FONT_THEME_1_PROMPT_char_50[30] =
{
    0xff, 0x00, 0xff, 0x80, 0xc1, 0xc0, 0xc0, 0xc0, 0xc0, 0xc0, 0xc0, 0xc0, 0xc1, 
    0xc0, 0xff, 0x80, 0xfc, 0x00, 0xc0, 0x00, 0xc0, 0x00, 0xc0, 0x00, 0xc0, 0x00, 
    0xc0, 0x00, 0xc0, 0x00
};
static GX_CONST GX_UBYTE FONT_THEME_1_PROMPT_char_51[36] =
{
    0x07, 0xc0, 0x1f, 0xf0, 0x38, 0x38, 0x60, 0x0c, 0x60, 0x0c, 0xc0, 0x06, 0xc0, 
    0x06, 0xc0, 0x06, 0xc0, 0x06, 0xc0, 0x06, 0x60, 0x0c, 0x60, 0x0c, 0x38, 0x38, 
    0x1f, 0xf0, 0x07, 0xf0, 0x00, 0x18, 0x00, 0x0c, 0x00, 0x06
};
static GX_CONST GX_UBYTE FONT_THEME_1_PROMPT_char_52[30] =
{
    0xff, 0x00, 0xff, 0x80, 0xc1, 0xc0, 0xc0, 0xc0, 0xc0, 0xc0, 0xc0, 0xc0, 0xc1, 
    0xc0, 0xff, 0x80, 0xff, 0x00, 0xc6, 0x00, 0xc7, 0x00, 0xc3, 0x00, 0xc3, 0x80, 
    0xc1, 0x80, 0xc0, 0xc0
};
static GX_CONST GX_UBYTE FONT_THEME_1_PROMPT_char_53[30] =
{
    0x3e, 0x00, 0x7f, 0x80, 0xe1, 0xc0, 0xc0, 0xc0, 0xc0, 0x00, 0xe0, 0x00, 0x78, 
    0x00, 0x3f, 0x00, 0x03, 0x80, 0x00, 0xc0, 0x00, 0xc0, 0xc0, 0xc0, 0xe1, 0xc0, 
    0x7f, 0x80, 0x3f, 0x00
};
static GX_CONST GX_UBYTE FONT_THEME_1_PROMPT_char_54[30] =
{
    0xff, 0xc0, 0xff, 0xc0, 0x0c, 0x00, 0x0c, 0x00, 0x0c, 0x00, 0x0c, 0x00, 0x0c, 
    0x00, 0x0c, 0x00, 0x0c, 0x00, 0x0c, 0x00, 0x0c, 0x00, 0x0c, 0x00, 0x0c, 0x00, 
    0x0c, 0x00, 0x0c, 0x00
};
static GX_CONST GX_UBYTE FONT_THEME_1_PROMPT_char_55[30] =
{
    0xc0, 0x30, 0xc0, 0x30, 0xc0, 0x30, 0xc0, 0x30, 0xc0, 0x30, 0xc0, 0x30, 0xc0, 
    0x30, 0xc0, 0x30, 0xc0, 0x30, 0xc0, 0x30, 0xc0, 0x30, 0xc0, 0x30, 0x60, 0x60, 
    0x3f, 0xc0, 0x1f, 0x80
};
static GX_CONST GX_UBYTE FONT_THEME_1_PROMPT_char_56[30] =
{
    0x60, 0x0c, 0x60, 0x0c, 0x70, 0x18, 0x30, 0x18, 0x30, 0x18, 0x18, 0x30, 0x18, 
    0x30, 0x18, 0x60, 0x0c, 0x60, 0x0c, 0x60, 0x06, 0xc0, 0x06, 0xc0, 0x06, 0xc0, 
    0x03, 0x80, 0x03, 0x80
};
static GX_CONST GX_UBYTE FONT_THEME_1_PROMPT_char_57[45] =
{
    0x60, 0x30, 0x18, 0x60, 0x70, 0x38, 0x60, 0x78, 0x30, 0x70, 0x78, 0x30, 0x30, 
    0xd8, 0x30, 0x30, 0xd8, 0x60, 0x30, 0xcc, 0x60, 0x19, 0x8c, 0x60, 0x19, 0x8c, 
    0x40, 0x19, 0x86, 0xc0, 0x09, 0x06, 0xc0, 0x0f, 0x06, 0xc0, 0x0f, 0x03, 0x80, 
    0x0e, 0x03, 0x80, 0x06, 0x03, 0x80
};
static GX_CONST GX_UBYTE FONT_THEME_1_PROMPT_char_58[30] =
{
    0xe0, 0x60, 0x60, 0x60, 0x30, 0xc0, 0x31, 0xc0, 0x19, 0x80, 0x1f, 0x00, 0x0f, 
    0x00, 0x06, 0x00, 0x0f, 0x00, 0x1f, 0x00, 0x19, 0x80, 0x31, 0x80, 0x30, 0xc0, 
    0x60, 0xe0, 0xe0, 0x60
};
static GX_CONST GX_UBYTE FONT_THEME_1_PROMPT_char_59[30] =
{
    0xc0, 0x30, 0x60, 0x60, 0x60, 0x60, 0x30, 0xc0, 0x30, 0xc0, 0x19, 0x80, 0x19, 
    0x80, 0x0f, 0x00, 0x07, 0x00, 0x06, 0x00, 0x06, 0x00, 0x06, 0x00, 0x06, 0x00, 
    0x06, 0x00, 0x06, 0x00
};
static GX_CONST GX_UBYTE FONT_THEME_1_PROMPT_char_5a[30] =
{
    0xff, 0xc0, 0xff, 0xc0, 0x01, 0x80, 0x03, 0x80, 0x03, 0x00, 0x06, 0x00, 0x0e, 
    0x00, 0x0c, 0x00, 0x1c, 0x00, 0x18, 0x00, 0x30, 0x00, 0x70, 0x00, 0x60, 0x00, 
    0xff, 0xc0, 0xff, 0xc0
};
static GX_CONST GX_UBYTE FONT_THEME_1_PROMPT_char_5b[24] =
{
    0xf0, 0xf0, 0xc0, 0xc0, 0xc0, 0xc0, 0xc0, 0xc0, 0xc0, 0xc0, 0xc0, 0xc0, 0xc0, 
    0xc0, 0xc0, 0xc0, 0xc0, 0xc0, 0xc0, 0xc0, 0xc0, 0xc0, 0xf0, 0xf0
};
static GX_CONST GX_UBYTE FONT_THEME_1_PROMPT_char_5c[48] =
{
    0xc0, 0x00, 0xc0, 0x00, 0x60, 0x00, 0x60, 0x00, 0x60, 0x00, 0x60, 0x00, 0x30, 
    0x00, 0x30, 0x00, 0x30, 0x00, 0x18, 0x00, 0x18, 0x00, 0x18, 0x00, 0x18, 0x00, 
    0x0c, 0x00, 0x0c, 0x00, 0x0c, 0x00, 0x06, 0x00, 0x06, 0x00, 0x06, 0x00, 0x06, 
    0x00, 0x03, 0x00, 0x03, 0x00, 0x03, 0x00, 0x01, 0x80
};
static GX_CONST GX_UBYTE FONT_THEME_1_PROMPT_char_5d[24] =
{
    0xf0, 0xf0, 0x30, 0x30, 0x30, 0x30, 0x30, 0x30, 0x30, 0x30, 0x30, 0x30, 0x30, 
    0x30, 0x30, 0x30, 0x30, 0x30, 0x30, 0x30, 0x30, 0x30, 0xf0, 0xf0
};
static GX_CONST GX_UBYTE FONT_THEME_1_PROMPT_char_5e[24] =
{
    0x06, 0x00, 0x06, 0x00, 0x0f, 0x00, 0x0f, 0x00, 0x19, 0x80, 0x19, 0x80, 0x30, 
    0xc0, 0x30, 0xc0, 0x60, 0xc0, 0x60, 0x60, 0xe0, 0x60, 0xc0, 0x30
};
static GX_CONST GX_UBYTE FONT_THEME_1_PROMPT_char_5f[4] =
{
    0xff, 0xf0, 0xff, 0xf0
};
static GX_CONST GX_UBYTE FONT_THEME_1_PROMPT_char_60[4] =
{
    0x80, 0xc0, 0x70, 0x18
};
static GX_CONST GX_UBYTE FONT_THEME_1_PROMPT_char_61[24] =
{
    0x1f, 0x30, 0x3f, 0xb0, 0x70, 0xf0, 0xe0, 0x70, 0xc0, 0x30, 0xc0, 0x30, 0xc0, 
    0x30, 0xc0, 0x30, 0xe0, 0x70, 0x70, 0xf0, 0x3f, 0xb0, 0x1f, 0x30
};
static GX_CONST GX_UBYTE FONT_THEME_1_PROMPT_char_62[32] =
{
    0xc0, 0x00, 0xc0, 0x00, 0xc0, 0x00, 0xc0, 0x00, 0xcf, 0x80, 0xdf, 0xc0, 0xf0, 
    0xe0, 0xe0, 0x70, 0xc0, 0x30, 0xc0, 0x30, 0xc0, 0x30, 0xc0, 0x30, 0xe0, 0x70, 
    0xf0, 0xe0, 0xdf, 0xc0, 0xcf, 0x80
};
static GX_CONST GX_UBYTE FONT_THEME_1_PROMPT_char_63[24] =
{
    0x1f, 0x80, 0x3f, 0xc0, 0x60, 0xe0, 0xe0, 0x60, 0xc0, 0x00, 0xc0, 0x00, 0xc0, 
    0x00, 0xc0, 0x00, 0xe0, 0x60, 0x60, 0xe0, 0x3f, 0xc0, 0x1f, 0x00
};
static GX_CONST GX_UBYTE FONT_THEME_1_PROMPT_char_64[32] =
{
    0x00, 0x30, 0x00, 0x30, 0x00, 0x30, 0x00, 0x30, 0x1f, 0x30, 0x3f, 0xb0, 0x70, 
    0xf0, 0xe0, 0x70, 0xc0, 0x30, 0xc0, 0x30, 0xc0, 0x30, 0xc0, 0x30, 0xe0, 0x70, 
    0x70, 0xf0, 0x3f, 0xb0, 0x1f, 0x30
};
static GX_CONST GX_UBYTE FONT_THEME_1_PROMPT_char_65[24] =
{
    0x1f, 0x80, 0x3f, 0xc0, 0x60, 0x60, 0xe0, 0x30, 0xc0, 0x30, 0xff, 0xf0, 0xff, 
    0xf0, 0xc0, 0x00, 0xc0, 0x70, 0x60, 0x60, 0x3f, 0xc0, 0x1f, 0x80
};
static GX_CONST GX_UBYTE FONT_THEME_1_PROMPT_char_66[16] =
{
    0x1c, 0x3c, 0x30, 0x30, 0xfc, 0xfc, 0x30, 0x30, 0x30, 0x30, 0x30, 0x30, 0x30, 
    0x30, 0x30, 0x30
};
static GX_CONST GX_UBYTE FONT_THEME_1_PROMPT_char_67[36] =
{
    0x1f, 0x30, 0x3f, 0xb0, 0x70, 0xf0, 0xe0, 0x70, 0xc0, 0x30, 0xc0, 0x30, 0xc0, 
    0x30, 0xc0, 0x30, 0xe0, 0x70, 0x70, 0xf0, 0x3f, 0xb0, 0x1f, 0x30, 0x00, 0x30, 
    0x00, 0x30, 0x60, 0x70, 0x70, 0x60, 0x3f, 0xc0, 0x0f, 0x80
};
static GX_CONST GX_UBYTE FONT_THEME_1_PROMPT_char_68[32] =
{
    0xc0, 0x00, 0xc0, 0x00, 0xc0, 0x00, 0xc0, 0x00, 0xcf, 0x00, 0xff, 0xc0, 0xe0, 
    0xc0, 0xc0, 0x60, 0xc0, 0x60, 0xc0, 0x60, 0xc0, 0x60, 0xc0, 0x60, 0xc0, 0x60, 
    0xc0, 0x60, 0xc0, 0x60, 0xc0, 0x60
};
static GX_CONST GX_UBYTE FONT_THEME_1_PROMPT_char_69[16] =
{
    0xc0, 0xe0, 0xc0, 0x00, 0xc0, 0xc0, 0xc0, 0xc0, 0xc0, 0xc0, 0xc0, 0xc0, 0xc0, 
    0xc0, 0xc0, 0xc0
};
static GX_CONST GX_UBYTE FONT_THEME_1_PROMPT_char_6a[22] =
{
    0x30, 0x38, 0x10, 0x00, 0x30, 0x30, 0x30, 0x30, 0x30, 0x30, 0x30, 0x30, 0x30, 
    0x30, 0x30, 0x30, 0x30, 0x30, 0x30, 0x30, 0xf0, 0xe0
};
static GX_CONST GX_UBYTE FONT_THEME_1_PROMPT_char_6b[32] =
{
    0xc0, 0x00, 0xc0, 0x00, 0xc0, 0x00, 0xc0, 0x00, 0xc3, 0x80, 0xc7, 0x00, 0xce, 
    0x00, 0xcc, 0x00, 0xd8, 0x00, 0xf0, 0x00, 0xf0, 0x00, 0xd8, 0x00, 0xcc, 0x00, 
    0xc6, 0x00, 0xc7, 0x00, 0xc3, 0x80
};
static GX_CONST GX_UBYTE FONT_THEME_1_PROMPT_char_6c[16] =
{
    0xc0, 0xc0, 0xc0, 0xc0, 0xc0, 0xc0, 0xc0, 0xc0, 0xc0, 0xc0, 0xc0, 0xc0, 0xc0, 
    0xc0, 0xc0, 0xc0
};
static GX_CONST GX_UBYTE FONT_THEME_1_PROMPT_char_6d[36] =
{
    0xcf, 0x07, 0x80, 0xff, 0xdf, 0xe0, 0xe0, 0xd0, 0x60, 0xc0, 0x60, 0x30, 0xc0, 
    0x60, 0x30, 0xc0, 0x60, 0x30, 0xc0, 0x60, 0x30, 0xc0, 0x60, 0x30, 0xc0, 0x60, 
    0x30, 0xc0, 0x60, 0x30, 0xc0, 0x60, 0x30, 0xc0, 0x60, 0x30
};
static GX_CONST GX_UBYTE FONT_THEME_1_PROMPT_char_6e[24] =
{
    0xcf, 0x00, 0xff, 0xc0, 0xe0, 0xc0, 0xc0, 0x60, 0xc0, 0x60, 0xc0, 0x60, 0xc0, 
    0x60, 0xc0, 0x60, 0xc0, 0x60, 0xc0, 0x60, 0xc0, 0x60, 0xc0, 0x60
};
static GX_CONST GX_UBYTE FONT_THEME_1_PROMPT_char_6f[24] =
{
    0x1f, 0x80, 0x3f, 0xc0, 0x70, 0xe0, 0xe0, 0x70, 0xc0, 0x30, 0xc0, 0x30, 0xc0, 
    0x30, 0xc0, 0x30, 0xe0, 0x70, 0x70, 0xe0, 0x3f, 0xc0, 0x1f, 0x00
};
static GX_CONST GX_UBYTE FONT_THEME_1_PROMPT_char_70[36] =
{
    0xcf, 0x80, 0xdf, 0xc0, 0xf0, 0xe0, 0xe0, 0x70, 0xc0, 0x30, 0xc0, 0x30, 0xc0, 
    0x30, 0xc0, 0x30, 0xe0, 0x70, 0xf0, 0xe0, 0xdf, 0xc0, 0xcf, 0x80, 0xc0, 0x00, 
    0xc0, 0x00, 0xc0, 0x00, 0xc0, 0x00, 0xc0, 0x00, 0xc0, 0x00
};
static GX_CONST GX_UBYTE FONT_THEME_1_PROMPT_char_71[36] =
{
    0x1f, 0x30, 0x3f, 0xb0, 0x70, 0xf0, 0xe0, 0x70, 0xc0, 0x30, 0xc0, 0x30, 0xc0, 
    0x30, 0xc0, 0x30, 0xe0, 0x70, 0x70, 0xf0, 0x3f, 0xb0, 0x1f, 0x30, 0x00, 0x30, 
    0x00, 0x30, 0x00, 0x30, 0x00, 0x30, 0x00, 0x30, 0x00, 0x30
};
static GX_CONST GX_UBYTE FONT_THEME_1_PROMPT_char_72[12] =
{
    0xcc, 0xfc, 0xe0, 0xc0, 0xc0, 0xc0, 0xc0, 0xc0, 0xc0, 0xc0, 0xc0, 0xc0
};
static GX_CONST GX_UBYTE FONT_THEME_1_PROMPT_char_73[24] =
{
    0x3e, 0x00, 0x7f, 0x00, 0xc1, 0x80, 0xc1, 0x80, 0xe0, 0x00, 0x7c, 0x00, 0x1f, 
    0x00, 0x03, 0x80, 0xc1, 0x80, 0xc1, 0x80, 0x7f, 0x00, 0x3e, 0x00
};
static GX_CONST GX_UBYTE FONT_THEME_1_PROMPT_char_74[15] =
{
    0x30, 0x30, 0x30, 0xfe, 0xfe, 0x30, 0x30, 0x30, 0x30, 0x30, 0x30, 0x30, 0x30, 
    0x3e, 0x1e
};
static GX_CONST GX_UBYTE FONT_THEME_1_PROMPT_char_75[24] =
{
    0xc0, 0x60, 0xc0, 0x60, 0xc0, 0x60, 0xc0, 0x60, 0xc0, 0x60, 0xc0, 0x60, 0xc0, 
    0x60, 0xc0, 0x60, 0xc0, 0x60, 0x60, 0xe0, 0x7f, 0xe0, 0x1e, 0x60
};
static GX_CONST GX_UBYTE FONT_THEME_1_PROMPT_char_76[24] =
{
    0xe0, 0x30, 0x60, 0x60, 0x60, 0x60, 0x30, 0x60, 0x30, 0xc0, 0x38, 0xc0, 0x19, 
    0xc0, 0x19, 0x80, 0x0d, 0x80, 0x0f, 0x00, 0x0f, 0x00, 0x07, 0x00
};
static GX_CONST GX_UBYTE FONT_THEME_1_PROMPT_char_77[36] =
{
    0xc0, 0xc0, 0xc0, 0x60, 0xe1, 0x80, 0x61, 0xe1, 0x80, 0x61, 0xe1, 0x80, 0x31, 
    0x21, 0x00, 0x33, 0x33, 0x00, 0x33, 0x33, 0x00, 0x12, 0x12, 0x00, 0x1a, 0x1e, 
    0x00, 0x1e, 0x1e, 0x00, 0x0e, 0x1c, 0x00, 0x0c, 0x0c, 0x00
};
static GX_CONST GX_UBYTE FONT_THEME_1_PROMPT_char_78[24] =
{
    0x60, 0xc0, 0x71, 0x80, 0x31, 0x80, 0x1b, 0x00, 0x1e, 0x00, 0x0e, 0x00, 0x0e, 
    0x00, 0x1e, 0x00, 0x1b, 0x00, 0x33, 0x80, 0x61, 0x80, 0x60, 0xc0
};
static GX_CONST GX_UBYTE FONT_THEME_1_PROMPT_char_79[36] =
{
    0xe0, 0x30, 0x60, 0x60, 0x60, 0x60, 0x30, 0x60, 0x30, 0xc0, 0x38, 0xc0, 0x18, 
    0x80, 0x19, 0x80, 0x0d, 0x80, 0x0f, 0x00, 0x0f, 0x00, 0x06, 0x00, 0x06, 0x00, 
    0x06, 0x00, 0x0c, 0x00, 0x0c, 0x00, 0x18, 0x00, 0x18, 0x00
};
static GX_CONST GX_UBYTE FONT_THEME_1_PROMPT_char_7a[12] =
{
    0xff, 0xff, 0x06, 0x0e, 0x0c, 0x18, 0x18, 0x30, 0x60, 0x60, 0xff, 0xff
};
static GX_CONST GX_UBYTE FONT_THEME_1_PROMPT_char_7b[24] =
{
    0x1e, 0x3e, 0x30, 0x30, 0x30, 0x30, 0x30, 0x30, 0x30, 0x30, 0x70, 0xe0, 0xe0, 
    0x70, 0x30, 0x30, 0x30, 0x30, 0x30, 0x30, 0x30, 0x30, 0x3e, 0x1e
};
static GX_CONST GX_UBYTE FONT_THEME_1_PROMPT_char_7c[20] =
{
    0xc0, 0xc0, 0xc0, 0xc0, 0xc0, 0xc0, 0xc0, 0xc0, 0xc0, 0xc0, 0xc0, 0xc0, 0xc0, 
    0xc0, 0xc0, 0xc0, 0xc0, 0xc0, 0xc0, 0xc0
};
static GX_CONST GX_UBYTE FONT_THEME_1_PROMPT_char_7d[24] =
{
    0xe0, 0xf0, 0x30, 0x30, 0x30, 0x30, 0x30, 0x30, 0x30, 0x30, 0x38, 0x1c, 0x1c, 
    0x38, 0x30, 0x30, 0x30, 0x30, 0x30, 0x30, 0x30, 0x30, 0xf0, 0xe0
};
static GX_CONST GX_UBYTE FONT_THEME_1_PROMPT_char_7e[6] =
{
    0x78, 0x80, 0xff, 0x80, 0x87, 0x00
};
static GX_CONST GX_GLYPH THEME_1_PROMPT_FONT_PAGE_1_GLYPHS[95] =
{
    {FONT_THEME_1_PROMPT_char_20, 0, 0, 6, 0, 1, 1},
    {FONT_THEME_1_PROMPT_char_21, 15, 0, 7, 2, 3, 15},
    {FONT_THEME_1_PROMPT_char_22, 17, -13, 7, 1, 5, 4},
    {FONT_THEME_1_PROMPT_char_23, 16, 0, 18, 1, 16, 16},
    {FONT_THEME_1_PROMPT_char_24, 17, 2, 13, 1, 10, 19},
    {FONT_THEME_1_PROMPT_char_25, 15, 0, 17, 1, 15, 15},
    {FONT_THEME_1_PROMPT_char_26, 15, 0, 16, 1, 15, 15},
    {FONT_THEME_1_PROMPT_char_27, 17, -13, 4, 1, 2, 4},
    {FONT_THEME_1_PROMPT_char_28, 20, 4, 10, 2, 7, 24},
    {FONT_THEME_1_PROMPT_char_29, 20, 4, 10, 1, 7, 24},
    {FONT_THEME_1_PROMPT_char_2a, 16, -8, 11, 1, 8, 8},
    {FONT_THEME_1_PROMPT_char_2b, 13, -2, 15, 2, 11, 11},
    {FONT_THEME_1_PROMPT_char_2c, 3, 3, 4, -1, 4, 6},
    {FONT_THEME_1_PROMPT_char_2d, 9, -7, 12, 1, 9, 2},
    {FONT_THEME_1_PROMPT_char_2e, 3, 0, 5, 1, 3, 3},
    {FONT_THEME_1_PROMPT_char_2f, 20, 4, 10, 1, 8, 24},
    {FONT_THEME_1_PROMPT_char_30, 16, 0, 13, 1, 11, 16},
    {FONT_THEME_1_PROMPT_char_31, 16, 0, 7, 1, 4, 16},
    {FONT_THEME_1_PROMPT_char_32, 16, 0, 12, 1, 10, 16},
    {FONT_THEME_1_PROMPT_char_33, 16, 0, 12, 0, 10, 16},
    {FONT_THEME_1_PROMPT_char_34, 15, 0, 14, 1, 12, 15},
    {FONT_THEME_1_PROMPT_char_35, 16, 0, 14, 1, 11, 16},
    {FONT_THEME_1_PROMPT_char_36, 16, 0, 14, 2, 11, 16},
    {FONT_THEME_1_PROMPT_char_37, 16, 0, 12, 1, 10, 16},
    {FONT_THEME_1_PROMPT_char_38, 16, 0, 13, 1, 11, 16},
    {FONT_THEME_1_PROMPT_char_39, 16, 0, 14, 2, 11, 16},
    {FONT_THEME_1_PROMPT_char_3a, 12, 0, 5, 1, 3, 12},
    {FONT_THEME_1_PROMPT_char_3b, 12, 3, 5, 0, 4, 15},
    {FONT_THEME_1_PROMPT_char_3c, 13, -3, 12, 1, 8, 10},
    {FONT_THEME_1_PROMPT_char_3d, 11, -5, 15, 2, 11, 6},
    {FONT_THEME_1_PROMPT_char_3e, 13, -3, 12, 2, 8, 10},
    {FONT_THEME_1_PROMPT_char_3f, 15, 0, 12, 1, 10, 15},
    {FONT_THEME_1_PROMPT_char_40, 14, 4, 23, 2, 19, 18},
    {FONT_THEME_1_PROMPT_char_41, 15, 0, 15, 0, 13, 15},
    {FONT_THEME_1_PROMPT_char_42, 15, 0, 14, 2, 11, 15},
    {FONT_THEME_1_PROMPT_char_43, 15, 0, 17, 1, 15, 15},
    {FONT_THEME_1_PROMPT_char_44, 15, 0, 16, 2, 13, 15},
    {FONT_THEME_1_PROMPT_char_45, 15, 0, 12, 2, 9, 15},
    {FONT_THEME_1_PROMPT_char_46, 15, 0, 11, 2, 9, 15},
    {FONT_THEME_1_PROMPT_char_47, 15, 0, 17, 1, 15, 15},
    {FONT_THEME_1_PROMPT_char_48, 15, 0, 16, 2, 12, 15},
    {FONT_THEME_1_PROMPT_char_49, 15, 0, 6, 2, 2, 15},
    {FONT_THEME_1_PROMPT_char_4a, 15, 0, 12, 1, 9, 15},
    {FONT_THEME_1_PROMPT_char_4b, 15, 0, 14, 2, 11, 15},
    {FONT_THEME_1_PROMPT_char_4c, 15, 0, 10, 2, 8, 15},
    {FONT_THEME_1_PROMPT_char_4d, 15, 0, 20, 2, 16, 15},
    {FONT_THEME_1_PROMPT_char_4e, 15, 0, 16, 2, 12, 15},
    {FONT_THEME_1_PROMPT_char_4f, 15, 0, 17, 1, 15, 15},
    {FONT_THEME_1_PROMPT_char_50, 15, 0, 13, 2, 10, 15},
    {FONT_THEME_1_PROMPT_char_51, 15, 3, 17, 1, 15, 18},
    {FONT_THEME_1_PROMPT_char_52, 15, 0, 13, 2, 10, 15},
    {FONT_THEME_1_PROMPT_char_53, 15, 0, 12, 1, 10, 15},
    {FONT_THEME_1_PROMPT_char_54, 15, 0, 12, 1, 10, 15},
    {FONT_THEME_1_PROMPT_char_55, 15, 0, 16, 2, 12, 15},
    {FONT_THEME_1_PROMPT_char_56, 15, 0, 15, 0, 14, 15},
    {FONT_THEME_1_PROMPT_char_57, 15, 0, 21, 0, 21, 15},
    {FONT_THEME_1_PROMPT_char_58, 15, 0, 14, 0, 12, 15},
    {FONT_THEME_1_PROMPT_char_59, 15, 0, 12, -1, 12, 15},
    {FONT_THEME_1_PROMPT_char_5a, 15, 0, 12, 1, 10, 15},
    {FONT_THEME_1_PROMPT_char_5b, 20, 4, 9, 3, 4, 24},
    {FONT_THEME_1_PROMPT_char_5c, 20, 4, 14, 2, 9, 24},
    {FONT_THEME_1_PROMPT_char_5d, 20, 4, 9, 2, 4, 24},
    {FONT_THEME_1_PROMPT_char_5e, 16, -4, 14, 0, 12, 12},
    {FONT_THEME_1_PROMPT_char_5f, -1, 3, 16, 2, 12, 2},
    {FONT_THEME_1_PROMPT_char_60, 17, -12, 6, 1, 5, 4},
    {FONT_THEME_1_PROMPT_char_61, 12, 0, 15, 1, 12, 12},
    {FONT_THEME_1_PROMPT_char_62, 16, 0, 15, 2, 12, 16},
    {FONT_THEME_1_PROMPT_char_63, 12, 0, 13, 1, 11, 12},
    {FONT_THEME_1_PROMPT_char_64, 16, 0, 15, 1, 12, 16},
    {FONT_THEME_1_PROMPT_char_65, 12, 0, 14, 1, 12, 12},
    {FONT_THEME_1_PROMPT_char_66, 16, 0, 8, 1, 6, 16},
    {FONT_THEME_1_PROMPT_char_67, 12, 6, 15, 1, 12, 18},
    {FONT_THEME_1_PROMPT_char_68, 16, 0, 15, 2, 11, 16},
    {FONT_THEME_1_PROMPT_char_69, 16, 0, 5, 1, 3, 16},
    {FONT_THEME_1_PROMPT_char_6a, 16, 6, 6, 0, 5, 22},
    {FONT_THEME_1_PROMPT_char_6b, 16, 0, 12, 2, 10, 16},
    {FONT_THEME_1_PROMPT_char_6c, 16, 0, 6, 2, 2, 16},
    {FONT_THEME_1_PROMPT_char_6d, 12, 0, 24, 2, 20, 12},
    {FONT_THEME_1_PROMPT_char_6e, 12, 0, 15, 2, 11, 12},
    {FONT_THEME_1_PROMPT_char_6f, 12, 0, 14, 1, 12, 12},
    {FONT_THEME_1_PROMPT_char_70, 12, 6, 15, 2, 12, 18},
    {FONT_THEME_1_PROMPT_char_71, 12, 6, 15, 1, 12, 18},
    {FONT_THEME_1_PROMPT_char_72, 12, 0, 9, 2, 6, 12},
    {FONT_THEME_1_PROMPT_char_73, 12, 0, 11, 1, 9, 12},
    {FONT_THEME_1_PROMPT_char_74, 15, 0, 9, 1, 7, 15},
    {FONT_THEME_1_PROMPT_char_75, 12, 0, 15, 2, 11, 12},
    {FONT_THEME_1_PROMPT_char_76, 12, 0, 12, 0, 12, 12},
    {FONT_THEME_1_PROMPT_char_77, 12, 0, 18, 0, 18, 12},
    {FONT_THEME_1_PROMPT_char_78, 12, 0, 11, 0, 10, 12},
    {FONT_THEME_1_PROMPT_char_79, 12, 6, 12, 0, 12, 18},
    {FONT_THEME_1_PROMPT_char_7a, 12, 0, 10, 1, 8, 12},
    {FONT_THEME_1_PROMPT_char_7b, 20, 4, 10, 2, 7, 24},
    {FONT_THEME_1_PROMPT_char_7c, 18, 2, 6, 2, 2, 20},
    {FONT_THEME_1_PROMPT_char_7d, 20, 4, 9, 1, 6, 24},
    {FONT_THEME_1_PROMPT_char_7e, 8, -5, 11, 0, 10, 3}
};

static GX_CONST GX_FONT THEME_1_PROMPT = 
{
    GX_FONT_FORMAT_1BPP,                     /* format                         */
    0,                                       /* line pre-space                 */
    0,                                       /* line post-space                */ 
    26,                                      /* font data height               */
    20,                                      /* font baseline offset           */
    0x20,                                    /* first glyph within data page   */
    0x7e,                                    /* last glyph within data page    */
    {THEME_1_PROMPT_FONT_PAGE_1_GLYPHS},     /* pointer to glyph data          */
    GX_NULL                                  /* next font page                 */
};


/* Font THEME_1_TEXT_INPUT Data Definition                                     */

static GX_CONST GX_UBYTE FONT_THEME_1_TEXT_INPUT_char_20[1] =
{
    0x00
};
static GX_CONST GX_UBYTE FONT_THEME_1_TEXT_INPUT_char_21[18] =
{
    0xc0, 0xc0, 0xc0, 0xc0, 0xc0, 0xc0, 0xc0, 0xc0, 0xc0, 0xc0, 0xc0, 0xc0, 0xc0, 
    0x00, 0x00, 0xe0, 0xe0, 0xe0
};
static GX_CONST GX_UBYTE FONT_THEME_1_TEXT_INPUT_char_22[5] =
{
    0xd8, 0xd8, 0xd8, 0xd8, 0xd8
};
static GX_CONST GX_UBYTE FONT_THEME_1_TEXT_INPUT_char_23[57] =
{
    0x03, 0x03, 0x00, 0x03, 0x07, 0x00, 0x03, 0x06, 0x00, 0x03, 0x06, 0x00, 0x07, 
    0x06, 0x00, 0x7f, 0xff, 0xc0, 0x7f, 0xff, 0xc0, 0x06, 0x0c, 0x00, 0x06, 0x0c, 
    0x00, 0x0e, 0x0c, 0x00, 0x0c, 0x0c, 0x00, 0x0c, 0x1c, 0x00, 0xff, 0xff, 0x80, 
    0xff, 0xff, 0x80, 0x1c, 0x18, 0x00, 0x18, 0x18, 0x00, 0x18, 0x38, 0x00, 0x18, 
    0x30, 0x00, 0x18, 0x30, 0x00
};
static GX_CONST GX_UBYTE FONT_THEME_1_TEXT_INPUT_char_24[44] =
{
    0x04, 0x00, 0x04, 0x00, 0x1f, 0x00, 0x7f, 0xc0, 0xe5, 0xc0, 0xc4, 0xe0, 0xc4, 
    0x00, 0xc4, 0x00, 0xe4, 0x00, 0x74, 0x00, 0x3e, 0x00, 0x0f, 0xc0, 0x05, 0xe0, 
    0x04, 0xe0, 0x04, 0x60, 0xc4, 0x60, 0xe4, 0x60, 0x64, 0xe0, 0x7f, 0xc0, 0x1f, 
    0x00, 0x04, 0x00, 0x04, 0x00
};
static GX_CONST GX_UBYTE FONT_THEME_1_TEXT_INPUT_char_25[36] =
{
    0x38, 0x08, 0x7e, 0x18, 0xe6, 0x10, 0xc6, 0x30, 0xc6, 0x20, 0xe6, 0x60, 0x7e, 
    0x40, 0x3c, 0xc0, 0x00, 0x80, 0x01, 0x80, 0x03, 0x00, 0x03, 0x3e, 0x06, 0x77, 
    0x06, 0x63, 0x0c, 0x63, 0x0c, 0x73, 0x18, 0x3f, 0x18, 0x1e
};
static GX_CONST GX_UBYTE FONT_THEME_1_TEXT_INPUT_char_26[54] =
{
    0x07, 0x80, 0x00, 0x0f, 0xc0, 0x00, 0x1c, 0xe0, 0x00, 0x18, 0x60, 0x00, 0x18, 
    0x00, 0x00, 0x18, 0x00, 0x00, 0x1c, 0x00, 0x00, 0x0e, 0x00, 0x00, 0x3f, 0x00, 
    0x00, 0x7b, 0x86, 0x00, 0x61, 0xce, 0x00, 0xc0, 0xec, 0x00, 0xc0, 0x7c, 0x00, 
    0xc0, 0x38, 0x00, 0xe0, 0x38, 0x00, 0x70, 0xec, 0x00, 0x7f, 0xce, 0x00, 0x1f, 
    0x87, 0x00
};
static GX_CONST GX_UBYTE FONT_THEME_1_TEXT_INPUT_char_27[5] =
{
    0xc0, 0xc0, 0xc0, 0xc0, 0xc0
};
static GX_CONST GX_UBYTE FONT_THEME_1_TEXT_INPUT_char_28[28] =
{
    0x06, 0x0c, 0x1c, 0x18, 0x30, 0x30, 0x70, 0x60, 0x60, 0xe0, 0xe0, 0xc0, 0xc0, 
    0xc0, 0xc0, 0xc0, 0xc0, 0xc0, 0xe0, 0x60, 0x60, 0x60, 0x70, 0x30, 0x38, 0x18, 
    0x0c, 0x0e
};
static GX_CONST GX_UBYTE FONT_THEME_1_TEXT_INPUT_char_29[28] =
{
    0x60, 0x30, 0x38, 0x1c, 0x0c, 0x0e, 0x06, 0x06, 0x07, 0x07, 0x03, 0x03, 0x03, 
    0x03, 0x03, 0x03, 0x03, 0x03, 0x03, 0x07, 0x06, 0x06, 0x0e, 0x0c, 0x1c, 0x18, 
    0x30, 0x70
};
static GX_CONST GX_UBYTE FONT_THEME_1_TEXT_INPUT_char_2a[18] =
{
    0x0c, 0x00, 0x0c, 0x00, 0x69, 0x80, 0x7b, 0x00, 0x0c, 0x00, 0x7b, 0x00, 0x69, 
    0x80, 0x0c, 0x00, 0x0c, 0x00
};
static GX_CONST GX_UBYTE FONT_THEME_1_TEXT_INPUT_char_2b[26] =
{
    0x06, 0x00, 0x06, 0x00, 0x06, 0x00, 0x06, 0x00, 0x06, 0x00, 0x06, 0x00, 0xff, 
    0xf0, 0xff, 0xf0, 0x06, 0x00, 0x06, 0x00, 0x06, 0x00, 0x06, 0x00, 0x06, 0x00

};
static GX_CONST GX_UBYTE FONT_THEME_1_TEXT_INPUT_char_2c[7] =
{
    0x30, 0x70, 0x60, 0x60, 0x40, 0xc0, 0xc0
};
static GX_CONST GX_UBYTE FONT_THEME_1_TEXT_INPUT_char_2d[4] =
{
    0xff, 0xc0, 0xff, 0xc0
};
static GX_CONST GX_UBYTE FONT_THEME_1_TEXT_INPUT_char_2e[3] =
{
    0xe0, 0xe0, 0xe0
};
static GX_CONST GX_UBYTE FONT_THEME_1_TEXT_INPUT_char_2f[56] =
{
    0x01, 0x80, 0x03, 0x80, 0x03, 0x00, 0x03, 0x00, 0x03, 0x00, 0x03, 0x00, 0x06, 
    0x00, 0x06, 0x00, 0x06, 0x00, 0x06, 0x00, 0x0e, 0x00, 0x0c, 0x00, 0x0c, 0x00, 
    0x0c, 0x00, 0x1c, 0x00, 0x18, 0x00, 0x18, 0x00, 0x18, 0x00, 0x38, 0x00, 0x30, 
    0x00, 0x30, 0x00, 0x30, 0x00, 0x30, 0x00, 0x70, 0x00, 0x60, 0x00, 0x60, 0x00, 
    0x60, 0x00, 0xe0, 0x00
};
static GX_CONST GX_UBYTE FONT_THEME_1_TEXT_INPUT_char_30[38] =
{
    0x1f, 0x80, 0x3f, 0xc0, 0x70, 0xe0, 0x60, 0x60, 0x60, 0x70, 0xe0, 0x30, 0xc0, 
    0x30, 0xc0, 0x30, 0xc0, 0x30, 0xc0, 0x30, 0xc0, 0x30, 0xc0, 0x30, 0xc0, 0x30, 
    0xe0, 0x30, 0x60, 0x70, 0x60, 0x60, 0x70, 0xe0, 0x3f, 0xc0, 0x0f, 0x80
};
static GX_CONST GX_UBYTE FONT_THEME_1_TEXT_INPUT_char_31[19] =
{
    0xf8, 0xf8, 0x18, 0x18, 0x18, 0x18, 0x18, 0x18, 0x18, 0x18, 0x18, 0x18, 0x18, 
    0x18, 0x18, 0x18, 0x18, 0x18, 0x18
};
static GX_CONST GX_UBYTE FONT_THEME_1_TEXT_INPUT_char_32[38] =
{
    0x1f, 0x00, 0x3f, 0xc0, 0x71, 0xc0, 0xe0, 0xe0, 0xc0, 0x60, 0xc0, 0x60, 0x00, 
    0x60, 0x00, 0xe0, 0x00, 0xc0, 0x01, 0xc0, 0x01, 0x80, 0x03, 0x80, 0x07, 0x00, 
    0x0e, 0x00, 0x1c, 0x00, 0x38, 0x00, 0x70, 0x00, 0xff, 0xe0, 0xff, 0xe0
};
static GX_CONST GX_UBYTE FONT_THEME_1_TEXT_INPUT_char_33[38] =
{
    0x1f, 0x00, 0x3f, 0xc0, 0x70, 0xe0, 0xe0, 0x60, 0xc0, 0x60, 0x00, 0x60, 0x00, 
    0x60, 0x01, 0xc0, 0x0f, 0x80, 0x0f, 0x80, 0x01, 0xc0, 0x00, 0xe0, 0x00, 0x60, 
    0x00, 0x60, 0xc0, 0x60, 0xe0, 0x60, 0x70, 0xe0, 0x3f, 0xc0, 0x1f, 0x00
};
static GX_CONST GX_UBYTE FONT_THEME_1_TEXT_INPUT_char_34[36] =
{
    0x00, 0xe0, 0x01, 0xe0, 0x01, 0xe0, 0x03, 0x60, 0x06, 0x60, 0x06, 0x60, 0x0c, 
    0x60, 0x18, 0x60, 0x18, 0x60, 0x30, 0x60, 0x60, 0x60, 0x60, 0x60, 0xff, 0xf8, 
    0xff, 0xf8, 0x00, 0x60, 0x00, 0x60, 0x00, 0x60, 0x00, 0x60
};
static GX_CONST GX_UBYTE FONT_THEME_1_TEXT_INPUT_char_35[38] =
{
    0xff, 0xe0, 0xff, 0xe0, 0xc0, 0x00, 0xc0, 0x00, 0xc0, 0x00, 0xc0, 0x00, 0xc0, 
    0x00, 0xcf, 0x80, 0xdf, 0xc0, 0xf0, 0xe0, 0xe0, 0x70, 0x00, 0x30, 0x00, 0x30, 
    0x00, 0x30, 0xc0, 0x30, 0xe0, 0x70, 0x70, 0xe0, 0x7f, 0xc0, 0x1f, 0x80
};
static GX_CONST GX_UBYTE FONT_THEME_1_TEXT_INPUT_char_36[38] =
{
    0x0f, 0x00, 0x3f, 0xc0, 0x70, 0xe0, 0x60, 0x60, 0x60, 0x60, 0xe0, 0x00, 0xc0, 
    0x00, 0xcf, 0x80, 0xdf, 0xc0, 0xf0, 0xe0, 0xe0, 0x70, 0xe0, 0x30, 0xe0, 0x30, 
    0xe0, 0x30, 0x60, 0x30, 0x60, 0x70, 0x70, 0xe0, 0x3f, 0xc0, 0x0f, 0x80
};
static GX_CONST GX_UBYTE FONT_THEME_1_TEXT_INPUT_char_37[38] =
{
    0xff, 0xe0, 0xff, 0xe0, 0x00, 0x60, 0x00, 0xc0, 0x00, 0xc0, 0x00, 0xc0, 0x01, 
    0x80, 0x01, 0x80, 0x03, 0x00, 0x03, 0x00, 0x03, 0x00, 0x06, 0x00, 0x06, 0x00, 
    0x06, 0x00, 0x0c, 0x00, 0x0c, 0x00, 0x18, 0x00, 0x18, 0x00, 0x18, 0x00
};
static GX_CONST GX_UBYTE FONT_THEME_1_TEXT_INPUT_char_38[38] =
{
    0x1f, 0x80, 0x7f, 0xe0, 0x70, 0xe0, 0xe0, 0x70, 0xc0, 0x30, 0xc0, 0x30, 0xe0, 
    0x70, 0x70, 0xe0, 0x3f, 0xc0, 0x3f, 0xc0, 0x70, 0xe0, 0xe0, 0x70, 0xc0, 0x30, 
    0xc0, 0x30, 0xc0, 0x30, 0xe0, 0x70, 0x70, 0xe0, 0x3f, 0xe0, 0x1f, 0x80
};
static GX_CONST GX_UBYTE FONT_THEME_1_TEXT_INPUT_char_39[38] =
{
    0x1f, 0x80, 0x3f, 0xc0, 0x70, 0xe0, 0xe0, 0x60, 0xc0, 0x20, 0xc0, 0x30, 0xc0, 
    0x30, 0xc0, 0x30, 0xe0, 0x70, 0x70, 0xf0, 0x3f, 0xb0, 0x1f, 0x30, 0x00, 0x30, 
    0x00, 0x30, 0x60, 0x60, 0x60, 0x60, 0x70, 0xe0, 0x3f, 0xc0, 0x0f, 0x80
};
static GX_CONST GX_UBYTE FONT_THEME_1_TEXT_INPUT_char_3a[14] =
{
    0xe0, 0xe0, 0xe0, 0x00, 0x00, 0x00, 0x00, 0x00, 0x00, 0x00, 0x00, 0xe0, 0xe0, 
    0xe0
};
static GX_CONST GX_UBYTE FONT_THEME_1_TEXT_INPUT_char_3b[17] =
{
    0x70, 0x70, 0x70, 0x00, 0x00, 0x00, 0x00, 0x00, 0x00, 0x00, 0x30, 0x70, 0x60, 
    0x60, 0x40, 0xc0, 0xc0
};
static GX_CONST GX_UBYTE FONT_THEME_1_TEXT_INPUT_char_3c[24] =
{
    0x07, 0x00, 0x0e, 0x00, 0x1c, 0x00, 0x38, 0x00, 0x70, 0x00, 0xe0, 0x00, 0xe0, 
    0x00, 0x70, 0x00, 0x38, 0x00, 0x1c, 0x00, 0x0e, 0x00, 0x07, 0x00
};
static GX_CONST GX_UBYTE FONT_THEME_1_TEXT_INPUT_char_3d[14] =
{
    0xff, 0xf0, 0xff, 0xf0, 0x00, 0x00, 0x00, 0x00, 0x00, 0x00, 0xff, 0xf0, 0xff, 
    0xf0
};
static GX_CONST GX_UBYTE FONT_THEME_1_TEXT_INPUT_char_3e[24] =
{
    0x70, 0x00, 0x30, 0x00, 0x18, 0x00, 0x0c, 0x00, 0x06, 0x00, 0x03, 0x00, 0x03, 
    0x00, 0x06, 0x00, 0x0c, 0x00, 0x18, 0x00, 0x30, 0x00, 0x70, 0x00
};
static GX_CONST GX_UBYTE FONT_THEME_1_TEXT_INPUT_char_3f[36] =
{
    0x1e, 0x00, 0x7f, 0x80, 0x61, 0xc0, 0xe0, 0xc0, 0xc0, 0xc0, 0x00, 0xc0, 0x00, 
    0xc0, 0x01, 0xc0, 0x03, 0xc0, 0x1f, 0x80, 0x1e, 0x00, 0x18, 0x00, 0x18, 0x00, 
    0x00, 0x00, 0x00, 0x00, 0x18, 0x00, 0x38, 0x00, 0x18, 0x00
};
static GX_CONST GX_UBYTE FONT_THEME_1_TEXT_INPUT_char_40[63] =
{
    0x00, 0x7f, 0x00, 0x03, 0xff, 0xc0, 0x07, 0x81, 0xe0, 0x0e, 0x00, 0x70, 0x18, 
    0x7b, 0x30, 0x39, 0xfb, 0x38, 0x73, 0x8e, 0x18, 0x63, 0x06, 0x18, 0x67, 0x06, 
    0x18, 0xe6, 0x06, 0x18, 0xc6, 0x06, 0x18, 0xc6, 0x06, 0x38, 0xc6, 0x0e, 0x30, 
    0xc7, 0x0e, 0x70, 0xc3, 0xf7, 0xe0, 0xe1, 0xe3, 0xc0, 0x60, 0x00, 0x00, 0x70, 
    0x00, 0x00, 0x3c, 0x08, 0x00, 0x1f, 0xf8, 0x00, 0x07, 0xf0, 0x00
};
static GX_CONST GX_UBYTE FONT_THEME_1_TEXT_INPUT_char_41[36] =
{
    0x03, 0x80, 0x07, 0x80, 0x07, 0x80, 0x07, 0xc0, 0x0e, 0xc0, 0x0c, 0xc0, 0x0c, 
    0xe0, 0x1c, 0x60, 0x18, 0x60, 0x18, 0x70, 0x38, 0x30, 0x30, 0x30, 0x3f, 0xf8, 
    0x7f, 0xf8, 0x60, 0x18, 0x60, 0x1c, 0xe0, 0x0c, 0xc0, 0x0c
};
static GX_CONST GX_UBYTE FONT_THEME_1_TEXT_INPUT_char_42[36] =
{
    0xff, 0x00, 0xff, 0xc0, 0xc0, 0xe0, 0xc0, 0x60, 0xc0, 0x60, 0xc0, 0x60, 0xc0, 
    0x60, 0xc0, 0xc0, 0xff, 0x80, 0xff, 0xc0, 0xc0, 0xe0, 0xc0, 0x70, 0xc0, 0x30, 
    0xc0, 0x30, 0xc0, 0x70, 0xc0, 0xe0, 0xff, 0xe0, 0xff, 0x80
};
static GX_CONST GX_UBYTE FONT_THEME_1_TEXT_INPUT_char_43[36] =
{
    0x03, 0xe0, 0x0f, 0xf8, 0x3c, 0x1c, 0x30, 0x0e, 0x70, 0x07, 0x60, 0x00, 0xe0, 
    0x00, 0xc0, 0x00, 0xc0, 0x00, 0xc0, 0x00, 0xc0, 0x00, 0xe0, 0x00, 0x60, 0x00, 
    0x60, 0x07, 0x30, 0x0e, 0x3c, 0x1c, 0x0f, 0xf8, 0x07, 0xe0
};
static GX_CONST GX_UBYTE FONT_THEME_1_TEXT_INPUT_char_44[36] =
{
    0xff, 0x00, 0xff, 0xe0, 0xc0, 0xf0, 0xc0, 0x30, 0xc0, 0x18, 0xc0, 0x18, 0xc0, 
    0x1c, 0xc0, 0x0c, 0xc0, 0x0c, 0xc0, 0x0c, 0xc0, 0x0c, 0xc0, 0x1c, 0xc0, 0x18, 
    0xc0, 0x18, 0xc0, 0x38, 0xc0, 0xf0, 0xff, 0xe0, 0xff, 0x80
};
static GX_CONST GX_UBYTE FONT_THEME_1_TEXT_INPUT_char_45[36] =
{
    0xff, 0x80, 0xff, 0x80, 0xc0, 0x00, 0xc0, 0x00, 0xc0, 0x00, 0xc0, 0x00, 0xc0, 
    0x00, 0xc0, 0x00, 0xff, 0x80, 0xff, 0x80, 0xc0, 0x00, 0xc0, 0x00, 0xc0, 0x00, 
    0xc0, 0x00, 0xc0, 0x00, 0xc0, 0x00, 0xff, 0x80, 0xff, 0x80
};
static GX_CONST GX_UBYTE FONT_THEME_1_TEXT_INPUT_char_46[36] =
{
    0xff, 0xc0, 0xff, 0xc0, 0xc0, 0x00, 0xc0, 0x00, 0xc0, 0x00, 0xc0, 0x00, 0xc0, 
    0x00, 0xc0, 0x00, 0xff, 0x00, 0xff, 0x00, 0xc0, 0x00, 0xc0, 0x00, 0xc0, 0x00, 
    0xc0, 0x00, 0xc0, 0x00, 0xc0, 0x00, 0xc0, 0x00, 0xc0, 0x00
};
static GX_CONST GX_UBYTE FONT_THEME_1_TEXT_INPUT_char_47[54] =
{
    0x03, 0xf0, 0x00, 0x0f, 0xfc, 0x00, 0x1c, 0x1e, 0x00, 0x30, 0x07, 0x00, 0x70, 
    0x03, 0x00, 0x60, 0x00, 0x00, 0xe0, 0x00, 0x00, 0xc0, 0x00, 0x00, 0xc0, 0xff, 
    0x80, 0xc0, 0xff, 0x80, 0xc0, 0x01, 0x80, 0xe0, 0x03, 0x80, 0x60, 0x03, 0x00, 
    0x70, 0x07, 0x00, 0x30, 0x06, 0x00, 0x1c, 0x1e, 0x00, 0x0f, 0xf8, 0x00, 0x03, 
    0xf0, 0x00
};
static GX_CONST GX_UBYTE FONT_THEME_1_TEXT_INPUT_char_48[36] =
{
    0xc0, 0x18, 0xc0, 0x18, 0xc0, 0x18, 0xc0, 0x18, 0xc0, 0x18, 0xc0, 0x18, 0xc0, 
    0x18, 0xc0, 0x18, 0xff, 0xf8, 0xff, 0xf8, 0xc0, 0x18, 0xc0, 0x18, 0xc0, 0x18, 
    0xc0, 0x18, 0xc0, 0x18, 0xc0, 0x18, 0xc0, 0x18, 0xc0, 0x18
};
static GX_CONST GX_UBYTE FONT_THEME_1_TEXT_INPUT_char_49[18] =
{
    0xc0, 0xc0, 0xc0, 0xc0, 0xc0, 0xc0, 0xc0, 0xc0, 0xc0, 0xc0, 0xc0, 0xc0, 0xc0, 
    0xc0, 0xc0, 0xc0, 0xc0, 0xc0
};
static GX_CONST GX_UBYTE FONT_THEME_1_TEXT_INPUT_char_4a[36] =
{
    0x01, 0x80, 0x01, 0x80, 0x01, 0x80, 0x01, 0x80, 0x01, 0x80, 0x01, 0x80, 0x01, 
    0x80, 0x01, 0x80, 0x01, 0x80, 0x01, 0x80, 0x01, 0x80, 0x01, 0x80, 0x01, 0x80, 
    0xc1, 0x80, 0xc1, 0x80, 0xe3, 0x80, 0x7f, 0x00, 0x3e, 0x00
};
static GX_CONST GX_UBYTE FONT_THEME_1_TEXT_INPUT_char_4b[36] =
{
    0xc0, 0x60, 0xc0, 0xe0, 0xc1, 0xc0, 0xc3, 0x80, 0xc7, 0x00, 0xc6, 0x00, 0xcc, 
    0x00, 0xdc, 0x00, 0xf8, 0x00, 0xf8, 0x00, 0xdc, 0x00, 0xcc, 0x00, 0xc6, 0x00, 
    0xc7, 0x00, 0xc3, 0x80, 0xc1, 0xc0, 0xc0, 0xe0, 0xc0, 0x70
};
static GX_CONST GX_UBYTE FONT_THEME_1_TEXT_INPUT_char_4c[18] =
{
    0xc0, 0xc0, 0xc0, 0xc0, 0xc0, 0xc0, 0xc0, 0xc0, 0xc0, 0xc0, 0xc0, 0xc0, 0xc0, 
    0xc0, 0xc0, 0xc0, 0xff, 0xff
};
static GX_CONST GX_UBYTE FONT_THEME_1_TEXT_INPUT_char_4d[54] =
{
    0xe0, 0x03, 0x80, 0xe0, 0x03, 0x80, 0xe0, 0x03, 0x80, 0xf0, 0x07, 0x80, 0xf0, 
    0x07, 0x80, 0xd8, 0x0d, 0x80, 0xd8, 0x0d, 0x80, 0xd8, 0x0d, 0x80, 0xcc, 0x19, 
    0x80, 0xcc, 0x19, 0x80, 0xc6, 0x31, 0x80, 0xc6, 0x31, 0x80, 0xc7, 0x71, 0x80, 
    0xc3, 0x61, 0x80, 0xc3, 0x61, 0x80, 0xc1, 0xc1, 0x80, 0xc1, 0xc1, 0x80, 0xc0, 
    0xc1, 0x80
};
static GX_CONST GX_UBYTE FONT_THEME_1_TEXT_INPUT_char_4e[36] =
{
    0xe0, 0x18, 0xe0, 0x18, 0xf0, 0x18, 0xf0, 0x18, 0xd8, 0x18, 0xdc, 0x18, 0xcc, 
    0x18, 0xc6, 0x18, 0xc6, 0x18, 0xc3, 0x18, 0xc3, 0x98, 0xc1, 0x98, 0xc0, 0xd8, 
    0xc0, 0xf8, 0xc0, 0x78, 0xc0, 0x78, 0xc0, 0x38, 0xc0, 0x18
};
static GX_CONST GX_UBYTE FONT_THEME_1_TEXT_INPUT_char_4f[54] =
{
    0x03, 0xe0, 0x00, 0x0f, 0xf8, 0x00, 0x3c, 0x1e, 0x00, 0x30, 0x06, 0x00, 0x70, 
    0x07, 0x00, 0x60, 0x03, 0x00, 0xe0, 0x03, 0x80, 0xc0, 0x01, 0x80, 0xc0, 0x01, 
    0x80, 0xc0, 0x01, 0x80, 0xc0, 0x01, 0x80, 0xe0, 0x03, 0x80, 0x60, 0x03, 0x00, 
    0x70, 0x07, 0x00, 0x30, 0x06, 0x00, 0x3c, 0x1e, 0x00, 0x0f, 0xf8, 0x00, 0x07, 
    0xf0, 0x00
};
static GX_CONST GX_UBYTE FONT_THEME_1_TEXT_INPUT_char_50[36] =
{
    0xff, 0x00, 0xff, 0xc0, 0xc0, 0xc0, 0xc0, 0x60, 0xc0, 0x60, 0xc0, 0x60, 0xc0, 
    0x60, 0xc0, 0x60, 0xc0, 0xc0, 0xff, 0xc0, 0xff, 0x00, 0xc0, 0x00, 0xc0, 0x00, 
    0xc0, 0x00, 0xc0, 0x00, 0xc0, 0x00, 0xc0, 0x00, 0xc0, 0x00
};
static GX_CONST GX_UBYTE FONT_THEME_1_TEXT_INPUT_char_51[63] =
{
    0x03, 0xe0, 0x00, 0x0f, 0xf8, 0x00, 0x3c, 0x1e, 0x00, 0x30, 0x06, 0x00, 0x70, 
    0x07, 0x00, 0x60, 0x03, 0x00, 0xe0, 0x03, 0x80, 0xc0, 0x01, 0x80, 0xc0, 0x01, 
    0x80, 0xc0, 0x01, 0x80, 0xc0, 0x01, 0x80, 0xe0, 0x03, 0x80, 0x60, 0x03, 0x00, 
    0x70, 0x07, 0x00, 0x30, 0x06, 0x00, 0x3c, 0x1e, 0x00, 0x0f, 0xf8, 0x00, 0x07, 
    0xfc, 0x00, 0x00, 0x0e, 0x00, 0x00, 0x07, 0x00, 0x00, 0x03, 0x80
};
static GX_CONST GX_UBYTE FONT_THEME_1_TEXT_INPUT_char_52[36] =
{
    0xff, 0x00, 0xff, 0xc0, 0xc0, 0xc0, 0xc0, 0x60, 0xc0, 0x60, 0xc0, 0x60, 0xc0, 
    0x60, 0xc0, 0xe0, 0xc0, 0xc0, 0xff, 0xc0, 0xff, 0x00, 0xc7, 0x00, 0xc3, 0x00, 
    0xc3, 0x80, 0xc1, 0x80, 0xc1, 0xc0, 0xc0, 0xe0, 0xc0, 0x60
};
static GX_CONST GX_UBYTE FONT_THEME_1_TEXT_INPUT_char_53[36] =
{
    0x1f, 0x00, 0x7f, 0xc0, 0x61, 0xc0, 0xe0, 0xe0, 0xc0, 0x60, 0xc0, 0x00, 0xe0, 
    0x00, 0x78, 0x00, 0x3f, 0x00, 0x0f, 0xc0, 0x01, 0xe0, 0x00, 0xe0, 0x00, 0x60, 
    0xc0, 0x60, 0xe0, 0x60, 0x70, 0xe0, 0x7f, 0xc0, 0x1f, 0x00
};
static GX_CONST GX_UBYTE FONT_THEME_1_TEXT_INPUT_char_54[36] =
{
    0xff, 0xe0, 0xff, 0xe0, 0x06, 0x00, 0x06, 0x00, 0x06, 0x00, 0x06, 0x00, 0x06, 
    0x00, 0x06, 0x00, 0x06, 0x00, 0x06, 0x00, 0x06, 0x00, 0x06, 0x00, 0x06, 0x00, 
    0x06, 0x00, 0x06, 0x00, 0x06, 0x00, 0x06, 0x00, 0x06, 0x00
};
static GX_CONST GX_UBYTE FONT_THEME_1_TEXT_INPUT_char_55[36] =
{
    0xc0, 0x18, 0xc0, 0x18, 0xc0, 0x18, 0xc0, 0x18, 0xc0, 0x18, 0xc0, 0x18, 0xc0, 
    0x18, 0xc0, 0x18, 0xc0, 0x18, 0xc0, 0x18, 0xc0, 0x18, 0xc0, 0x18, 0xc0, 0x18, 
    0xe0, 0x38, 0x60, 0x30, 0x70, 0x70, 0x3f, 0xe0, 0x0f, 0x80
};
static GX_CONST GX_UBYTE FONT_THEME_1_TEXT_INPUT_char_56[36] =
{
    0xc0, 0x0e, 0xc0, 0x0c, 0xe0, 0x0c, 0x60, 0x18, 0x60, 0x18, 0x70, 0x38, 0x30, 
    0x30, 0x30, 0x30, 0x18, 0x70, 0x18, 0x60, 0x18, 0x60, 0x0c, 0xe0, 0x0c, 0xc0, 
    0x0c, 0xc0, 0x07, 0xc0, 0x07, 0x80, 0x07, 0x80, 0x03, 0x80
};
static GX_CONST GX_UBYTE FONT_THEME_1_TEXT_INPUT_char_57[54] =
{
    0xc0, 0x70, 0x1c, 0xc0, 0x70, 0x18, 0xc0, 0x78, 0x18, 0xe0, 0x78, 0x18, 0x60, 
    0xd8, 0x38, 0x60, 0xd8, 0x30, 0x60, 0xdc, 0x30, 0x30, 0xcc, 0x30, 0x31, 0x8c, 
    0x70, 0x31, 0x8c, 0x60, 0x31, 0x86, 0x60, 0x19, 0x06, 0x60, 0x1b, 0x06, 0xe0, 
    0x1b, 0x06, 0xc0, 0x1b, 0x03, 0xc0, 0x0e, 0x03, 0xc0, 0x0e, 0x03, 0x80, 0x0e, 
    0x03, 0x80
};
static GX_CONST GX_UBYTE FONT_THEME_1_TEXT_INPUT_char_58[36] =
{
    0xe0, 0x38, 0x60, 0x30, 0x70, 0x60, 0x38, 0xe0, 0x18, 0xc0, 0x1d, 0xc0, 0x0d, 
    0x80, 0x0f, 0x80, 0x07, 0x00, 0x07, 0x00, 0x0f, 0x80, 0x0d, 0x80, 0x1d, 0xc0, 
    0x18, 0xc0, 0x30, 0xe0, 0x30, 0x60, 0x60, 0x70, 0xe0, 0x38
};
static GX_CONST GX_UBYTE FONT_THEME_1_TEXT_INPUT_char_59[36] =
{
    0xc0, 0x30, 0xe0, 0x30, 0x60, 0x60, 0x70, 0x60, 0x30, 0xe0, 0x30, 0xc0, 0x19, 
    0xc0, 0x19, 0x80, 0x0f, 0x80, 0x0f, 0x00, 0x07, 0x00, 0x06, 0x00, 0x06, 0x00, 
    0x06, 0x00, 0x06, 0x00, 0x06, 0x00, 0x06, 0x00, 0x06, 0x00
};
static GX_CONST GX_UBYTE FONT_THEME_1_TEXT_INPUT_char_5a[36] =
{
    0xff, 0xe0, 0xff, 0xe0, 0x00, 0xe0, 0x01, 0xc0, 0x01, 0x80, 0x03, 0x80, 0x03, 
    0x00, 0x07, 0x00, 0x0e, 0x00, 0x0c, 0x00, 0x1c, 0x00, 0x18, 0x00, 0x38, 0x00, 
    0x30, 0x00, 0x70, 0x00, 0xe0, 0x00, 0xff, 0xe0, 0xff, 0xe0
};
static GX_CONST GX_UBYTE FONT_THEME_1_TEXT_INPUT_char_5b[28] =
{
    0xf8, 0xf8, 0xc0, 0xc0, 0xc0, 0xc0, 0xc0, 0xc0, 0xc0, 0xc0, 0xc0, 0xc0, 0xc0, 
    0xc0, 0xc0, 0xc0, 0xc0, 0xc0, 0xc0, 0xc0, 0xc0, 0xc0, 0xc0, 0xc0, 0xc0, 0xc0, 
    0xf8, 0xf8
};
static GX_CONST GX_UBYTE FONT_THEME_1_TEXT_INPUT_char_5c[56] =
{
    0xc0, 0x00, 0x60, 0x00, 0x60, 0x00, 0x60, 0x00, 0x70, 0x00, 0x30, 0x00, 0x30, 
    0x00, 0x30, 0x00, 0x38, 0x00, 0x18, 0x00, 0x18, 0x00, 0x18, 0x00, 0x1c, 0x00, 
    0x0c, 0x00, 0x0c, 0x00, 0x0c, 0x00, 0x06, 0x00, 0x06, 0x00, 0x06, 0x00, 0x07, 
    0x00, 0x03, 0x00, 0x03, 0x00, 0x03, 0x00, 0x03, 0x80, 0x01, 0x80, 0x01, 0x80, 
    0x01, 0x80, 0x00, 0xc0
};
static GX_CONST GX_UBYTE FONT_THEME_1_TEXT_INPUT_char_5d[28] =
{
    0xf8, 0xf8, 0x18, 0x18, 0x18, 0x18, 0x18, 0x18, 0x18, 0x18, 0x18, 0x18, 0x18, 
    0x18, 0x18, 0x18, 0x18, 0x18, 0x18, 0x18, 0x18, 0x18, 0x18, 0x18, 0x18, 0x18, 
    0xf8, 0xf8
};
static GX_CONST GX_UBYTE FONT_THEME_1_TEXT_INPUT_char_5e[26] =
{
    0x07, 0x00, 0x07, 0x00, 0x0f, 0x80, 0x0d, 0x80, 0x0d, 0xc0, 0x18, 0xc0, 0x18, 
    0xc0, 0x38, 0x60, 0x30, 0x60, 0x70, 0x70, 0x60, 0x30, 0x60, 0x38, 0xc0, 0x18

};
static GX_CONST GX_UBYTE FONT_THEME_1_TEXT_INPUT_char_5f[4] =
{
    0xff, 0xf8, 0xff, 0xf8
};
static GX_CONST GX_UBYTE FONT_THEME_1_TEXT_INPUT_char_60[5] =
{
    0x00, 0xc0, 0xe0, 0x38, 0x08
};
static GX_CONST GX_UBYTE FONT_THEME_1_TEXT_INPUT_char_61[28] =
{
    0x0f, 0x98, 0x3f, 0xd8, 0x78, 0x78, 0x60, 0x38, 0xe0, 0x38, 0xc0, 0x18, 0xc0, 
    0x18, 0xc0, 0x18, 0xc0, 0x18, 0xe0, 0x38, 0x60, 0x38, 0x78, 0x78, 0x3f, 0xd8, 
    0x0f, 0x98
};
static GX_CONST GX_UBYTE FONT_THEME_1_TEXT_INPUT_char_62[38] =
{
    0xc0, 0x00, 0xc0, 0x00, 0xc0, 0x00, 0xc0, 0x00, 0xc0, 0x00, 0xc7, 0xc0, 0xdf, 
    0xe0, 0xf8, 0x70, 0xe0, 0x38, 0xe0, 0x38, 0xc0, 0x18, 0xc0, 0x18, 0xc0, 0x18, 
    0xc0, 0x18, 0xe0, 0x38, 0xe0, 0x30, 0xf8, 0x70, 0xdf, 0xe0, 0xc7, 0x80
};
static GX_CONST GX_UBYTE FONT_THEME_1_TEXT_INPUT_char_63[28] =
{
    0x0f, 0x80, 0x3f, 0xe0, 0x70, 0xf0, 0x60, 0x30, 0xe0, 0x30, 0xc0, 0x00, 0xc0, 
    0x00, 0xc0, 0x00, 0xc0, 0x00, 0xe0, 0x30, 0x60, 0x30, 0x70, 0x70, 0x3f, 0xe0, 
    0x0f, 0x80
};
static GX_CONST GX_UBYTE FONT_THEME_1_TEXT_INPUT_char_64[38] =
{
    0x00, 0x18, 0x00, 0x18, 0x00, 0x18, 0x00, 0x18, 0x00, 0x18, 0x0f, 0x98, 0x3f, 
    0xd8, 0x78, 0x78, 0x60, 0x38, 0xe0, 0x38, 0xc0, 0x18, 0xc0, 0x18, 0xc0, 0x18, 
    0xc0, 0x18, 0xe0, 0x38, 0x60, 0x38, 0x78, 0x78, 0x3f, 0xd8, 0x0f, 0x98
};
static GX_CONST GX_UBYTE FONT_THEME_1_TEXT_INPUT_char_65[28] =
{
    0x0f, 0x80, 0x3f, 0xe0, 0x70, 0x70, 0x60, 0x30, 0xe0, 0x38, 0xc0, 0x18, 0xff, 
    0xf8, 0xff, 0xf8, 0xc0, 0x00, 0xc0, 0x00, 0x60, 0x30, 0x70, 0x70, 0x3f, 0xe0, 
    0x0f, 0x80
};
static GX_CONST GX_UBYTE FONT_THEME_1_TEXT_INPUT_char_66[20] =
{
    0x00, 0x1e, 0x3e, 0x30, 0x30, 0x30, 0xfe, 0xfe, 0x30, 0x30, 0x30, 0x30, 0x30, 
    0x30, 0x30, 0x30, 0x30, 0x30, 0x30, 0x30
};
static GX_CONST GX_UBYTE FONT_THEME_1_TEXT_INPUT_char_67[42] =
{
    0x0f, 0x98, 0x3f, 0xd8, 0x78, 0x78, 0x60, 0x38, 0xe0, 0x38, 0xc0, 0x18, 0xc0, 
    0x18, 0xc0, 0x18, 0xc0, 0x18, 0xe0, 0x38, 0x60, 0x38, 0x78, 0x78, 0x3f, 0xd8, 
    0x0f, 0x98, 0x00, 0x18, 0x00, 0x18, 0x60, 0x18, 0x70, 0x38, 0x38, 0x70, 0x1f, 
    0xe0, 0x0f, 0xc0
};
static GX_CONST GX_UBYTE FONT_THEME_1_TEXT_INPUT_char_68[38] =
{
    0xc0, 0x00, 0xc0, 0x00, 0xc0, 0x00, 0xc0, 0x00, 0xc0, 0x00, 0xcf, 0x80, 0xdf, 
    0xc0, 0xf0, 0xe0, 0xe0, 0x70, 0xc0, 0x30, 0xc0, 0x30, 0xc0, 0x30, 0xc0, 0x30, 
    0xc0, 0x30, 0xc0, 0x30, 0xc0, 0x30, 0xc0, 0x30, 0xc0, 0x30, 0xc0, 0x30
};
static GX_CONST GX_UBYTE FONT_THEME_1_TEXT_INPUT_char_69[20] =
{
    0x40, 0xe0, 0xe0, 0x00, 0x00, 0x00, 0xc0, 0xc0, 0xc0, 0xc0, 0xc0, 0xc0, 0xc0, 
    0xc0, 0xc0, 0xc0, 0xc0, 0xc0, 0xc0, 0xc0
};
static GX_CONST GX_UBYTE FONT_THEME_1_TEXT_INPUT_char_6a[27] =
{
    0x10, 0x38, 0x38, 0x00, 0x00, 0x00, 0x30, 0x30, 0x30, 0x30, 0x30, 0x30, 0x30, 
    0x30, 0x30, 0x30, 0x30, 0x30, 0x30, 0x30, 0x30, 0x30, 0x30, 0x30, 0x30, 0xf0, 
    0xe0
};
static GX_CONST GX_UBYTE FONT_THEME_1_TEXT_INPUT_char_6b[38] =
{
    0xc0, 0x00, 0xc0, 0x00, 0xc0, 0x00, 0xc0, 0x00, 0xc0, 0x00, 0xc1, 0xc0, 0xc3, 
    0x80, 0xc7, 0x00, 0xce, 0x00, 0xcc, 0x00, 0xd8, 0x00, 0xf8, 0x00, 0xf8, 0x00, 
    0xdc, 0x00, 0xcc, 0x00, 0xce, 0x00, 0xc7, 0x00, 0xc3, 0x80, 0xc1, 0xc0
};
static GX_CONST GX_UBYTE FONT_THEME_1_TEXT_INPUT_char_6c[19] =
{
    0xc0, 0xc0, 0xc0, 0xc0, 0xc0, 0xc0, 0xc0, 0xc0, 0xc0, 0xc0, 0xc0, 0xc0, 0xc0, 
    0xc0, 0xc0, 0xc0, 0xc0, 0xc0, 0xc0
};
static GX_CONST GX_UBYTE FONT_THEME_1_TEXT_INPUT_char_6d[42] =
{
    0xcf, 0x83, 0xe0, 0xdf, 0xcf, 0xf0, 0xf0, 0xec, 0x38, 0xe0, 0x78, 0x18, 0xe0, 
    0x30, 0x1c, 0xc0, 0x30, 0x1c, 0xc0, 0x30, 0x0c, 0xc0, 0x30, 0x0c, 0xc0, 0x30, 
    0x0c, 0xc0, 0x30, 0x0c, 0xc0, 0x30, 0x0c, 0xc0, 0x30, 0x0c, 0xc0, 0x30, 0x0c, 
    0xc0, 0x30, 0x0c
};
static GX_CONST GX_UBYTE FONT_THEME_1_TEXT_INPUT_char_6e[28] =
{
    0xcf, 0x80, 0xdf, 0xc0, 0xf0, 0xe0, 0xe0, 0x70, 0xc0, 0x30, 0xc0, 0x30, 0xc0, 
    0x30, 0xc0, 0x30, 0xc0, 0x30, 0xc0, 0x30, 0xc0, 0x30, 0xc0, 0x30, 0xc0, 0x30, 
    0xc0, 0x30
};
static GX_CONST GX_UBYTE FONT_THEME_1_TEXT_INPUT_char_6f[28] =
{
    0x0f, 0x80, 0x3f, 0xe0, 0x78, 0x70, 0x60, 0x30, 0xe0, 0x38, 0xc0, 0x18, 0xc0, 
    0x18, 0xc0, 0x18, 0xc0, 0x18, 0xe0, 0x38, 0x60, 0x30, 0x70, 0x70, 0x3f, 0xe0, 
    0x0f, 0x80
};
static GX_CONST GX_UBYTE FONT_THEME_1_TEXT_INPUT_char_70[42] =
{
    0xc7, 0xc0, 0xdf, 0xe0, 0xf8, 0x70, 0xe0, 0x38, 0xe0, 0x38, 0xc0, 0x18, 0xc0, 
    0x18, 0xc0, 0x18, 0xc0, 0x18, 0xe0, 0x38, 0xe0, 0x30, 0xf8, 0x70, 0xdf, 0xe0, 
    0xc7, 0x80, 0xc0, 0x00, 0xc0, 0x00, 0xc0, 0x00, 0xc0, 0x00, 0xc0, 0x00, 0xc0, 
    0x00, 0xc0, 0x00
};
static GX_CONST GX_UBYTE FONT_THEME_1_TEXT_INPUT_char_71[42] =
{
    0x0f, 0x98, 0x3f, 0xd8, 0x78, 0x78, 0x60, 0x38, 0xe0, 0x38, 0xc0, 0x18, 0xc0, 
    0x18, 0xc0, 0x18, 0xc0, 0x18, 0xe0, 0x38, 0x60, 0x38, 0x78, 0x78, 0x3f, 0xd8, 
    0x0f, 0x98, 0x00, 0x18, 0x00, 0x18, 0x00, 0x18, 0x00, 0x18, 0x00, 0x18, 0x00, 
    0x18, 0x00, 0x18
};
static GX_CONST GX_UBYTE FONT_THEME_1_TEXT_INPUT_char_72[14] =
{
    0xce, 0xde, 0xf0, 0xe0, 0xc0, 0xc0, 0xc0, 0xc0, 0xc0, 0xc0, 0xc0, 0xc0, 0xc0, 
    0xc0
};
static GX_CONST GX_UBYTE FONT_THEME_1_TEXT_INPUT_char_73[28] =
{
    0x3f, 0x00, 0x7f, 0x80, 0xe1, 0xc0, 0xc0, 0xc0, 0xc0, 0x00, 0xe0, 0x00, 0x7c, 
    0x00, 0x1f, 0x80, 0x03, 0xc0, 0x00, 0xc0, 0xc0, 0xc0, 0xe1, 0xc0, 0x7f, 0x80, 
    0x1f, 0x00
};
static GX_CONST GX_UBYTE FONT_THEME_1_TEXT_INPUT_char_74[18] =
{
    0x30, 0x30, 0x30, 0x30, 0xfe, 0xfe, 0x30, 0x30, 0x30, 0x30, 0x30, 0x30, 0x30, 
    0x30, 0x30, 0x30, 0x3e, 0x1e
};
static GX_CONST GX_UBYTE FONT_THEME_1_TEXT_INPUT_char_75[28] =
{
    0xc0, 0x30, 0xc0, 0x30, 0xc0, 0x30, 0xc0, 0x30, 0xc0, 0x30, 0xc0, 0x30, 0xc0, 
    0x30, 0xc0, 0x30, 0xc0, 0x30, 0xc0, 0x70, 0xe0, 0x70, 0x70, 0xf0, 0x3f, 0xb0, 
    0x1f, 0x30
};
static GX_CONST GX_UBYTE FONT_THEME_1_TEXT_INPUT_char_76[28] =
{
    0xe0, 0x18, 0x60, 0x38, 0x70, 0x30, 0x30, 0x30, 0x30, 0x70, 0x38, 0x60, 0x18, 
    0x60, 0x18, 0xc0, 0x1c, 0xc0, 0x0d, 0xc0, 0x0d, 0x80, 0x07, 0x80, 0x07, 0x80, 
    0x07, 0x00
};
static GX_CONST GX_UBYTE FONT_THEME_1_TEXT_INPUT_char_77[42] =
{
    0xe0, 0x60, 0x60, 0x60, 0xe0, 0x60, 0x60, 0xf0, 0x60, 0x60, 0xf0, 0xc0, 0x30, 
    0xb0, 0xc0, 0x31, 0x98, 0xc0, 0x31, 0x98, 0x80, 0x11, 0x99, 0x80, 0x1b, 0x19, 
    0x80, 0x1b, 0x0d, 0x80, 0x1b, 0x0d, 0x00, 0x0a, 0x0f, 0x00, 0x0e, 0x07, 0x00, 
    0x0e, 0x06, 0x00
};
static GX_CONST GX_UBYTE FONT_THEME_1_TEXT_INPUT_char_78[28] =
{
    0x60, 0x60, 0x70, 0xc0, 0x31, 0xc0, 0x39, 0x80, 0x1f, 0x00, 0x0f, 0x00, 0x0e, 
    0x00, 0x0e, 0x00, 0x0f, 0x00, 0x1b, 0x00, 0x39, 0x80, 0x31, 0xc0, 0x60, 0xc0, 
    0x60, 0xe0
};
static GX_CONST GX_UBYTE FONT_THEME_1_TEXT_INPUT_char_79[42] =
{
    0xe0, 0x18, 0x60, 0x38, 0x70, 0x30, 0x30, 0x30, 0x30, 0x60, 0x38, 0x60, 0x18, 
    0x60, 0x18, 0xc0, 0x1c, 0xc0, 0x0c, 0xc0, 0x0d, 0x80, 0x07, 0x80, 0x07, 0x00, 
    0x07, 0x00, 0x07, 0x00, 0x06, 0x00, 0x06, 0x00, 0x0e, 0x00, 0x0c, 0x00, 0x0c, 
    0x00, 0x18, 0x00
};
static GX_CONST GX_UBYTE FONT_THEME_1_TEXT_INPUT_char_7a[28] =
{
    0xff, 0x80, 0xff, 0x80, 0x03, 0x80, 0x07, 0x00, 0x06, 0x00, 0x0e, 0x00, 0x0c, 
    0x00, 0x18, 0x00, 0x38, 0x00, 0x30, 0x00, 0x70, 0x00, 0xe0, 0x00, 0xff, 0x80, 
    0xff, 0x80
};
static GX_CONST GX_UBYTE FONT_THEME_1_TEXT_INPUT_char_7b[28] =
{
    0x0e, 0x1e, 0x38, 0x30, 0x30, 0x30, 0x30, 0x30, 0x18, 0x18, 0x18, 0x18, 0x30, 
    0xe0, 0xe0, 0x30, 0x18, 0x18, 0x18, 0x18, 0x30, 0x30, 0x30, 0x30, 0x30, 0x38, 
    0x1e, 0x0e
};
static GX_CONST GX_UBYTE FONT_THEME_1_TEXT_INPUT_char_7c[23] =
{
    0xc0, 0xc0, 0xc0, 0xc0, 0xc0, 0xc0, 0xc0, 0xc0, 0xc0, 0xc0, 0xc0, 0xc0, 0xc0, 
    0xc0, 0xc0, 0xc0, 0xc0, 0xc0, 0xc0, 0xc0, 0xc0, 0xc0, 0xc0
};
static GX_CONST GX_UBYTE FONT_THEME_1_TEXT_INPUT_char_7d[28] =
{
    0xf0, 0xf8, 0x1c, 0x0c, 0x0c, 0x0c, 0x0c, 0x0c, 0x18, 0x18, 0x18, 0x18, 0x0c, 
    0x07, 0x07, 0x0c, 0x18, 0x18, 0x18, 0x18, 0x0c, 0x0c, 0x0c, 0x0c, 0x0c, 0x1c, 
    0xf8, 0xf0
};
static GX_CONST GX_UBYTE FONT_THEME_1_TEXT_INPUT_char_7e[8] =
{
    0x38, 0x40, 0x7c, 0xc0, 0xcf, 0xc0, 0xc3, 0x80
};
static GX_CONST GX_GLYPH THEME_1_TEXT_INPUT_FONT_PAGE_1_GLYPHS[95] =
{
    {FONT_THEME_1_TEXT_INPUT_char_20, 0, 0, 6, 0, 1, 1},
    {FONT_THEME_1_TEXT_INPUT_char_21, 18, 0, 7, 2, 3, 18},
    {FONT_THEME_1_TEXT_INPUT_char_22, 20, -15, 7, 1, 5, 5},
    {FONT_THEME_1_TEXT_INPUT_char_23, 19, 0, 20, 1, 18, 19},
    {FONT_THEME_1_TEXT_INPUT_char_24, 20, 2, 15, 1, 11, 22},
    {FONT_THEME_1_TEXT_INPUT_char_25, 18, 0, 18, 1, 16, 18},
    {FONT_THEME_1_TEXT_INPUT_char_26, 18, 0, 18, 1, 17, 18},
    {FONT_THEME_1_TEXT_INPUT_char_27, 20, -15, 4, 1, 2, 5},
    {FONT_THEME_1_TEXT_INPUT_char_28, 23, 5, 11, 3, 8, 28},
    {FONT_THEME_1_TEXT_INPUT_char_29, 23, 5, 11, 0, 8, 28},
    {FONT_THEME_1_TEXT_INPUT_char_2a, 19, -10, 12, 1, 9, 9},
    {FONT_THEME_1_TEXT_INPUT_char_2b, 16, -3, 16, 2, 12, 13},
    {FONT_THEME_1_TEXT_INPUT_char_2c, 3, 4, 5, -1, 4, 7},
    {FONT_THEME_1_TEXT_INPUT_char_2d, 10, -8, 13, 1, 10, 2},
    {FONT_THEME_1_TEXT_INPUT_char_2e, 3, 0, 5, 1, 3, 3},
    {FONT_THEME_1_TEXT_INPUT_char_2f, 24, 4, 11, 1, 9, 28},
    {FONT_THEME_1_TEXT_INPUT_char_30, 19, 0, 15, 1, 12, 19},
    {FONT_THEME_1_TEXT_INPUT_char_31, 19, 0, 8, 0, 5, 19},
    {FONT_THEME_1_TEXT_INPUT_char_32, 19, 0, 13, 1, 11, 19},
    {FONT_THEME_1_TEXT_INPUT_char_33, 19, 0, 14, 0, 11, 19},
    {FONT_THEME_1_TEXT_INPUT_char_34, 18, 0, 15, 1, 13, 18},
    {FONT_THEME_1_TEXT_INPUT_char_35, 19, 0, 15, 1, 12, 19},
    {FONT_THEME_1_TEXT_INPUT_char_36, 19, 0, 15, 2, 12, 19},
    {FONT_THEME_1_TEXT_INPUT_char_37, 19, 0, 13, 1, 11, 19},
    {FONT_THEME_1_TEXT_INPUT_char_38, 19, 0, 15, 1, 12, 19},
    {FONT_THEME_1_TEXT_INPUT_char_39, 19, 0, 16, 2, 12, 19},
    {FONT_THEME_1_TEXT_INPUT_char_3a, 14, 0, 5, 1, 3, 14},
    {FONT_THEME_1_TEXT_INPUT_char_3b, 14, 3, 7, 0, 4, 17},
    {FONT_THEME_1_TEXT_INPUT_char_3c, 15, -3, 13, 2, 9, 12},
    {FONT_THEME_1_TEXT_INPUT_char_3d, 13, -6, 16, 2, 12, 7},
    {FONT_THEME_1_TEXT_INPUT_char_3e, 15, -3, 13, 2, 9, 12},
    {FONT_THEME_1_TEXT_INPUT_char_3f, 18, 0, 12, 1, 10, 18},
    {FONT_THEME_1_TEXT_INPUT_char_40, 16, 5, 25, 2, 21, 21},
    {FONT_THEME_1_TEXT_INPUT_char_41, 18, 0, 16, 0, 14, 18},
    {FONT_THEME_1_TEXT_INPUT_char_42, 18, 0, 15, 2, 12, 18},
    {FONT_THEME_1_TEXT_INPUT_char_43, 18, 0, 19, 1, 16, 18},
    {FONT_THEME_1_TEXT_INPUT_char_44, 18, 0, 17, 2, 14, 18},
    {FONT_THEME_1_TEXT_INPUT_char_45, 18, 0, 12, 2, 9, 18},
    {FONT_THEME_1_TEXT_INPUT_char_46, 18, 0, 12, 2, 10, 18},
    {FONT_THEME_1_TEXT_INPUT_char_47, 18, 0, 19, 1, 17, 18},
    {FONT_THEME_1_TEXT_INPUT_char_48, 18, 0, 17, 2, 13, 18},
    {FONT_THEME_1_TEXT_INPUT_char_49, 18, 0, 6, 2, 2, 18},
    {FONT_THEME_1_TEXT_INPUT_char_4a, 18, 0, 13, 1, 9, 18},
    {FONT_THEME_1_TEXT_INPUT_char_4b, 18, 0, 15, 2, 12, 18},
    {FONT_THEME_1_TEXT_INPUT_char_4c, 18, 0, 11, 2, 8, 18},
    {FONT_THEME_1_TEXT_INPUT_char_4d, 18, 0, 21, 2, 17, 18},
    {FONT_THEME_1_TEXT_INPUT_char_4e, 18, 0, 17, 2, 13, 18},
    {FONT_THEME_1_TEXT_INPUT_char_4f, 18, 0, 19, 1, 17, 18},
    {FONT_THEME_1_TEXT_INPUT_char_50, 18, 0, 14, 2, 11, 18},
    {FONT_THEME_1_TEXT_INPUT_char_51, 18, 3, 19, 1, 17, 21},
    {FONT_THEME_1_TEXT_INPUT_char_52, 18, 0, 15, 2, 11, 18},
    {FONT_THEME_1_TEXT_INPUT_char_53, 18, 0, 14, 1, 11, 18},
    {FONT_THEME_1_TEXT_INPUT_char_54, 18, 0, 13, 1, 11, 18},
    {FONT_THEME_1_TEXT_INPUT_char_55, 18, 0, 17, 2, 13, 18},
    {FONT_THEME_1_TEXT_INPUT_char_56, 18, 0, 16, 0, 15, 18},
    {FONT_THEME_1_TEXT_INPUT_char_57, 18, 0, 23, 0, 22, 18},
    {FONT_THEME_1_TEXT_INPUT_char_58, 18, 0, 15, 1, 13, 18},
    {FONT_THEME_1_TEXT_INPUT_char_59, 18, 0, 14, 0, 13, 18},
    {FONT_THEME_1_TEXT_INPUT_char_5a, 18, 0, 13, 1, 11, 18},
    {FONT_THEME_1_TEXT_INPUT_char_5b, 23, 5, 10, 3, 5, 28},
    {FONT_THEME_1_TEXT_INPUT_char_5c, 24, 4, 16, 3, 10, 28},
    {FONT_THEME_1_TEXT_INPUT_char_5d, 23, 5, 10, 2, 5, 28},
    {FONT_THEME_1_TEXT_INPUT_char_5e, 17, -4, 15, 0, 13, 13},
    {FONT_THEME_1_TEXT_INPUT_char_5f, -1, 3, 18, 3, 13, 2},
    {FONT_THEME_1_TEXT_INPUT_char_60, 20, -14, 7, 1, 5, 5},
    {FONT_THEME_1_TEXT_INPUT_char_61, 14, 0, 16, 1, 13, 14},
    {FONT_THEME_1_TEXT_INPUT_char_62, 19, 0, 16, 2, 13, 19},
    {FONT_THEME_1_TEXT_INPUT_char_63, 14, 0, 15, 1, 12, 14},
    {FONT_THEME_1_TEXT_INPUT_char_64, 19, 0, 16, 1, 13, 19},
    {FONT_THEME_1_TEXT_INPUT_char_65, 14, 0, 15, 1, 13, 14},
    {FONT_THEME_1_TEXT_INPUT_char_66, 20, 0, 9, 1, 7, 20},
    {FONT_THEME_1_TEXT_INPUT_char_67, 14, 7, 16, 1, 13, 21},
    {FONT_THEME_1_TEXT_INPUT_char_68, 19, 0, 16, 2, 12, 19},
    {FONT_THEME_1_TEXT_INPUT_char_69, 20, 0, 5, 1, 3, 20},
    {FONT_THEME_1_TEXT_INPUT_char_6a, 20, 7, 5, -1, 5, 27},
    {FONT_THEME_1_TEXT_INPUT_char_6b, 19, 0, 13, 2, 10, 19},
    {FONT_THEME_1_TEXT_INPUT_char_6c, 19, 0, 6, 2, 2, 19},
    {FONT_THEME_1_TEXT_INPUT_char_6d, 14, 0, 26, 2, 22, 14},
    {FONT_THEME_1_TEXT_INPUT_char_6e, 14, 0, 16, 2, 12, 14},
    {FONT_THEME_1_TEXT_INPUT_char_6f, 14, 0, 15, 1, 13, 14},
    {FONT_THEME_1_TEXT_INPUT_char_70, 14, 7, 16, 2, 13, 21},
    {FONT_THEME_1_TEXT_INPUT_char_71, 14, 7, 16, 1, 13, 21},
    {FONT_THEME_1_TEXT_INPUT_char_72, 14, 0, 9, 2, 7, 14},
    {FONT_THEME_1_TEXT_INPUT_char_73, 14, 0, 12, 1, 10, 14},
    {FONT_THEME_1_TEXT_INPUT_char_74, 18, 0, 9, 1, 7, 18},
    {FONT_THEME_1_TEXT_INPUT_char_75, 14, 0, 16, 2, 12, 14},
    {FONT_THEME_1_TEXT_INPUT_char_76, 14, 0, 13, 0, 13, 14},
    {FONT_THEME_1_TEXT_INPUT_char_77, 14, 0, 20, 0, 19, 14},
    {FONT_THEME_1_TEXT_INPUT_char_78, 14, 0, 12, 0, 11, 14},
    {FONT_THEME_1_TEXT_INPUT_char_79, 14, 7, 14, 0, 13, 21},
    {FONT_THEME_1_TEXT_INPUT_char_7a, 14, 0, 11, 1, 9, 14},
    {FONT_THEME_1_TEXT_INPUT_char_7b, 23, 5, 12, 3, 7, 28},
    {FONT_THEME_1_TEXT_INPUT_char_7c, 20, 3, 7, 2, 2, 23},
    {FONT_THEME_1_TEXT_INPUT_char_7d, 23, 5, 11, 1, 8, 28},
    {FONT_THEME_1_TEXT_INPUT_char_7e, 10, -6, 12, 0, 11, 4}
};

static GX_CONST GX_FONT THEME_1_TEXT_INPUT = 
{
    GX_FONT_FORMAT_1BPP,                     /* format                         */
    0,                                       /* line pre-space                 */
    0,                                       /* line post-space                */ 
    31,                                      /* font data height               */
    24,                                      /* font baseline offset           */
    0x20,                                    /* first glyph within data page   */
    0x7e,                                    /* last glyph within data page    */
    {THEME_1_TEXT_INPUT_FONT_PAGE_1_GLYPHS},    /* pointer to glyph data       */
    GX_NULL                                  /* next font page                 */
};


/* Font THEME_1_FONT_REGULAR_12_1BPP Data Definition                           */

static GX_CONST GX_UBYTE FONT_THEME_1_FONT_REGULAR_12_1BPP_char_20[1] =
{
    0x00
};
static GX_CONST GX_UBYTE FONT_THEME_1_FONT_REGULAR_12_1BPP_char_21[9] =
{
    0x80, 0x80, 0x80, 0x80, 0x80, 0x80, 0x00, 0x00, 0x80
};
static GX_CONST GX_UBYTE FONT_THEME_1_FONT_REGULAR_12_1BPP_char_22[3] =
{
    0xa0, 0xa0, 0xa0
};
static GX_CONST GX_UBYTE FONT_THEME_1_FONT_REGULAR_12_1BPP_char_23[18] =
{
    0x12, 0x00, 0x12, 0x00, 0x7f, 0x80, 0x12, 0x00, 0x22, 0x00, 0xff, 0x00, 0x24, 
    0x00, 0x24, 0x00, 0x24, 0x00
};
static GX_CONST GX_UBYTE FONT_THEME_1_FONT_REGULAR_12_1BPP_char_24[11] =
{
    0x20, 0x78, 0xac, 0xa0, 0xa0, 0x78, 0x2c, 0x24, 0xac, 0x78, 0x20
};
static GX_CONST GX_UBYTE FONT_THEME_1_FONT_REGULAR_12_1BPP_char_25[9] =
{
    0xe4, 0x94, 0x98, 0xe8, 0x10, 0x16, 0x39, 0x29, 0x66
};
static GX_CONST GX_UBYTE FONT_THEME_1_FONT_REGULAR_12_1BPP_char_26[9] =
{
    0x38, 0x48, 0x40, 0x60, 0xd2, 0x8a, 0x84, 0xce, 0x7b
};
static GX_CONST GX_UBYTE FONT_THEME_1_FONT_REGULAR_12_1BPP_char_27[3] =
{
    0x80, 0x80, 0x80
};
static GX_CONST GX_UBYTE FONT_THEME_1_FONT_REGULAR_12_1BPP_char_28[14] =
{
    0x20, 0x60, 0x40, 0xc0, 0x80, 0x80, 0x80, 0x80, 0x80, 0x80, 0x80, 0x40, 0x40, 
    0x20
};
static GX_CONST GX_UBYTE FONT_THEME_1_FONT_REGULAR_12_1BPP_char_29[14] =
{
    0xc0, 0x40, 0x20, 0x20, 0x10, 0x10, 0x10, 0x10, 0x10, 0x10, 0x20, 0x20, 0x60, 
    0x40
};
static GX_CONST GX_UBYTE FONT_THEME_1_FONT_REGULAR_12_1BPP_char_2a[5] =
{
    0x40, 0xd0, 0x60, 0xf0, 0x40
};
static GX_CONST GX_UBYTE FONT_THEME_1_FONT_REGULAR_12_1BPP_char_2b[6] =
{
    0x10, 0x10, 0xfe, 0x10, 0x10, 0x10
};
static GX_CONST GX_UBYTE FONT_THEME_1_FONT_REGULAR_12_1BPP_char_2c[4] =
{
    0x40, 0x40, 0x80, 0x80
};
static GX_CONST GX_UBYTE FONT_THEME_1_FONT_REGULAR_12_1BPP_char_2d[1] =
{
    0xf0
};
static GX_CONST GX_UBYTE FONT_THEME_1_FONT_REGULAR_12_1BPP_char_2e[1] =
{
    0x80
};
static GX_CONST GX_UBYTE FONT_THEME_1_FONT_REGULAR_12_1BPP_char_2f[14] =
{
    0x10, 0x10, 0x20, 0x20, 0x20, 0x20, 0x40, 0x40, 0x40, 0x40, 0xc0, 0x80, 0x80, 
    0x80
};
static GX_CONST GX_UBYTE FONT_THEME_1_FONT_REGULAR_12_1BPP_char_30[9] =
{
    0x78, 0xc8, 0x84, 0x84, 0x84, 0x84, 0x84, 0xc8, 0x78
};
static GX_CONST GX_UBYTE FONT_THEME_1_FONT_REGULAR_12_1BPP_char_31[9] =
{
    0xc0, 0x40, 0x40, 0x40, 0x40, 0x40, 0x40, 0x40, 0x40
};
static GX_CONST GX_UBYTE FONT_THEME_1_FONT_REGULAR_12_1BPP_char_32[9] =
{
    0x70, 0x88, 0x88, 0x08, 0x10, 0x10, 0x20, 0x40, 0xf8
};
static GX_CONST GX_UBYTE FONT_THEME_1_FONT_REGULAR_12_1BPP_char_33[9] =
{
    0x78, 0xcc, 0x04, 0x0c, 0x30, 0x0c, 0x84, 0xcc, 0x78
};
static GX_CONST GX_UBYTE FONT_THEME_1_FONT_REGULAR_12_1BPP_char_34[9] =
{
    0x0c, 0x0c, 0x14, 0x24, 0x64, 0x44, 0xfe, 0x04, 0x04
};
static GX_CONST GX_UBYTE FONT_THEME_1_FONT_REGULAR_12_1BPP_char_35[9] =
{
    0xf8, 0x80, 0x80, 0xf8, 0x8c, 0x04, 0x04, 0x8c, 0x78
};
static GX_CONST GX_UBYTE FONT_THEME_1_FONT_REGULAR_12_1BPP_char_36[9] =
{
    0x78, 0xc8, 0x80, 0xb8, 0xcc, 0x84, 0x84, 0xcc, 0x78
};
static GX_CONST GX_UBYTE FONT_THEME_1_FONT_REGULAR_12_1BPP_char_37[9] =
{
    0xfc, 0x04, 0x08, 0x08, 0x18, 0x10, 0x10, 0x20, 0x20
};
static GX_CONST GX_UBYTE FONT_THEME_1_FONT_REGULAR_12_1BPP_char_38[9] =
{
    0x78, 0x8c, 0x84, 0x8c, 0x78, 0x8c, 0x84, 0x8c, 0x78
};
static GX_CONST GX_UBYTE FONT_THEME_1_FONT_REGULAR_12_1BPP_char_39[9] =
{
    0x78, 0xc8, 0x84, 0x84, 0xcc, 0x74, 0x04, 0xc8, 0x78
};
static GX_CONST GX_UBYTE FONT_THEME_1_FONT_REGULAR_12_1BPP_char_3a[7] =
{
    0x80, 0x00, 0x00, 0x00, 0x00, 0x00, 0x80
};
static GX_CONST GX_UBYTE FONT_THEME_1_FONT_REGULAR_12_1BPP_char_3b[8] =
{
    0x40, 0x00, 0x00, 0x00, 0x00, 0x40, 0x80, 0x80
};
static GX_CONST GX_UBYTE FONT_THEME_1_FONT_REGULAR_12_1BPP_char_3c[6] =
{
    0x30, 0x60, 0xc0, 0xc0, 0x60, 0x30
};
static GX_CONST GX_UBYTE FONT_THEME_1_FONT_REGULAR_12_1BPP_char_3d[4] =
{
    0xfc, 0x00, 0x00, 0xfc
};
static GX_CONST GX_UBYTE FONT_THEME_1_FONT_REGULAR_12_1BPP_char_3e[6] =
{
    0x40, 0x20, 0x10, 0x10, 0x20, 0x40
};
static GX_CONST GX_UBYTE FONT_THEME_1_FONT_REGULAR_12_1BPP_char_3f[9] =
{
    0x70, 0x88, 0x08, 0x18, 0x70, 0x40, 0x00, 0x00, 0x40
};
static GX_CONST GX_UBYTE FONT_THEME_1_FONT_REGULAR_12_1BPP_char_40[20] =
{
    0x1f, 0x00, 0x30, 0x80, 0x5e, 0xc0, 0xf2, 0x40, 0xa2, 0x40, 0xa2, 0x40, 0xa6, 
    0x80, 0x9b, 0x80, 0x40, 0x00, 0x3c, 0x00
};
static GX_CONST GX_UBYTE FONT_THEME_1_FONT_REGULAR_12_1BPP_char_41[9] =
{
    0x18, 0x18, 0x1c, 0x24, 0x24, 0x26, 0x7e, 0x42, 0x43
};
static GX_CONST GX_UBYTE FONT_THEME_1_FONT_REGULAR_12_1BPP_char_42[9] =
{
    0xf8, 0x8c, 0x84, 0x8c, 0xf8, 0x8c, 0x84, 0x8c, 0xf8
};
static GX_CONST GX_UBYTE FONT_THEME_1_FONT_REGULAR_12_1BPP_char_43[9] =
{
    0x3c, 0x42, 0x81, 0x80, 0x80, 0x80, 0x81, 0x42, 0x3c
};
static GX_CONST GX_UBYTE FONT_THEME_1_FONT_REGULAR_12_1BPP_char_44[9] =
{
    0xf8, 0x8c, 0x86, 0x82, 0x82, 0x82, 0x86, 0x8c, 0xf8
};
static GX_CONST GX_UBYTE FONT_THEME_1_FONT_REGULAR_12_1BPP_char_45[9] =
{
    0xf0, 0x80, 0x80, 0x80, 0xf0, 0x80, 0x80, 0x80, 0xf0
};
static GX_CONST GX_UBYTE FONT_THEME_1_FONT_REGULAR_12_1BPP_char_46[9] =
{
    0xf8, 0x80, 0x80, 0x80, 0xf0, 0x80, 0x80, 0x80, 0x80
};
static GX_CONST GX_UBYTE FONT_THEME_1_FONT_REGULAR_12_1BPP_char_47[9] =
{
    0x3c, 0x42, 0x81, 0x80, 0x8f, 0x81, 0x81, 0x42, 0x3c
};
static GX_CONST GX_UBYTE FONT_THEME_1_FONT_REGULAR_12_1BPP_char_48[9] =
{
    0x84, 0x84, 0x84, 0x84, 0xfc, 0x84, 0x84, 0x84, 0x84
};
static GX_CONST GX_UBYTE FONT_THEME_1_FONT_REGULAR_12_1BPP_char_49[9] =
{
    0x80, 0x80, 0x80, 0x80, 0x80, 0x80, 0x80, 0x80, 0x80
};
static GX_CONST GX_UBYTE FONT_THEME_1_FONT_REGULAR_12_1BPP_char_4a[9] =
{
    0x08, 0x08, 0x08, 0x08, 0x08, 0x08, 0x08, 0x88, 0x70
};
static GX_CONST GX_UBYTE FONT_THEME_1_FONT_REGULAR_12_1BPP_char_4b[9] =
{
    0x88, 0x98, 0xb0, 0xa0, 0xc0, 0xe0, 0xb0, 0x98, 0x88
};
static GX_CONST GX_UBYTE FONT_THEME_1_FONT_REGULAR_12_1BPP_char_4c[9] =
{
    0x80, 0x80, 0x80, 0x80, 0x80, 0x80, 0x80, 0x80, 0xf0
};
static GX_CONST GX_UBYTE FONT_THEME_1_FONT_REGULAR_12_1BPP_char_4d[9] =
{
    0x81, 0xc3, 0xc3, 0xc5, 0xa5, 0xa5, 0x99, 0x99, 0x91
};
static GX_CONST GX_UBYTE FONT_THEME_1_FONT_REGULAR_12_1BPP_char_4e[9] =
{
    0x84, 0xc4, 0xc4, 0xa4, 0xa4, 0x94, 0x8c, 0x8c, 0x84
};
static GX_CONST GX_UBYTE FONT_THEME_1_FONT_REGULAR_12_1BPP_char_4f[9] =
{
    0x3c, 0x42, 0x83, 0x81, 0x81, 0x81, 0x83, 0x42, 0x3c
};
static GX_CONST GX_UBYTE FONT_THEME_1_FONT_REGULAR_12_1BPP_char_50[9] =
{
    0xf0, 0x88, 0x88, 0x88, 0xf0, 0x80, 0x80, 0x80, 0x80
};
static GX_CONST GX_UBYTE FONT_THEME_1_FONT_REGULAR_12_1BPP_char_51[11] =
{
    0x3c, 0x42, 0x83, 0x81, 0x81, 0x81, 0x83, 0x42, 0x3c, 0x02, 0x01
};
static GX_CONST GX_UBYTE FONT_THEME_1_FONT_REGULAR_12_1BPP_char_52[9] =
{
    0xf8, 0x8c, 0x84, 0x8c, 0xf8, 0x90, 0x98, 0x88, 0x8c
};
static GX_CONST GX_UBYTE FONT_THEME_1_FONT_REGULAR_12_1BPP_char_53[9] =
{
    0x78, 0x8c, 0x80, 0xc0, 0x78, 0x0c, 0x04, 0x8c, 0x78
};
static GX_CONST GX_UBYTE FONT_THEME_1_FONT_REGULAR_12_1BPP_char_54[9] =
{
    0xf8, 0x20, 0x20, 0x20, 0x20, 0x20, 0x20, 0x20, 0x20
};
static GX_CONST GX_UBYTE FONT_THEME_1_FONT_REGULAR_12_1BPP_char_55[9] =
{
    0x84, 0x84, 0x84, 0x84, 0x84, 0x84, 0x84, 0xcc, 0x78
};
static GX_CONST GX_UBYTE FONT_THEME_1_FONT_REGULAR_12_1BPP_char_56[9] =
{
    0xc1, 0x42, 0x42, 0x66, 0x24, 0x24, 0x1c, 0x18, 0x18
};
static GX_CONST GX_UBYTE FONT_THEME_1_FONT_REGULAR_12_1BPP_char_57[18] =
{
    0xc6, 0x20, 0x46, 0x20, 0x46, 0x20, 0x4a, 0x60, 0x69, 0x40, 0x29, 0x40, 0x29, 
    0x40, 0x31, 0x80, 0x30, 0x80
};
static GX_CONST GX_UBYTE FONT_THEME_1_FONT_REGULAR_12_1BPP_char_58[9] =
{
    0x8c, 0xc8, 0x58, 0x30, 0x20, 0x30, 0x50, 0xc8, 0x8c
};
static GX_CONST GX_UBYTE FONT_THEME_1_FONT_REGULAR_12_1BPP_char_59[9] =
{
    0xc4, 0x44, 0x48, 0x28, 0x38, 0x10, 0x10, 0x10, 0x10
};
static GX_CONST GX_UBYTE FONT_THEME_1_FONT_REGULAR_12_1BPP_char_5a[9] =
{
    0xfc, 0x08, 0x18, 0x10, 0x20, 0x20, 0x40, 0xc0, 0xfc
};
static GX_CONST GX_UBYTE FONT_THEME_1_FONT_REGULAR_12_1BPP_char_5b[14] =
{
    0xc0, 0x80, 0x80, 0x80, 0x80, 0x80, 0x80, 0x80, 0x80, 0x80, 0x80, 0x80, 0x80, 
    0xc0
};
static GX_CONST GX_UBYTE FONT_THEME_1_FONT_REGULAR_12_1BPP_char_5c[14] =
{
    0x80, 0x80, 0x80, 0x40, 0x40, 0x40, 0x40, 0x20, 0x20, 0x20, 0x20, 0x10, 0x10, 
    0x10
};
static GX_CONST GX_UBYTE FONT_THEME_1_FONT_REGULAR_12_1BPP_char_5d[14] =
{
    0xc0, 0x40, 0x40, 0x40, 0x40, 0x40, 0x40, 0x40, 0x40, 0x40, 0x40, 0x40, 0x40, 
    0xc0
};
static GX_CONST GX_UBYTE FONT_THEME_1_FONT_REGULAR_12_1BPP_char_5e[7] =
{
    0x10, 0x18, 0x38, 0x2c, 0x24, 0x44, 0x42
};
static GX_CONST GX_UBYTE FONT_THEME_1_FONT_REGULAR_12_1BPP_char_5f[1] =
{
    0xfc
};
static GX_CONST GX_UBYTE FONT_THEME_1_FONT_REGULAR_12_1BPP_char_60[3] =
{
    0x80, 0x40, 0x20
};
static GX_CONST GX_UBYTE FONT_THEME_1_FONT_REGULAR_12_1BPP_char_61[7] =
{
    0x7a, 0xc6, 0x82, 0x82, 0x82, 0xc6, 0x7a
};
static GX_CONST GX_UBYTE FONT_THEME_1_FONT_REGULAR_12_1BPP_char_62[9] =
{
    0x80, 0x80, 0xb8, 0xc4, 0x82, 0x82, 0x82, 0xc4, 0xb8
};
static GX_CONST GX_UBYTE FONT_THEME_1_FONT_REGULAR_12_1BPP_char_63[7] =
{
    0x78, 0xcc, 0x80, 0x80, 0x80, 0xcc, 0x78
};
static GX_CONST GX_UBYTE FONT_THEME_1_FONT_REGULAR_12_1BPP_char_64[9] =
{
    0x02, 0x02, 0x7a, 0xc6, 0x82, 0x82, 0x82, 0xc6, 0x7a
};
static GX_CONST GX_UBYTE FONT_THEME_1_FONT_REGULAR_12_1BPP_char_65[7] =
{
    0x78, 0xcc, 0x84, 0xfc, 0x80, 0xcc, 0x78
};
static GX_CONST GX_UBYTE FONT_THEME_1_FONT_REGULAR_12_1BPP_char_66[9] =
{
    0x60, 0x40, 0xe0, 0x40, 0x40, 0x40, 0x40, 0x40, 0x40
};
static GX_CONST GX_UBYTE FONT_THEME_1_FONT_REGULAR_12_1BPP_char_67[10] =
{
    0x7a, 0xc6, 0x82, 0x82, 0x82, 0xc6, 0x7a, 0x02, 0xc6, 0x3c
};
static GX_CONST GX_UBYTE FONT_THEME_1_FONT_REGULAR_12_1BPP_char_68[9] =
{
    0x80, 0x80, 0xb8, 0xcc, 0x84, 0x84, 0x84, 0x84, 0x84
};
static GX_CONST GX_UBYTE FONT_THEME_1_FONT_REGULAR_12_1BPP_char_69[9] =
{
    0x80, 0x00, 0x80, 0x80, 0x80, 0x80, 0x80, 0x80, 0x80
};
static GX_CONST GX_UBYTE FONT_THEME_1_FONT_REGULAR_12_1BPP_char_6a[12] =
{
    0x40, 0x00, 0x40, 0x40, 0x40, 0x40, 0x40, 0x40, 0x40, 0x40, 0x40, 0xc0
};
static GX_CONST GX_UBYTE FONT_THEME_1_FONT_REGULAR_12_1BPP_char_6b[9] =
{
    0x80, 0x80, 0x98, 0xb0, 0xe0, 0xc0, 0xe0, 0xb0, 0x98
};
static GX_CONST GX_UBYTE FONT_THEME_1_FONT_REGULAR_12_1BPP_char_6c[9] =
{
    0x80, 0x80, 0x80, 0x80, 0x80, 0x80, 0x80, 0x80, 0x80
};
static GX_CONST GX_UBYTE FONT_THEME_1_FONT_REGULAR_12_1BPP_char_6d[14] =
{
    0xb9, 0xc0, 0xce, 0x60, 0x84, 0x20, 0x84, 0x20, 0x84, 0x20, 0x84, 0x20, 0x84, 
    0x20
};
static GX_CONST GX_UBYTE FONT_THEME_1_FONT_REGULAR_12_1BPP_char_6e[7] =
{
    0xb8, 0xcc, 0x84, 0x84, 0x84, 0x84, 0x84
};
static GX_CONST GX_UBYTE FONT_THEME_1_FONT_REGULAR_12_1BPP_char_6f[7] =
{
    0x78, 0xc4, 0x82, 0x82, 0x82, 0xc4, 0x78
};
static GX_CONST GX_UBYTE FONT_THEME_1_FONT_REGULAR_12_1BPP_char_70[10] =
{
    0xb8, 0xc4, 0x82, 0x82, 0x82, 0xc4, 0xb8, 0x80, 0x80, 0x80
};
static GX_CONST GX_UBYTE FONT_THEME_1_FONT_REGULAR_12_1BPP_char_71[10] =
{
    0x7a, 0xc6, 0x82, 0x82, 0x82, 0xc6, 0x7a, 0x02, 0x02, 0x02
};
static GX_CONST GX_UBYTE FONT_THEME_1_FONT_REGULAR_12_1BPP_char_72[7] =
{
    0xe0, 0x80, 0x80, 0x80, 0x80, 0x80, 0x80
};
static GX_CONST GX_UBYTE FONT_THEME_1_FONT_REGULAR_12_1BPP_char_73[7] =
{
    0x70, 0x98, 0x80, 0x70, 0x08, 0x88, 0x70
};
static GX_CONST GX_UBYTE FONT_THEME_1_FONT_REGULAR_12_1BPP_char_74[9] =
{
    0x40, 0x40, 0xf0, 0x40, 0x40, 0x40, 0x40, 0x40, 0x70
};
static GX_CONST GX_UBYTE FONT_THEME_1_FONT_REGULAR_12_1BPP_char_75[7] =
{
    0x84, 0x84, 0x84, 0x84, 0x84, 0xcc, 0x74
};
static GX_CONST GX_UBYTE FONT_THEME_1_FONT_REGULAR_12_1BPP_char_76[7] =
{
    0x84, 0x44, 0x44, 0x68, 0x28, 0x38, 0x10
};
static GX_CONST GX_UBYTE FONT_THEME_1_FONT_REGULAR_12_1BPP_char_77[14] =
{
    0x8c, 0xc0, 0x4c, 0x80, 0x4c, 0x80, 0x54, 0x80, 0x53, 0x00, 0x33, 0x00, 0x33, 
    0x00
};
static GX_CONST GX_UBYTE FONT_THEME_1_FONT_REGULAR_12_1BPP_char_78[7] =
{
    0xc8, 0x48, 0x30, 0x20, 0x30, 0x58, 0xc8
};
static GX_CONST GX_UBYTE FONT_THEME_1_FONT_REGULAR_12_1BPP_char_79[10] =
{
    0xc4, 0x44, 0x44, 0x28, 0x28, 0x30, 0x10, 0x30, 0x20, 0x20
};
static GX_CONST GX_UBYTE FONT_THEME_1_FONT_REGULAR_12_1BPP_char_7a[7] =
{
    0xf8, 0x10, 0x30, 0x20, 0x40, 0xc0, 0xf8
};
static GX_CONST GX_UBYTE FONT_THEME_1_FONT_REGULAR_12_1BPP_char_7b[14] =
{
    0x60, 0x40, 0x40, 0x40, 0x40, 0x40, 0xc0, 0xc0, 0x40, 0x40, 0x40, 0x40, 0x40, 
    0x60
};
static GX_CONST GX_UBYTE FONT_THEME_1_FONT_REGULAR_12_1BPP_char_7c[12] =
{
    0x80, 0x80, 0x80, 0x80, 0x80, 0x80, 0x80, 0x80, 0x80, 0x80, 0x80, 0x80
};
static GX_CONST GX_UBYTE FONT_THEME_1_FONT_REGULAR_12_1BPP_char_7d[14] =
{
    0xc0, 0x40, 0x40, 0x40, 0x40, 0x40, 0x60, 0x60, 0x40, 0x40, 0x40, 0x40, 0x40, 
    0xc0
};
static GX_CONST GX_UBYTE FONT_THEME_1_FONT_REGULAR_12_1BPP_char_7e[2] =
{
    0x64, 0x98
};
static GX_CONST GX_GLYPH THEME_1_FONT_REGULAR_12_1BPP_FONT_PAGE_1_GLYPHS[95] =
{
    {FONT_THEME_1_FONT_REGULAR_12_1BPP_char_20, 0, 0, 3, 0, 1, 1},
    {FONT_THEME_1_FONT_REGULAR_12_1BPP_char_21, 9, 0, 3, 0, 1, 9},
    {FONT_THEME_1_FONT_REGULAR_12_1BPP_char_22, 11, -8, 4, 0, 3, 3},
    {FONT_THEME_1_FONT_REGULAR_12_1BPP_char_23, 9, 0, 11, 1, 9, 9},
    {FONT_THEME_1_FONT_REGULAR_12_1BPP_char_24, 10, 1, 8, 0, 6, 11},
    {FONT_THEME_1_FONT_REGULAR_12_1BPP_char_25, 9, 0, 9, 0, 8, 9},
    {FONT_THEME_1_FONT_REGULAR_12_1BPP_char_26, 9, 0, 9, 0, 8, 9},
    {FONT_THEME_1_FONT_REGULAR_12_1BPP_char_27, 11, -8, 2, 0, 1, 3},
    {FONT_THEME_1_FONT_REGULAR_12_1BPP_char_28, 12, 2, 5, 0, 4, 14},
    {FONT_THEME_1_FONT_REGULAR_12_1BPP_char_29, 12, 2, 5, 0, 4, 14},
    {FONT_THEME_1_FONT_REGULAR_12_1BPP_char_2a, 9, -4, 6, 0, 4, 5},
    {FONT_THEME_1_FONT_REGULAR_12_1BPP_char_2b, 7, -1, 9, 1, 7, 6},
    {FONT_THEME_1_FONT_REGULAR_12_1BPP_char_2c, 2, 2, 2, -1, 2, 4},
    {FONT_THEME_1_FONT_REGULAR_12_1BPP_char_2d, 5, -4, 7, 0, 4, 1},
    {FONT_THEME_1_FONT_REGULAR_12_1BPP_char_2e, 1, 0, 3, 0, 1, 1},
    {FONT_THEME_1_FONT_REGULAR_12_1BPP_char_2f, 12, 2, 6, 0, 4, 14},
    {FONT_THEME_1_FONT_REGULAR_12_1BPP_char_30, 9, 0, 8, 0, 6, 9},
    {FONT_THEME_1_FONT_REGULAR_12_1BPP_char_31, 9, 0, 4, 0, 2, 9},
    {FONT_THEME_1_FONT_REGULAR_12_1BPP_char_32, 9, 0, 7, 0, 5, 9},
    {FONT_THEME_1_FONT_REGULAR_12_1BPP_char_33, 9, 0, 7, 0, 6, 9},
    {FONT_THEME_1_FONT_REGULAR_12_1BPP_char_34, 9, 0, 8, 0, 7, 9},
    {FONT_THEME_1_FONT_REGULAR_12_1BPP_char_35, 9, 0, 8, 0, 6, 9},
    {FONT_THEME_1_FONT_REGULAR_12_1BPP_char_36, 9, 0, 8, 0, 6, 9},
    {FONT_THEME_1_FONT_REGULAR_12_1BPP_char_37, 9, 0, 7, 0, 6, 9},
    {FONT_THEME_1_FONT_REGULAR_12_1BPP_char_38, 9, 0, 8, 0, 6, 9},
    {FONT_THEME_1_FONT_REGULAR_12_1BPP_char_39, 9, 0, 8, 0, 6, 9},
    {FONT_THEME_1_FONT_REGULAR_12_1BPP_char_3a, 7, 0, 3, 0, 1, 7},
    {FONT_THEME_1_FONT_REGULAR_12_1BPP_char_3b, 7, 1, 3, 0, 2, 8},
    {FONT_THEME_1_FONT_REGULAR_12_1BPP_char_3c, 8, -2, 7, 1, 4, 6},
    {FONT_THEME_1_FONT_REGULAR_12_1BPP_char_3d, 7, -3, 9, 1, 6, 4},
    {FONT_THEME_1_FONT_REGULAR_12_1BPP_char_3e, 8, -2, 6, 1, 4, 6},
    {FONT_THEME_1_FONT_REGULAR_12_1BPP_char_3f, 9, 0, 7, 0, 5, 9},
    {FONT_THEME_1_FONT_REGULAR_12_1BPP_char_40, 8, 2, 12, 0, 10, 10},
    {FONT_THEME_1_FONT_REGULAR_12_1BPP_char_41, 9, 0, 8, 0, 8, 9},
    {FONT_THEME_1_FONT_REGULAR_12_1BPP_char_42, 9, 0, 8, 0, 6, 9},
    {FONT_THEME_1_FONT_REGULAR_12_1BPP_char_43, 9, 0, 10, 0, 8, 9},
    {FONT_THEME_1_FONT_REGULAR_12_1BPP_char_44, 9, 0, 8, 0, 7, 9},
    {FONT_THEME_1_FONT_REGULAR_12_1BPP_char_45, 9, 0, 6, 0, 4, 9},
    {FONT_THEME_1_FONT_REGULAR_12_1BPP_char_46, 9, 0, 6, 0, 5, 9},
    {FONT_THEME_1_FONT_REGULAR_12_1BPP_char_47, 9, 0, 10, 0, 8, 9},
    {FONT_THEME_1_FONT_REGULAR_12_1BPP_char_48, 9, 0, 8, 0, 6, 9},
    {FONT_THEME_1_FONT_REGULAR_12_1BPP_char_49, 9, 0, 3, 0, 1, 9},
    {FONT_THEME_1_FONT_REGULAR_12_1BPP_char_4a, 9, 0, 7, 0, 5, 9},
    {FONT_THEME_1_FONT_REGULAR_12_1BPP_char_4b, 9, 0, 7, 0, 6, 9},
    {FONT_THEME_1_FONT_REGULAR_12_1BPP_char_4c, 9, 0, 5, 0, 4, 9},
    {FONT_THEME_1_FONT_REGULAR_12_1BPP_char_4d, 9, 0, 10, 0, 8, 9},
    {FONT_THEME_1_FONT_REGULAR_12_1BPP_char_4e, 9, 0, 8, 0, 6, 9},
    {FONT_THEME_1_FONT_REGULAR_12_1BPP_char_4f, 9, 0, 9, 0, 8, 9},
    {FONT_THEME_1_FONT_REGULAR_12_1BPP_char_50, 9, 0, 6, 0, 5, 9},
    {FONT_THEME_1_FONT_REGULAR_12_1BPP_char_51, 9, 2, 9, 0, 8, 11},
    {FONT_THEME_1_FONT_REGULAR_12_1BPP_char_52, 9, 0, 8, 0, 6, 9},
    {FONT_THEME_1_FONT_REGULAR_12_1BPP_char_53, 9, 0, 8, 0, 6, 9},
    {FONT_THEME_1_FONT_REGULAR_12_1BPP_char_54, 9, 0, 7, 0, 5, 9},
    {FONT_THEME_1_FONT_REGULAR_12_1BPP_char_55, 9, 0, 8, 0, 6, 9},
    {FONT_THEME_1_FONT_REGULAR_12_1BPP_char_56, 9, 0, 8, 0, 8, 9},
    {FONT_THEME_1_FONT_REGULAR_12_1BPP_char_57, 9, 0, 12, 0, 11, 9},
    {FONT_THEME_1_FONT_REGULAR_12_1BPP_char_58, 9, 0, 7, 0, 6, 9},
    {FONT_THEME_1_FONT_REGULAR_12_1BPP_char_59, 9, 0, 7, 0, 7, 9},
    {FONT_THEME_1_FONT_REGULAR_12_1BPP_char_5a, 9, 0, 7, 1, 6, 9},
    {FONT_THEME_1_FONT_REGULAR_12_1BPP_char_5b, 12, 2, 5, 1, 2, 14},
    {FONT_THEME_1_FONT_REGULAR_12_1BPP_char_5c, 12, 2, 8, 1, 4, 14},
    {FONT_THEME_1_FONT_REGULAR_12_1BPP_char_5d, 12, 2, 6, 1, 2, 14},
    {FONT_THEME_1_FONT_REGULAR_12_1BPP_char_5e, 9, -2, 8, 0, 7, 7},
    {FONT_THEME_1_FONT_REGULAR_12_1BPP_char_5f, -1, 2, 8, 1, 6, 1},
    {FONT_THEME_1_FONT_REGULAR_12_1BPP_char_60, 10, -7, 4, 1, 3, 3},
    {FONT_THEME_1_FONT_REGULAR_12_1BPP_char_61, 7, 0, 9, 0, 7, 7},
    {FONT_THEME_1_FONT_REGULAR_12_1BPP_char_62, 9, 0, 8, 0, 7, 9},
    {FONT_THEME_1_FONT_REGULAR_12_1BPP_char_63, 7, 0, 8, 0, 6, 7},
    {FONT_THEME_1_FONT_REGULAR_12_1BPP_char_64, 9, 0, 9, 0, 7, 9},
    {FONT_THEME_1_FONT_REGULAR_12_1BPP_char_65, 7, 0, 7, 0, 6, 7},
    {FONT_THEME_1_FONT_REGULAR_12_1BPP_char_66, 9, 0, 4, 0, 3, 9},
    {FONT_THEME_1_FONT_REGULAR_12_1BPP_char_67, 7, 3, 9, 0, 7, 10},
    {FONT_THEME_1_FONT_REGULAR_12_1BPP_char_68, 9, 0, 8, 0, 6, 9},
    {FONT_THEME_1_FONT_REGULAR_12_1BPP_char_69, 9, 0, 3, 0, 1, 9},
    {FONT_THEME_1_FONT_REGULAR_12_1BPP_char_6a, 9, 3, 3, -1, 2, 12},
    {FONT_THEME_1_FONT_REGULAR_12_1BPP_char_6b, 9, 0, 6, 0, 5, 9},
    {FONT_THEME_1_FONT_REGULAR_12_1BPP_char_6c, 9, 0, 3, 0, 1, 9},
    {FONT_THEME_1_FONT_REGULAR_12_1BPP_char_6d, 7, 0, 13, 0, 11, 7},
    {FONT_THEME_1_FONT_REGULAR_12_1BPP_char_6e, 7, 0, 8, 0, 6, 7},
    {FONT_THEME_1_FONT_REGULAR_12_1BPP_char_6f, 7, 0, 8, 0, 7, 7},
    {FONT_THEME_1_FONT_REGULAR_12_1BPP_char_70, 7, 3, 8, 0, 7, 10},
    {FONT_THEME_1_FONT_REGULAR_12_1BPP_char_71, 7, 3, 9, 0, 7, 10},
    {FONT_THEME_1_FONT_REGULAR_12_1BPP_char_72, 7, 0, 4, 0, 3, 7},
    {FONT_THEME_1_FONT_REGULAR_12_1BPP_char_73, 7, 0, 7, 0, 5, 7},
    {FONT_THEME_1_FONT_REGULAR_12_1BPP_char_74, 9, 0, 4, 0, 4, 9},
    {FONT_THEME_1_FONT_REGULAR_12_1BPP_char_75, 7, 0, 8, 0, 6, 7},
    {FONT_THEME_1_FONT_REGULAR_12_1BPP_char_76, 7, 0, 7, 0, 7, 7},
    {FONT_THEME_1_FONT_REGULAR_12_1BPP_char_77, 7, 0, 10, 0, 10, 7},
    {FONT_THEME_1_FONT_REGULAR_12_1BPP_char_78, 7, 0, 6, 0, 6, 7},
    {FONT_THEME_1_FONT_REGULAR_12_1BPP_char_79, 7, 3, 7, 0, 7, 10},
    {FONT_THEME_1_FONT_REGULAR_12_1BPP_char_7a, 7, 0, 6, 1, 5, 7},
    {FONT_THEME_1_FONT_REGULAR_12_1BPP_char_7b, 12, 2, 5, 0, 3, 14},
    {FONT_THEME_1_FONT_REGULAR_12_1BPP_char_7c, 11, 1, 3, 0, 1, 12},
    {FONT_THEME_1_FONT_REGULAR_12_1BPP_char_7d, 12, 2, 6, 0, 3, 14},
    {FONT_THEME_1_FONT_REGULAR_12_1BPP_char_7e, 5, -2, 6, 0, 6, 2}
};

static GX_CONST GX_FONT THEME_1_FONT_REGULAR_12_1BPP = 
{
    GX_FONT_FORMAT_1BPP,                     /* format                         */
    0,                                       /* line pre-space                 */
    0,                                       /* line post-space                */ 
    15,                                      /* font data height               */
    12,                                      /* font baseline offset           */
    0x20,                                    /* first glyph within data page   */
    0x7e,                                    /* last glyph within data page    */
    {THEME_1_FONT_REGULAR_12_1BPP_FONT_PAGE_1_GLYPHS},    /* pointer to glyph data */
    GX_NULL                                  /* next font page                 */
};


/* Font THEME_1_FONT_BOLD_22_1BPP Data Definition                              */

static GX_CONST GX_UBYTE FONT_THEME_1_FONT_BOLD_22_1BPP_char_20[1] =
{
    0x00
};
static GX_CONST GX_UBYTE FONT_THEME_1_FONT_BOLD_22_1BPP_char_21[17] =
{
    0xf0, 0xf0, 0xf0, 0xf0, 0xf0, 0xf0, 0xf0, 0xf0, 0xf0, 0xf0, 0xf0, 0x00, 0x00, 
    0x60, 0xf0, 0xf0, 0x60
};
static GX_CONST GX_UBYTE FONT_THEME_1_FONT_BOLD_22_1BPP_char_22[5] =
{
    0xee, 0xee, 0xee, 0xee, 0xee
};
static GX_CONST GX_UBYTE FONT_THEME_1_FONT_BOLD_22_1BPP_char_23[51] =
{
    0x03, 0xc7, 0x00, 0x03, 0x87, 0x00, 0x03, 0x87, 0x00, 0x03, 0x8f, 0x00, 0x3f, 
    0xff, 0xe0, 0x3f, 0xff, 0xe0, 0x3f, 0xff, 0xe0, 0x07, 0x0e, 0x00, 0x07, 0x1e, 
    0x00, 0x07, 0x1e, 0x00, 0xff, 0xff, 0x80, 0xff, 0xff, 0x80, 0xff, 0xff, 0x80, 
    0x0e, 0x3c, 0x00, 0x0e, 0x3c, 0x00, 0x1e, 0x38, 0x00, 0x1c, 0x38, 0x00
};
static GX_CONST GX_UBYTE FONT_THEME_1_FONT_BOLD_22_1BPP_char_24[40] =
{
    0x02, 0x00, 0x02, 0x00, 0x1f, 0x80, 0x7f, 0xe0, 0x7f, 0xe0, 0xf2, 0xf0, 0xf2, 
    0xf0, 0xfa, 0x00, 0xfe, 0x00, 0x7f, 0xc0, 0x1f, 0xe0, 0x03, 0xf0, 0x02, 0xf0, 
    0xf2, 0xf0, 0xfa, 0xf0, 0x7f, 0xe0, 0x3f, 0xe0, 0x1f, 0x80, 0x02, 0x00, 0x02, 
    0x00
};
static GX_CONST GX_UBYTE FONT_THEME_1_FONT_BOLD_22_1BPP_char_25[48] =
{
    0x3c, 0x1e, 0x00, 0x7e, 0x3c, 0x00, 0xe7, 0x3c, 0x00, 0xe7, 0x78, 0x00, 0xe7, 
    0x78, 0x00, 0x7e, 0xf0, 0x00, 0x3c, 0xf0, 0x00, 0x01, 0xe0, 0x00, 0x01, 0xef, 
    0x00, 0x03, 0xdf, 0x80, 0x03, 0xff, 0xc0, 0x07, 0xb9, 0xc0, 0x07, 0xb9, 0xc0, 
    0x0f, 0x39, 0xc0, 0x0f, 0x1f, 0x80, 0x1e, 0x0f, 0x00
};
static GX_CONST GX_UBYTE FONT_THEME_1_FONT_BOLD_22_1BPP_char_26[48] =
{
    0x0f, 0x80, 0x00, 0x1f, 0xc0, 0x00, 0x3f, 0xe0, 0x00, 0x3f, 0xe0, 0x00, 0x3c, 
    0xe0, 0x00, 0x3c, 0x00, 0x00, 0x1e, 0x00, 0x00, 0x3f, 0x00, 0x00, 0x7f, 0x9e, 
    0x00, 0xfb, 0xdc, 0x00, 0xf1, 0xfc, 0x00, 0xf0, 0xf8, 0x00, 0xfd, 0xfc, 0x00, 
    0xff, 0xfc, 0x00, 0x7f, 0xfe, 0x00, 0x1f, 0x8f, 0x00
};
static GX_CONST GX_UBYTE FONT_THEME_1_FONT_BOLD_22_1BPP_char_27[5] =
{
    0xe0, 0xe0, 0xe0, 0xe0, 0xe0
};
static GX_CONST GX_UBYTE FONT_THEME_1_FONT_BOLD_22_1BPP_char_28[52] =
{
    0x0f, 0x00, 0x0f, 0x00, 0x1e, 0x00, 0x3c, 0x00, 0x3c, 0x00, 0x78, 0x00, 0x78, 
    0x00, 0x78, 0x00, 0xf0, 0x00, 0xf0, 0x00, 0xf0, 0x00, 0xf0, 0x00, 0xf0, 0x00, 
    0xf0, 0x00, 0xf0, 0x00, 0xf0, 0x00, 0xf0, 0x00, 0xf0, 0x00, 0x78, 0x00, 0x78, 
    0x00, 0x78, 0x00, 0x3c, 0x00, 0x3c, 0x00, 0x1e, 0x00, 0x1f, 0x00, 0x0f, 0x00

};
static GX_CONST GX_UBYTE FONT_THEME_1_FONT_BOLD_22_1BPP_char_29[52] =
{
    0x70, 0x00, 0x78, 0x00, 0x3c, 0x00, 0x1e, 0x00, 0x1e, 0x00, 0x0e, 0x00, 0x0f, 
    0x00, 0x0f, 0x00, 0x0f, 0x00, 0x07, 0x80, 0x07, 0x80, 0x07, 0x80, 0x07, 0x80, 
    0x07, 0x80, 0x07, 0x80, 0x07, 0x80, 0x07, 0x80, 0x0f, 0x00, 0x0f, 0x00, 0x0f, 
    0x00, 0x0f, 0x00, 0x1e, 0x00, 0x1e, 0x00, 0x3c, 0x00, 0x78, 0x00, 0x78, 0x00

};
static GX_CONST GX_UBYTE FONT_THEME_1_FONT_BOLD_22_1BPP_char_2a[9] =
{
    0x18, 0x18, 0xdf, 0xff, 0x3c, 0xff, 0xff, 0x5a, 0x18
};
static GX_CONST GX_UBYTE FONT_THEME_1_FONT_BOLD_22_1BPP_char_2b[24] =
{
    0x0f, 0x00, 0x0f, 0x00, 0x0f, 0x00, 0x0f, 0x00, 0x0f, 0x00, 0xff, 0xe0, 0xff, 
    0xe0, 0xff, 0xe0, 0x0f, 0x00, 0x0f, 0x00, 0x0f, 0x00, 0x0f, 0x00
};
static GX_CONST GX_UBYTE FONT_THEME_1_FONT_BOLD_22_1BPP_char_2c[7] =
{
    0x70, 0x70, 0xf0, 0xe0, 0xe0, 0xe0, 0xc0
};
static GX_CONST GX_UBYTE FONT_THEME_1_FONT_BOLD_22_1BPP_char_2d[6] =
{
    0xff, 0xc0, 0xff, 0xc0, 0xff, 0xc0
};
static GX_CONST GX_UBYTE FONT_THEME_1_FONT_BOLD_22_1BPP_char_2e[4] =
{
    0x60, 0xf0, 0xf0, 0x60
};
static GX_CONST GX_UBYTE FONT_THEME_1_FONT_BOLD_22_1BPP_char_2f[52] =
{
    0x03, 0xc0, 0x03, 0x80, 0x03, 0x80, 0x07, 0x80, 0x07, 0x80, 0x07, 0x80, 0x07, 
    0x00, 0x0f, 0x00, 0x0f, 0x00, 0x0f, 0x00, 0x0e, 0x00, 0x1e, 0x00, 0x1e, 0x00, 
    0x1e, 0x00, 0x1c, 0x00, 0x1c, 0x00, 0x3c, 0x00, 0x3c, 0x00, 0x3c, 0x00, 0x38, 
    0x00, 0x78, 0x00, 0x78, 0x00, 0x78, 0x00, 0x70, 0x00, 0x70, 0x00, 0xf0, 0x00

};
static GX_CONST GX_UBYTE FONT_THEME_1_FONT_BOLD_22_1BPP_char_30[34] =
{
    0x0f, 0x80, 0x3f, 0xe0, 0x7f, 0xe0, 0x7d, 0xf0, 0xf0, 0xf0, 0xf0, 0x78, 0xf0, 
    0x78, 0xf0, 0x78, 0xf0, 0x78, 0xf0, 0x78, 0xf0, 0x78, 0xf0, 0x78, 0xf0, 0xf0, 
    0x7d, 0xf0, 0x7f, 0xe0, 0x3f, 0xe0, 0x0f, 0x80
};
static GX_CONST GX_UBYTE FONT_THEME_1_FONT_BOLD_22_1BPP_char_31[16] =
{
    0xfc, 0xfc, 0xfc, 0x3c, 0x3c, 0x3c, 0x3c, 0x3c, 0x3c, 0x3c, 0x3c, 0x3c, 0x3c, 
    0x3c, 0x3c, 0x3c
};
static GX_CONST GX_UBYTE FONT_THEME_1_FONT_BOLD_22_1BPP_char_32[34] =
{
    0x1f, 0x00, 0x3f, 0xc0, 0x7f, 0xc0, 0xfb, 0xe0, 0xf1, 0xe0, 0xf1, 0xe0, 0x01, 
    0xe0, 0x03, 0xc0, 0x03, 0xc0, 0x07, 0x80, 0x0f, 0x00, 0x1f, 0x00, 0x3c, 0x00, 
    0xf8, 0x00, 0xff, 0xe0, 0xff, 0xe0, 0xff, 0xe0
};
static GX_CONST GX_UBYTE FONT_THEME_1_FONT_BOLD_22_1BPP_char_33[34] =
{
    0x3f, 0x80, 0x7f, 0xc0, 0xff, 0xe0, 0xf9, 0xe0, 0xf1, 0xe0, 0x01, 0xe0, 0x07, 
    0xc0, 0x0f, 0x80, 0x0f, 0x80, 0x0f, 0xc0, 0x01, 0xe0, 0x01, 0xe0, 0xf1, 0xe0, 
    0xfb, 0xe0, 0x7f, 0xc0, 0x7f, 0xc0, 0x1f, 0x00
};
static GX_CONST GX_UBYTE FONT_THEME_1_FONT_BOLD_22_1BPP_char_34[32] =
{
    0x03, 0xe0, 0x03, 0xe0, 0x07, 0xe0, 0x0f, 0xe0, 0x0f, 0xe0, 0x1d, 0xe0, 0x3d, 
    0xe0, 0x39, 0xe0, 0x79, 0xe0, 0xf1, 0xe0, 0xff, 0xf8, 0xff, 0xf8, 0xff, 0xf8, 
    0x01, 0xe0, 0x01, 0xe0, 0x01, 0xe0
};
static GX_CONST GX_UBYTE FONT_THEME_1_FONT_BOLD_22_1BPP_char_35[34] =
{
    0xff, 0xe0, 0xff, 0xe0, 0xff, 0xe0, 0xf0, 0x00, 0xf0, 0x00, 0xf0, 0x00, 0xff, 
    0xc0, 0xff, 0xe0, 0xff, 0xe0, 0xf9, 0xf0, 0x00, 0xf0, 0x00, 0xf0, 0xf0, 0xf0, 
    0xff, 0xe0, 0x7f, 0xe0, 0x7f, 0xc0, 0x1f, 0x80
};
static GX_CONST GX_UBYTE FONT_THEME_1_FONT_BOLD_22_1BPP_char_36[34] =
{
    0x1f, 0x80, 0x3f, 0xc0, 0x7f, 0xe0, 0x79, 0xe0, 0xf0, 0xe0, 0xf0, 0x00, 0xf7, 
    0x80, 0xff, 0xe0, 0xff, 0xe0, 0xfd, 0xf0, 0xf0, 0xf0, 0xf0, 0xf0, 0xf0, 0xf0, 
    0x7d, 0xf0, 0x7f, 0xe0, 0x3f, 0xc0, 0x1f, 0x80
};
static GX_CONST GX_UBYTE FONT_THEME_1_FONT_BOLD_22_1BPP_char_37[34] =
{
    0xff, 0xe0, 0xff, 0xe0, 0xff, 0xe0, 0x01, 0xe0, 0x01, 0xc0, 0x03, 0xc0, 0x03, 
    0xc0, 0x07, 0x80, 0x07, 0x80, 0x0f, 0x00, 0x0f, 0x00, 0x0f, 0x00, 0x1e, 0x00, 
    0x1e, 0x00, 0x3c, 0x00, 0x3c, 0x00, 0x38, 0x00
};
static GX_CONST GX_UBYTE FONT_THEME_1_FONT_BOLD_22_1BPP_char_38[34] =
{
    0x3f, 0xc0, 0x7f, 0xe0, 0x7f, 0xe0, 0xf9, 0xf0, 0xf0, 0xf0, 0xf0, 0xf0, 0x79, 
    0xe0, 0x3f, 0xc0, 0x3f, 0xc0, 0x7f, 0xe0, 0xf0, 0xf0, 0xf0, 0xf0, 0xf0, 0xf0, 
    0xf9, 0xf0, 0x7f, 0xe0, 0x3f, 0xe0, 0x1f, 0x80
};
static GX_CONST GX_UBYTE FONT_THEME_1_FONT_BOLD_22_1BPP_char_39[34] =
{
    0x3f, 0x80, 0x7f, 0xc0, 0x7f, 0xe0, 0xf9, 0xe0, 0xf0, 0xf0, 0xf0, 0xf0, 0xf0, 
    0xf0, 0xf9, 0xf0, 0x7f, 0xf0, 0x7f, 0xf0, 0x1e, 0xf0, 0x00, 0xf0, 0x70, 0xe0, 
    0x7d, 0xe0, 0x7f, 0xe0, 0x3f, 0xc0, 0x1f, 0x80
};
static GX_CONST GX_UBYTE FONT_THEME_1_FONT_BOLD_22_1BPP_char_3a[13] =
{
    0x60, 0xf0, 0xf0, 0x60, 0x00, 0x00, 0x00, 0x00, 0x00, 0x60, 0xf0, 0xf0, 0x60

};
static GX_CONST GX_UBYTE FONT_THEME_1_FONT_BOLD_22_1BPP_char_3b[16] =
{
    0x60, 0xf0, 0xf0, 0x60, 0x00, 0x00, 0x00, 0x00, 0x00, 0x70, 0xe0, 0xe0, 0xe0, 
    0xe0, 0xc0, 0xc0
};
static GX_CONST GX_UBYTE FONT_THEME_1_FONT_BOLD_22_1BPP_char_3c[20] =
{
    0x0f, 0x80, 0x1f, 0x00, 0x3e, 0x00, 0x3c, 0x00, 0x78, 0x00, 0x78, 0x00, 0x3c, 
    0x00, 0x3e, 0x00, 0x1f, 0x00, 0x0f, 0x80
};
static GX_CONST GX_UBYTE FONT_THEME_1_FONT_BOLD_22_1BPP_char_3d[18] =
{
    0xff, 0xf0, 0xff, 0xf0, 0xff, 0xf0, 0x00, 0x00, 0x00, 0x00, 0x00, 0x00, 0xff, 
    0xf0, 0xff, 0xf0, 0xff, 0xf0
};
static GX_CONST GX_UBYTE FONT_THEME_1_FONT_BOLD_22_1BPP_char_3e[20] =
{
    0x7c, 0x00, 0x3c, 0x00, 0x1e, 0x00, 0x0f, 0x00, 0x0f, 0x80, 0x0f, 0x80, 0x0f, 
    0x00, 0x1e, 0x00, 0x3c, 0x00, 0x7c, 0x00
};
static GX_CONST GX_UBYTE FONT_THEME_1_FONT_BOLD_22_1BPP_char_3f[34] =
{
    0x3f, 0x80, 0x7f, 0xc0, 0xff, 0xc0, 0xf1, 0xe0, 0xf1, 0xe0, 0x01, 0xe0, 0x03, 
    0xe0, 0x3f, 0xc0, 0x3f, 0x80, 0x3c, 0x00, 0x3c, 0x00, 0x00, 0x00, 0x00, 0x00, 
    0x18, 0x00, 0x3c, 0x00, 0x3c, 0x00, 0x18, 0x00
};
static GX_CONST GX_UBYTE FONT_THEME_1_FONT_BOLD_22_1BPP_char_40[63] =
{
    0x00, 0x7e, 0x00, 0x03, 0xff, 0x80, 0x07, 0xff, 0xe0, 0x0f, 0x81, 0xe0, 0x1e, 
    0x00, 0xf0, 0x3c, 0x00, 0x70, 0x79, 0xf7, 0x38, 0x73, 0xff, 0x38, 0x77, 0xfe, 
    0x38, 0xe7, 0x8e, 0x38, 0xef, 0x0e, 0x38, 0xef, 0x0e, 0x30, 0xef, 0x1e, 0x70, 
    0xef, 0xff, 0xf0, 0xe7, 0xff, 0xe0, 0xf3, 0xc7, 0x80, 0x70, 0x00, 0x00, 0x7c, 
    0x08, 0x00, 0x3f, 0xf8, 0x00, 0x1f, 0xf8, 0x00, 0x07, 0xf0, 0x00
};
static GX_CONST GX_UBYTE FONT_THEME_1_FONT_BOLD_22_1BPP_char_41[32] =
{
    0x03, 0xc0, 0x07, 0xe0, 0x07, 0xe0, 0x07, 0xf0, 0x0f, 0xf0, 0x0f, 0x70, 0x0e, 
    0x78, 0x1e, 0x78, 0x1e, 0x38, 0x1c, 0x3c, 0x3f, 0xfc, 0x3f, 0xfc, 0x3f, 0xfe, 
    0x78, 0x1e, 0x78, 0x1e, 0x70, 0x0f
};
static GX_CONST GX_UBYTE FONT_THEME_1_FONT_BOLD_22_1BPP_char_42[32] =
{
    0xff, 0xc0, 0xff, 0xe0, 0xff, 0xf0, 0xf1, 0xf0, 0xf0, 0xf0, 0xf0, 0xf0, 0xff, 
    0xe0, 0xff, 0x80, 0xff, 0xe0, 0xf1, 0xf0, 0xf0, 0xf0, 0xf0, 0xf0, 0xf1, 0xf0, 
    0xff, 0xf0, 0xff, 0xe0, 0xff, 0xc0
};
static GX_CONST GX_UBYTE FONT_THEME_1_FONT_BOLD_22_1BPP_char_43[32] =
{
    0x07, 0xe0, 0x1f, 0xf8, 0x3f, 0xfc, 0x7e, 0xfc, 0x78, 0x3e, 0xf0, 0x00, 0xf0, 
    0x00, 0xf0, 0x00, 0xf0, 0x00, 0xf0, 0x00, 0xf0, 0x00, 0x78, 0x3e, 0x7e, 0xfc, 
    0x3f, 0xfc, 0x1f, 0xf8, 0x07, 0xe0
};
static GX_CONST GX_UBYTE FONT_THEME_1_FONT_BOLD_22_1BPP_char_44[32] =
{
    0xff, 0x80, 0xff, 0xe0, 0xff, 0xf0, 0xf3, 0xf8, 0xf0, 0x78, 0xf0, 0x7c, 0xf0, 
    0x3c, 0xf0, 0x3c, 0xf0, 0x3c, 0xf0, 0x3c, 0xf0, 0x7c, 0xf0, 0x78, 0xf3, 0xf8, 
    0xff, 0xf0, 0xff, 0xe0, 0xff, 0x80
};
static GX_CONST GX_UBYTE FONT_THEME_1_FONT_BOLD_22_1BPP_char_45[32] =
{
    0xff, 0xc0, 0xff, 0xc0, 0xff, 0xc0, 0xf0, 0x00, 0xf0, 0x00, 0xf0, 0x00, 0xff, 
    0x80, 0xff, 0x80, 0xff, 0x80, 0xf0, 0x00, 0xf0, 0x00, 0xf0, 0x00, 0xf0, 0x00, 
    0xff, 0xc0, 0xff, 0xc0, 0xff, 0xc0
};
static GX_CONST GX_UBYTE FONT_THEME_1_FONT_BOLD_22_1BPP_char_46[32] =
{
    0xff, 0xc0, 0xff, 0xc0, 0xff, 0xc0, 0xf0, 0x00, 0xf0, 0x00, 0xf0, 0x00, 0xff, 
    0x80, 0xff, 0x80, 0xff, 0x80, 0xf0, 0x00, 0xf0, 0x00, 0xf0, 0x00, 0xf0, 0x00, 
    0xf0, 0x00, 0xf0, 0x00, 0xf0, 0x00
};
static GX_CONST GX_UBYTE FONT_THEME_1_FONT_BOLD_22_1BPP_char_47[32] =
{
    0x07, 0xe0, 0x1f, 0xf8, 0x3f, 0xfc, 0x7e, 0xfc, 0x78, 0x3e, 0xf0, 0x00, 0xf0, 
    0x00, 0xf1, 0xfe, 0xf1, 0xfe, 0xf1, 0xfe, 0xf0, 0x1e, 0x78, 0x1e, 0x7f, 0x7c, 
    0x3f, 0xf8, 0x1f, 0xf0, 0x07, 0xe0
};
static GX_CONST GX_UBYTE FONT_THEME_1_FONT_BOLD_22_1BPP_char_48[32] =
{
    0xf0, 0x3c, 0xf0, 0x3c, 0xf0, 0x3c, 0xf0, 0x3c, 0xf0, 0x3c, 0xf0, 0x3c, 0xff, 
    0xfc, 0xff, 0xfc, 0xff, 0xfc, 0xf0, 0x3c, 0xf0, 0x3c, 0xf0, 0x3c, 0xf0, 0x3c, 
    0xf0, 0x3c, 0xf0, 0x3c, 0xf0, 0x3c
};
static GX_CONST GX_UBYTE FONT_THEME_1_FONT_BOLD_22_1BPP_char_49[16] =
{
    0xf0, 0xf0, 0xf0, 0xf0, 0xf0, 0xf0, 0xf0, 0xf0, 0xf0, 0xf0, 0xf0, 0xf0, 0xf0, 
    0xf0, 0xf0, 0xf0
};
static GX_CONST GX_UBYTE FONT_THEME_1_FONT_BOLD_22_1BPP_char_4a[32] =
{
    0x01, 0xe0, 0x01, 0xe0, 0x01, 0xe0, 0x01, 0xe0, 0x01, 0xe0, 0x01, 0xe0, 0x01, 
    0xe0, 0x01, 0xe0, 0x01, 0xe0, 0x01, 0xe0, 0x01, 0xe0, 0xf1, 0xe0, 0xfb, 0xe0, 
    0x7f, 0xc0, 0x7f, 0xc0, 0x1f, 0x00
};
static GX_CONST GX_UBYTE FONT_THEME_1_FONT_BOLD_22_1BPP_char_4b[32] =
{
    0xf0, 0x78, 0xf0, 0xf0, 0xf1, 0xf0, 0xf3, 0xe0, 0xf3, 0xc0, 0xf7, 0x80, 0xff, 
    0x00, 0xff, 0x00, 0xff, 0x00, 0xff, 0x80, 0xf7, 0x80, 0xf3, 0xc0, 0xf3, 0xe0, 
    0xf1, 0xf0, 0xf0, 0xf0, 0xf0, 0x78
};
static GX_CONST GX_UBYTE FONT_THEME_1_FONT_BOLD_22_1BPP_char_4c[32] =
{
    0xf0, 0x00, 0xf0, 0x00, 0xf0, 0x00, 0xf0, 0x00, 0xf0, 0x00, 0xf0, 0x00, 0xf0, 
    0x00, 0xf0, 0x00, 0xf0, 0x00, 0xf0, 0x00, 0xf0, 0x00, 0xf0, 0x00, 0xf0, 0x00, 
    0xff, 0x80, 0xff, 0x80, 0xff, 0x80
};
static GX_CONST GX_UBYTE FONT_THEME_1_FONT_BOLD_22_1BPP_char_4d[48] =
{
    0xf8, 0x07, 0xc0, 0xf8, 0x07, 0xc0, 0xfc, 0x0f, 0xc0, 0xfc, 0x0f, 0xc0, 0xfc, 
    0x0f, 0xc0, 0xfe, 0x1f, 0xc0, 0xfe, 0x1f, 0xc0, 0xff, 0x3f, 0xc0, 0xf7, 0x3b, 
    0xc0, 0xf7, 0x3b, 0xc0, 0xf7, 0xfb, 0xc0, 0xf3, 0xf3, 0xc0, 0xf3, 0xf3, 0xc0, 
    0xf3, 0xe3, 0xc0, 0xf1, 0xe3, 0xc0, 0xf1, 0xe3, 0xc0
};
static GX_CONST GX_UBYTE FONT_THEME_1_FONT_BOLD_22_1BPP_char_4e[32] =
{
    0xf0, 0x3c, 0xf8, 0x3c, 0xf8, 0x3c, 0xfc, 0x3c, 0xfe, 0x3c, 0xfe, 0x3c, 0xff, 
    0x3c, 0xf7, 0xbc, 0xf7, 0xbc, 0xf3, 0xfc, 0xf1, 0xfc, 0xf1, 0xfc, 0xf0, 0xfc, 
    0xf0, 0xfc, 0xf0, 0x7c, 0xf0, 0x3c
};
static GX_CONST GX_UBYTE FONT_THEME_1_FONT_BOLD_22_1BPP_char_4f[32] =
{
    0x07, 0xe0, 0x1f, 0xf8, 0x3f, 0xfc, 0x7e, 0xfe, 0x78, 0x1e, 0xf0, 0x1e, 0xf0, 
    0x0f, 0xf0, 0x0f, 0xf0, 0x0f, 0xf0, 0x0f, 0xf0, 0x1e, 0x78, 0x1e, 0x7e, 0xfe, 
    0x3f, 0xfc, 0x1f, 0xf8, 0x07, 0xe0
};
static GX_CONST GX_UBYTE FONT_THEME_1_FONT_BOLD_22_1BPP_char_50[32] =
{
    0xff, 0x80, 0xff, 0xc0, 0xff, 0xe0, 0xf3, 0xf0, 0xf0, 0xf0, 0xf0, 0xf0, 0xf1, 
    0xf0, 0xff, 0xe0, 0xff, 0xe0, 0xff, 0xc0, 0xf0, 0x00, 0xf0, 0x00, 0xf0, 0x00, 
    0xf0, 0x00, 0xf0, 0x00, 0xf0, 0x00
};
static GX_CONST GX_UBYTE FONT_THEME_1_FONT_BOLD_22_1BPP_char_51[38] =
{
    0x07, 0xe0, 0x1f, 0xf8, 0x3f, 0xfc, 0x7e, 0xfe, 0x78, 0x1e, 0xf0, 0x1e, 0xf0, 
    0x0f, 0xf0, 0x0f, 0xf0, 0x0f, 0xf0, 0x0f, 0xf0, 0x1e, 0x78, 0x1e, 0x7e, 0xfe, 
    0x3f, 0xfc, 0x1f, 0xf8, 0x07, 0xfc, 0x00, 0x3e, 0x00, 0x1e, 0x00, 0x0f
};
static GX_CONST GX_UBYTE FONT_THEME_1_FONT_BOLD_22_1BPP_char_52[32] =
{
    0xff, 0x80, 0xff, 0xe0, 0xff, 0xe0, 0xf1, 0xf0, 0xf0, 0xf0, 0xf0, 0xf0, 0xf0, 
    0xf0, 0xff, 0xe0, 0xff, 0xe0, 0xff, 0x80, 0xf7, 0x80, 0xf3, 0xc0, 0xf3, 0xc0, 
    0xf1, 0xe0, 0xf1, 0xe0, 0xf0, 0xf0
};
static GX_CONST GX_UBYTE FONT_THEME_1_FONT_BOLD_22_1BPP_char_53[32] =
{
    0x1f, 0x00, 0x7f, 0xc0, 0xff, 0xc0, 0xfb, 0xe0, 0xf1, 0xe0, 0xf0, 0x00, 0xfc, 
    0x00, 0x7f, 0x80, 0x1f, 0xe0, 0x03, 0xe0, 0x00, 0xf0, 0xf0, 0xf0, 0xff, 0xf0, 
    0x7f, 0xe0, 0x3f, 0xc0, 0x1f, 0x80
};
static GX_CONST GX_UBYTE FONT_THEME_1_FONT_BOLD_22_1BPP_char_54[32] =
{
    0xff, 0xf0, 0xff, 0xf0, 0xff, 0xf0, 0x0f, 0x00, 0x0f, 0x00, 0x0f, 0x00, 0x0f, 
    0x00, 0x0f, 0x00, 0x0f, 0x00, 0x0f, 0x00, 0x0f, 0x00, 0x0f, 0x00, 0x0f, 0x00, 
    0x0f, 0x00, 0x0f, 0x00, 0x0f, 0x00
};
static GX_CONST GX_UBYTE FONT_THEME_1_FONT_BOLD_22_1BPP_char_55[32] =
{
    0xf0, 0x78, 0xf0, 0x78, 0xf0, 0x78, 0xf0, 0x78, 0xf0, 0x78, 0xf0, 0x78, 0xf0, 
    0x78, 0xf0, 0x78, 0xf0, 0x78, 0xf0, 0x78, 0xf0, 0x78, 0xf0, 0x78, 0x7d, 0xf0, 
    0x7f, 0xf0, 0x3f, 0xe0, 0x0f, 0x80
};
static GX_CONST GX_UBYTE FONT_THEME_1_FONT_BOLD_22_1BPP_char_56[32] =
{
    0xf0, 0x0f, 0x78, 0x1e, 0x78, 0x1e, 0x78, 0x1e, 0x3c, 0x3c, 0x3c, 0x3c, 0x3c, 
    0x3c, 0x1e, 0x78, 0x1e, 0x78, 0x1e, 0x78, 0x0f, 0x70, 0x0f, 0xf0, 0x0f, 0xf0, 
    0x07, 0xe0, 0x07, 0xe0, 0x07, 0xe0
};
static GX_CONST GX_UBYTE FONT_THEME_1_FONT_BOLD_22_1BPP_char_57[48] =
{
    0xf0, 0xf8, 0x78, 0xf0, 0xf8, 0x78, 0xf0, 0xf8, 0x78, 0xf0, 0xf8, 0x78, 0x71, 
    0xfc, 0x70, 0x79, 0xfc, 0xf0, 0x79, 0xdc, 0xf0, 0x79, 0xdc, 0xf0, 0x39, 0xde, 
    0xe0, 0x3b, 0xce, 0xe0, 0x3f, 0x8e, 0xe0, 0x3f, 0x8f, 0xe0, 0x1f, 0x8f, 0xc0, 
    0x1f, 0x8f, 0xc0, 0x1f, 0x07, 0xc0, 0x1f, 0x07, 0xc0
};
static GX_CONST GX_UBYTE FONT_THEME_1_FONT_BOLD_22_1BPP_char_58[32] =
{
    0xf0, 0x7c, 0xf8, 0x78, 0x7c, 0xf8, 0x3c, 0xf0, 0x3f, 0xe0, 0x1f, 0xe0, 0x0f, 
    0xc0, 0x0f, 0x80, 0x0f, 0x80, 0x0f, 0xc0, 0x1f, 0xe0, 0x3d, 0xe0, 0x3c, 0xf0, 
    0x78, 0xf8, 0x78, 0x78, 0xf0, 0x7c
};
static GX_CONST GX_UBYTE FONT_THEME_1_FONT_BOLD_22_1BPP_char_59[32] =
{
    0xf0, 0x3c, 0xf8, 0x78, 0x78, 0x78, 0x78, 0xf0, 0x3c, 0xf0, 0x3d, 0xe0, 0x1f, 
    0xe0, 0x1f, 0xc0, 0x0f, 0xc0, 0x0f, 0x80, 0x07, 0x80, 0x07, 0x80, 0x07, 0x80, 
    0x07, 0x80, 0x07, 0x80, 0x07, 0x80
};
static GX_CONST GX_UBYTE FONT_THEME_1_FONT_BOLD_22_1BPP_char_5a[32] =
{
    0xff, 0xe0, 0xff, 0xe0, 0xff, 0xe0, 0x01, 0xe0, 0x03, 0xc0, 0x07, 0x80, 0x0f, 
    0x80, 0x0f, 0x00, 0x1e, 0x00, 0x3e, 0x00, 0x3c, 0x00, 0x78, 0x00, 0xf0, 0x00, 
    0xff, 0xe0, 0xff, 0xe0, 0xff, 0xe0
};
static GX_CONST GX_UBYTE FONT_THEME_1_FONT_BOLD_22_1BPP_char_5b[26] =
{
    0xfe, 0xfe, 0xfe, 0xf0, 0xf0, 0xf0, 0xf0, 0xf0, 0xf0, 0xf0, 0xf0, 0xf0, 0xf0, 
    0xf0, 0xf0, 0xf0, 0xf0, 0xf0, 0xf0, 0xf0, 0xf0, 0xf0, 0xf0, 0xfe, 0xfe, 0xfe

};
static GX_CONST GX_UBYTE FONT_THEME_1_FONT_BOLD_22_1BPP_char_5c[52] =
{
    0xf0, 0x00, 0xf0, 0x00, 0x70, 0x00, 0x70, 0x00, 0x78, 0x00, 0x78, 0x00, 0x78, 
    0x00, 0x38, 0x00, 0x3c, 0x00, 0x3c, 0x00, 0x3c, 0x00, 0x1c, 0x00, 0x1c, 0x00, 
    0x1e, 0x00, 0x1e, 0x00, 0x0e, 0x00, 0x0e, 0x00, 0x0f, 0x00, 0x0f, 0x00, 0x0f, 
    0x00, 0x07, 0x00, 0x07, 0x80, 0x07, 0x80, 0x07, 0x80, 0x03, 0x80, 0x03, 0x80

};
static GX_CONST GX_UBYTE FONT_THEME_1_FONT_BOLD_22_1BPP_char_5d[26] =
{
    0xfe, 0xfe, 0xfe, 0x1e, 0x1e, 0x1e, 0x1e, 0x1e, 0x1e, 0x1e, 0x1e, 0x1e, 0x1e, 
    0x1e, 0x1e, 0x1e, 0x1e, 0x1e, 0x1e, 0x1e, 0x1e, 0x1e, 0x1e, 0xfe, 0xfe, 0xfe

};
static GX_CONST GX_UBYTE FONT_THEME_1_FONT_BOLD_22_1BPP_char_5e[26] =
{
    0x07, 0x80, 0x07, 0x80, 0x0f, 0x80, 0x0f, 0xc0, 0x1f, 0xc0, 0x1f, 0xe0, 0x3d, 
    0xe0, 0x3c, 0xf0, 0x38, 0xf0, 0x78, 0x70, 0x78, 0x78, 0xf0, 0x38, 0xf0, 0x3c

};
static GX_CONST GX_UBYTE FONT_THEME_1_FONT_BOLD_22_1BPP_char_5f[6] =
{
    0xff, 0xfc, 0xff, 0xfc, 0xff, 0xfc
};
static GX_CONST GX_UBYTE FONT_THEME_1_FONT_BOLD_22_1BPP_char_60[5] =
{
    0x80, 0xe0, 0xf8, 0x78, 0x18
};
static GX_CONST GX_UBYTE FONT_THEME_1_FONT_BOLD_22_1BPP_char_61[26] =
{
    0x1f, 0x78, 0x3f, 0xf8, 0x7f, 0xf8, 0xfd, 0xf8, 0xf0, 0x78, 0xf0, 0x78, 0xf0, 
    0x78, 0xf0, 0x78, 0xf0, 0x78, 0x7d, 0xf8, 0x7f, 0xf8, 0x3f, 0xf8, 0x1f, 0x78

};
static GX_CONST GX_UBYTE FONT_THEME_1_FONT_BOLD_22_1BPP_char_62[34] =
{
    0xf0, 0x00, 0xf0, 0x00, 0xf0, 0x00, 0xf0, 0x00, 0xf7, 0xc0, 0xff, 0xe0, 0xff, 
    0xf0, 0xfd, 0xf0, 0xf0, 0x78, 0xf0, 0x78, 0xf0, 0x78, 0xf0, 0x78, 0xf0, 0x78, 
    0xfd, 0xf0, 0xff, 0xf0, 0xff, 0xe0, 0xf7, 0xc0
};
static GX_CONST GX_UBYTE FONT_THEME_1_FONT_BOLD_22_1BPP_char_63[26] =
{
    0x0f, 0x80, 0x3f, 0xc0, 0x7f, 0xe0, 0x7f, 0xf0, 0xf0, 0xf0, 0xf0, 0x00, 0xf0, 
    0x00, 0xf0, 0x00, 0xf0, 0xf0, 0x7f, 0xf0, 0x7f, 0xe0, 0x3f, 0xc0, 0x0f, 0x80

};
static GX_CONST GX_UBYTE FONT_THEME_1_FONT_BOLD_22_1BPP_char_64[34] =
{
    0x00, 0x78, 0x00, 0x78, 0x00, 0x78, 0x00, 0x78, 0x1f, 0x78, 0x3f, 0xf8, 0x7f, 
    0xf8, 0xfd, 0xf8, 0xf0, 0x78, 0xf0, 0x78, 0xf0, 0x78, 0xf0, 0x78, 0xf0, 0x78, 
    0x7d, 0xf8, 0x7f, 0xf8, 0x3f, 0xf8, 0x1f, 0x78
};
static GX_CONST GX_UBYTE FONT_THEME_1_FONT_BOLD_22_1BPP_char_65[26] =
{
    0x0f, 0x80, 0x3f, 0xe0, 0x3f, 0xf0, 0x7d, 0xf0, 0x70, 0x78, 0x7f, 0xf8, 0xff, 
    0xf8, 0x70, 0x00, 0x78, 0xf8, 0x7d, 0xf0, 0x3f, 0xf0, 0x3f, 0xe0, 0x0f, 0x80

};
static GX_CONST GX_UBYTE FONT_THEME_1_FONT_BOLD_22_1BPP_char_66[18] =
{
    0x0e, 0x3e, 0x3e, 0x7e, 0x78, 0xfe, 0xfe, 0xfe, 0x78, 0x78, 0x78, 0x78, 0x78, 
    0x78, 0x78, 0x78, 0x78, 0x78
};
static GX_CONST GX_UBYTE FONT_THEME_1_FONT_BOLD_22_1BPP_char_67[38] =
{
    0x1f, 0x78, 0x3f, 0xf8, 0x7f, 0xf8, 0xfd, 0xf8, 0xf0, 0x78, 0xf0, 0x78, 0xf0, 
    0x78, 0xf0, 0x78, 0xf0, 0x78, 0x7d, 0xf8, 0x7f, 0xf8, 0x3f, 0xf8, 0x1f, 0x78, 
    0x00, 0x78, 0x70, 0x78, 0x7d, 0xf0, 0x7f, 0xf0, 0x3f, 0xe0, 0x0f, 0xc0
};
static GX_CONST GX_UBYTE FONT_THEME_1_FONT_BOLD_22_1BPP_char_68[34] =
{
    0xf0, 0x00, 0xf0, 0x00, 0xf0, 0x00, 0xf0, 0x00, 0xf7, 0xc0, 0xff, 0xe0, 0xff, 
    0xe0, 0xff, 0xf0, 0xf0, 0xf0, 0xf0, 0xf0, 0xf0, 0xf0, 0xf0, 0xf0, 0xf0, 0xf0, 
    0xf0, 0xf0, 0xf0, 0xf0, 0xf0, 0xf0, 0xf0, 0xf0
};
static GX_CONST GX_UBYTE FONT_THEME_1_FONT_BOLD_22_1BPP_char_69[18] =
{
    0x60, 0xf0, 0xf0, 0x60, 0x00, 0xf0, 0xf0, 0xf0, 0xf0, 0xf0, 0xf0, 0xf0, 0xf0, 
    0xf0, 0xf0, 0xf0, 0xf0, 0xf0
};
static GX_CONST GX_UBYTE FONT_THEME_1_FONT_BOLD_22_1BPP_char_6a[24] =
{
    0x18, 0x3c, 0x3c, 0x18, 0x00, 0x3c, 0x3c, 0x3c, 0x3c, 0x3c, 0x3c, 0x3c, 0x3c, 
    0x3c, 0x3c, 0x3c, 0x3c, 0x3c, 0x3c, 0x3c, 0x7c, 0xfc, 0xf8, 0xf0
};
static GX_CONST GX_UBYTE FONT_THEME_1_FONT_BOLD_22_1BPP_char_6b[34] =
{
    0xf0, 0x00, 0xf0, 0x00, 0xf0, 0x00, 0xf0, 0x00, 0xf1, 0xf0, 0xf3, 0xe0, 0xf3, 
    0xc0, 0xf7, 0x80, 0xff, 0x80, 0xff, 0x00, 0xfe, 0x00, 0xff, 0x00, 0xff, 0x80, 
    0xf7, 0x80, 0xf3, 0xc0, 0xf1, 0xe0, 0xf1, 0xf0
};
static GX_CONST GX_UBYTE FONT_THEME_1_FONT_BOLD_22_1BPP_char_6c[17] =
{
    0xf0, 0xf0, 0xf0, 0xf0, 0xf0, 0xf0, 0xf0, 0xf0, 0xf0, 0xf0, 0xf0, 0xf0, 0xf0, 
    0xf0, 0xf0, 0xf0, 0xf0
};
static GX_CONST GX_UBYTE FONT_THEME_1_FONT_BOLD_22_1BPP_char_6d[39] =
{
    0xf7, 0x87, 0xc0, 0xff, 0xef, 0xe0, 0xff, 0xff, 0xf0, 0xfb, 0xfd, 0xf0, 0xf0, 
    0xf0, 0xf0, 0xf0, 0xf0, 0xf0, 0xf0, 0xf0, 0xf0, 0xf0, 0xf0, 0xf0, 0xf0, 0xf0, 
    0xf0, 0xf0, 0xf0, 0xf0, 0xf0, 0xf0, 0xf0, 0xf0, 0xf0, 0xf0, 0xf0, 0xf0, 0xf0

};
static GX_CONST GX_UBYTE FONT_THEME_1_FONT_BOLD_22_1BPP_char_6e[26] =
{
    0xf7, 0xc0, 0xff, 0xe0, 0xff, 0xe0, 0xff, 0xf0, 0xf0, 0xf0, 0xf0, 0xf0, 0xf0, 
    0xf0, 0xf0, 0xf0, 0xf0, 0xf0, 0xf0, 0xf0, 0xf0, 0xf0, 0xf0, 0xf0, 0xf0, 0xf0

};
static GX_CONST GX_UBYTE FONT_THEME_1_FONT_BOLD_22_1BPP_char_6f[26] =
{
    0x0f, 0x80, 0x3f, 0xe0, 0x7f, 0xf0, 0x7d, 0xf0, 0xf0, 0xf8, 0xf0, 0x78, 0xf0, 
    0x78, 0xf0, 0x78, 0xf0, 0xf8, 0x7d, 0xf0, 0x7f, 0xf0, 0x3f, 0xe0, 0x0f, 0x80

};
static GX_CONST GX_UBYTE FONT_THEME_1_FONT_BOLD_22_1BPP_char_70[38] =
{
    0xf7, 0xc0, 0xff, 0xe0, 0xff, 0xf0, 0xfd, 0xf0, 0xf0, 0x78, 0xf0, 0x78, 0xf0, 
    0x78, 0xf0, 0x78, 0xf0, 0x78, 0xfd, 0xf0, 0xff, 0xf0, 0xff, 0xe0, 0xf7, 0xc0, 
    0xf0, 0x00, 0xf0, 0x00, 0xf0, 0x00, 0xf0, 0x00, 0xf0, 0x00, 0xf0, 0x00
};
static GX_CONST GX_UBYTE FONT_THEME_1_FONT_BOLD_22_1BPP_char_71[38] =
{
    0x1f, 0x78, 0x3f, 0xf8, 0x7f, 0xf8, 0x7d, 0xf8, 0xf0, 0x78, 0xf0, 0x78, 0xf0, 
    0x78, 0xf0, 0x78, 0xf0, 0x78, 0x7d, 0xf8, 0x7f, 0xf8, 0x3f, 0xf8, 0x1f, 0x78, 
    0x00, 0x78, 0x00, 0x78, 0x00, 0x78, 0x00, 0x78, 0x00, 0x78, 0x00, 0x78
};
static GX_CONST GX_UBYTE FONT_THEME_1_FONT_BOLD_22_1BPP_char_72[13] =
{
    0xf3, 0xff, 0xff, 0xff, 0xf8, 0xf0, 0xf0, 0xf0, 0xf0, 0xf0, 0xf0, 0xf0, 0xf0

};
static GX_CONST GX_UBYTE FONT_THEME_1_FONT_BOLD_22_1BPP_char_73[26] =
{
    0x3e, 0x00, 0x7f, 0x80, 0xff, 0x80, 0xff, 0xc0, 0xf3, 0xc0, 0xfc, 0x00, 0x3f, 
    0x00, 0x07, 0x80, 0xf3, 0xc0, 0xff, 0xc0, 0xff, 0xc0, 0x7f, 0x80, 0x1f, 0x00

};
static GX_CONST GX_UBYTE FONT_THEME_1_FONT_BOLD_22_1BPP_char_74[16] =
{
    0x78, 0x78, 0x78, 0xff, 0xff, 0xff, 0x78, 0x78, 0x78, 0x78, 0x78, 0x78, 0x7c, 
    0x7f, 0x3f, 0x1f
};
static GX_CONST GX_UBYTE FONT_THEME_1_FONT_BOLD_22_1BPP_char_75[26] =
{
    0xf0, 0xf0, 0xf0, 0xf0, 0xf0, 0xf0, 0xf0, 0xf0, 0xf0, 0xf0, 0xf0, 0xf0, 0xf0, 
    0xf0, 0xf0, 0xf0, 0xf0, 0xf0, 0xff, 0xf0, 0x7f, 0xf0, 0x7f, 0xf0, 0x3e, 0xf0

};
static GX_CONST GX_UBYTE FONT_THEME_1_FONT_BOLD_22_1BPP_char_76[26] =
{
    0xf0, 0x78, 0x78, 0x78, 0x78, 0x78, 0x78, 0x70, 0x3c, 0xf0, 0x3c, 0xf0, 0x3c, 
    0xe0, 0x1d, 0xe0, 0x1f, 0xe0, 0x1f, 0xc0, 0x0f, 0xc0, 0x0f, 0xc0, 0x0f, 0x80

};
static GX_CONST GX_UBYTE FONT_THEME_1_FONT_BOLD_22_1BPP_char_77[39] =
{
    0xf0, 0xf1, 0xe0, 0xf1, 0xf1, 0xe0, 0x71, 0xf1, 0xc0, 0x79, 0xf1, 0xc0, 0x79, 
    0xf9, 0xc0, 0x3b, 0xbb, 0xc0, 0x3b, 0xbb, 0x80, 0x3b, 0xbb, 0x80, 0x3b, 0xbf, 
    0x80, 0x1f, 0x1f, 0x80, 0x1f, 0x1f, 0x00, 0x1f, 0x1f, 0x00, 0x1f, 0x1f, 0x00

};
static GX_CONST GX_UBYTE FONT_THEME_1_FONT_BOLD_22_1BPP_char_78[26] =
{
    0xf8, 0xf0, 0x78, 0xf0, 0x3d, 0xe0, 0x3f, 0xe0, 0x1f, 0xc0, 0x0f, 0x80, 0x0f, 
    0x80, 0x0f, 0x80, 0x1f, 0xc0, 0x3f, 0xe0, 0x3d, 0xe0, 0x78, 0xf0, 0x78, 0xf8

};
static GX_CONST GX_UBYTE FONT_THEME_1_FONT_BOLD_22_1BPP_char_79[38] =
{
    0xf0, 0x3c, 0x78, 0x78, 0x78, 0x78, 0x78, 0x78, 0x3c, 0xf0, 0x3c, 0xf0, 0x1c, 
    0xe0, 0x1f, 0xe0, 0x1f, 0xc0, 0x0f, 0xc0, 0x0f, 0xc0, 0x07, 0x80, 0x07, 0x80, 
    0x07, 0x00, 0x0f, 0x00, 0x0f, 0x00, 0x1e, 0x00, 0x1e, 0x00, 0x3c, 0x00
};
static GX_CONST GX_UBYTE FONT_THEME_1_FONT_BOLD_22_1BPP_char_7a[26] =
{
    0xff, 0xc0, 0xff, 0xc0, 0xff, 0xc0, 0x07, 0xc0, 0x0f, 0x80, 0x0f, 0x00, 0x1e, 
    0x00, 0x3c, 0x00, 0x78, 0x00, 0xf8, 0x00, 0xff, 0xc0, 0xff, 0xc0, 0xff, 0xc0

};
static GX_CONST GX_UBYTE FONT_THEME_1_FONT_BOLD_22_1BPP_char_7b[26] =
{
    0x0f, 0x1f, 0x3f, 0x3e, 0x3c, 0x3c, 0x3c, 0x3c, 0x3c, 0x3c, 0x3c, 0x7c, 0xf8, 
    0xf0, 0xf8, 0x3c, 0x3c, 0x3c, 0x3c, 0x3c, 0x3c, 0x3c, 0x3e, 0x3f, 0x1f, 0x0f

};
static GX_CONST GX_UBYTE FONT_THEME_1_FONT_BOLD_22_1BPP_char_7c[22] =
{
    0xf0, 0xf0, 0xf0, 0xf0, 0xf0, 0xf0, 0xf0, 0xf0, 0xf0, 0xf0, 0xf0, 0xf0, 0xf0, 
    0xf0, 0xf0, 0xf0, 0xf0, 0xf0, 0xf0, 0xf0, 0xf0, 0xf0
};
static GX_CONST GX_UBYTE FONT_THEME_1_FONT_BOLD_22_1BPP_char_7d[26] =
{
    0xf0, 0xf8, 0xfc, 0x7c, 0x3c, 0x3c, 0x3c, 0x3c, 0x3c, 0x3c, 0x3c, 0x3e, 0x1f, 
    0x0f, 0x1f, 0x3c, 0x3c, 0x3c, 0x3c, 0x3c, 0x3c, 0x3c, 0x7c, 0xfc, 0xf8, 0xf0

};
static GX_CONST GX_UBYTE FONT_THEME_1_FONT_BOLD_22_1BPP_char_7e[10] =
{
    0x3c, 0x70, 0x7f, 0xf0, 0xff, 0xf0, 0xff, 0xe0, 0xc3, 0xc0
};
static GX_CONST GX_GLYPH THEME_1_FONT_BOLD_22_1BPP_FONT_PAGE_1_GLYPHS[95] =
{
    {FONT_THEME_1_FONT_BOLD_22_1BPP_char_20, 0, 0, 5, 0, 1, 1},
    {FONT_THEME_1_FONT_BOLD_22_1BPP_char_21, 17, 0, 8, 2, 4, 17},
    {FONT_THEME_1_FONT_BOLD_22_1BPP_char_22, 18, -13, 9, 1, 7, 5},
    {FONT_THEME_1_FONT_BOLD_22_1BPP_char_23, 17, 0, 21, 1, 19, 17},
    {FONT_THEME_1_FONT_BOLD_22_1BPP_char_24, 18, 2, 14, 1, 12, 20},
    {FONT_THEME_1_FONT_BOLD_22_1BPP_char_25, 16, 0, 20, 1, 18, 16},
    {FONT_THEME_1_FONT_BOLD_22_1BPP_char_26, 16, 0, 18, 1, 17, 16},
    {FONT_THEME_1_FONT_BOLD_22_1BPP_char_27, 18, -13, 5, 1, 3, 5},
    {FONT_THEME_1_FONT_BOLD_22_1BPP_char_28, 21, 5, 11, 2, 9, 26},
    {FONT_THEME_1_FONT_BOLD_22_1BPP_char_29, 21, 5, 11, 0, 9, 26},
    {FONT_THEME_1_FONT_BOLD_22_1BPP_char_2a, 17, -8, 12, 1, 8, 9},
    {FONT_THEME_1_FONT_BOLD_22_1BPP_char_2b, 14, -2, 13, 1, 11, 12},
    {FONT_THEME_1_FONT_BOLD_22_1BPP_char_2c, 4, 3, 6, 0, 4, 7},
    {FONT_THEME_1_FONT_BOLD_22_1BPP_char_2d, 10, -6, 13, 1, 10, 3},
    {FONT_THEME_1_FONT_BOLD_22_1BPP_char_2e, 4, 0, 6, 1, 4, 4},
    {FONT_THEME_1_FONT_BOLD_22_1BPP_char_2f, 22, 4, 10, 0, 10, 26},
    {FONT_THEME_1_FONT_BOLD_22_1BPP_char_30, 17, 0, 15, 1, 13, 17},
    {FONT_THEME_1_FONT_BOLD_22_1BPP_char_31, 17, 0, 8, 1, 6, 16},
    {FONT_THEME_1_FONT_BOLD_22_1BPP_char_32, 17, 0, 13, 1, 11, 17},
    {FONT_THEME_1_FONT_BOLD_22_1BPP_char_33, 18, 0, 13, 1, 11, 17},
    {FONT_THEME_1_FONT_BOLD_22_1BPP_char_34, 16, 0, 15, 1, 13, 16},
    {FONT_THEME_1_FONT_BOLD_22_1BPP_char_35, 17, 0, 15, 2, 12, 17},
    {FONT_THEME_1_FONT_BOLD_22_1BPP_char_36, 18, 0, 14, 1, 12, 17},
    {FONT_THEME_1_FONT_BOLD_22_1BPP_char_37, 17, 0, 13, 1, 11, 17},
    {FONT_THEME_1_FONT_BOLD_22_1BPP_char_38, 18, 0, 14, 1, 12, 17},
    {FONT_THEME_1_FONT_BOLD_22_1BPP_char_39, 18, 0, 14, 1, 12, 17},
    {FONT_THEME_1_FONT_BOLD_22_1BPP_char_3a, 13, 0, 6, 1, 4, 13},
    {FONT_THEME_1_FONT_BOLD_22_1BPP_char_3b, 13, 3, 8, 1, 4, 16},
    {FONT_THEME_1_FONT_BOLD_22_1BPP_char_3c, 13, -3, 12, 1, 9, 10},
    {FONT_THEME_1_FONT_BOLD_22_1BPP_char_3d, 13, -3, 15, 1, 12, 9},
    {FONT_THEME_1_FONT_BOLD_22_1BPP_char_3e, 13, -3, 12, 1, 10, 10},
    {FONT_THEME_1_FONT_BOLD_22_1BPP_char_3f, 18, 0, 13, 1, 11, 17},
    {FONT_THEME_1_FONT_BOLD_22_1BPP_char_40, 16, 5, 24, 2, 21, 21},
    {FONT_THEME_1_FONT_BOLD_22_1BPP_char_41, 16, 0, 16, 0, 16, 16},
    {FONT_THEME_1_FONT_BOLD_22_1BPP_char_42, 16, 0, 14, 1, 12, 16},
    {FONT_THEME_1_FONT_BOLD_22_1BPP_char_43, 16, 0, 17, 1, 15, 16},
    {FONT_THEME_1_FONT_BOLD_22_1BPP_char_44, 16, 0, 16, 1, 14, 16},
    {FONT_THEME_1_FONT_BOLD_22_1BPP_char_45, 16, 0, 12, 1, 10, 16},
    {FONT_THEME_1_FONT_BOLD_22_1BPP_char_46, 16, 0, 12, 1, 10, 16},
    {FONT_THEME_1_FONT_BOLD_22_1BPP_char_47, 16, 0, 17, 1, 15, 16},
    {FONT_THEME_1_FONT_BOLD_22_1BPP_char_48, 16, 0, 16, 1, 14, 16},
    {FONT_THEME_1_FONT_BOLD_22_1BPP_char_49, 16, 0, 6, 1, 4, 16},
    {FONT_THEME_1_FONT_BOLD_22_1BPP_char_4a, 16, 0, 14, 1, 11, 16},
    {FONT_THEME_1_FONT_BOLD_22_1BPP_char_4b, 16, 0, 15, 1, 14, 16},
    {FONT_THEME_1_FONT_BOLD_22_1BPP_char_4c, 16, 0, 10, 1, 9, 16},
    {FONT_THEME_1_FONT_BOLD_22_1BPP_char_4d, 16, 0, 20, 1, 18, 16},
    {FONT_THEME_1_FONT_BOLD_22_1BPP_char_4e, 16, 0, 16, 1, 14, 16},
    {FONT_THEME_1_FONT_BOLD_22_1BPP_char_4f, 16, 0, 18, 1, 16, 16},
    {FONT_THEME_1_FONT_BOLD_22_1BPP_char_50, 16, 0, 13, 1, 12, 16},
    {FONT_THEME_1_FONT_BOLD_22_1BPP_char_51, 16, 3, 18, 1, 16, 19},
    {FONT_THEME_1_FONT_BOLD_22_1BPP_char_52, 16, 0, 14, 1, 12, 16},
    {FONT_THEME_1_FONT_BOLD_22_1BPP_char_53, 16, 0, 14, 1, 12, 16},
    {FONT_THEME_1_FONT_BOLD_22_1BPP_char_54, 16, 0, 14, 1, 12, 16},
    {FONT_THEME_1_FONT_BOLD_22_1BPP_char_55, 16, 0, 15, 1, 13, 16},
    {FONT_THEME_1_FONT_BOLD_22_1BPP_char_56, 16, 0, 16, 0, 16, 16},
    {FONT_THEME_1_FONT_BOLD_22_1BPP_char_57, 16, 0, 23, 0, 22, 16},
    {FONT_THEME_1_FONT_BOLD_22_1BPP_char_58, 16, 0, 16, 0, 14, 16},
    {FONT_THEME_1_FONT_BOLD_22_1BPP_char_59, 16, 0, 14, -1, 14, 16},
    {FONT_THEME_1_FONT_BOLD_22_1BPP_char_5a, 16, 0, 13, 1, 11, 16},
    {FONT_THEME_1_FONT_BOLD_22_1BPP_char_5b, 21, 5, 11, 3, 7, 26},
    {FONT_THEME_1_FONT_BOLD_22_1BPP_char_5c, 22, 4, 18, 4, 10, 26},
    {FONT_THEME_1_FONT_BOLD_22_1BPP_char_5d, 21, 5, 11, 2, 7, 26},
    {FONT_THEME_1_FONT_BOLD_22_1BPP_char_5e, 17, -4, 16, 0, 14, 13},
    {FONT_THEME_1_FONT_BOLD_22_1BPP_char_5f, -1, 5, 18, 2, 14, 3},
    {FONT_THEME_1_FONT_BOLD_22_1BPP_char_60, 20, -13, 7, 1, 5, 5},
    {FONT_THEME_1_FONT_BOLD_22_1BPP_char_61, 13, 0, 15, 1, 13, 13},
    {FONT_THEME_1_FONT_BOLD_22_1BPP_char_62, 17, 0, 15, 1, 13, 17},
    {FONT_THEME_1_FONT_BOLD_22_1BPP_char_63, 13, 0, 14, 1, 12, 13},
    {FONT_THEME_1_FONT_BOLD_22_1BPP_char_64, 17, 0, 15, 1, 13, 17},
    {FONT_THEME_1_FONT_BOLD_22_1BPP_char_65, 13, 0, 13, 0, 13, 13},
    {FONT_THEME_1_FONT_BOLD_22_1BPP_char_66, 18, 0, 9, 1, 7, 18},
    {FONT_THEME_1_FONT_BOLD_22_1BPP_char_67, 13, 6, 15, 1, 13, 19},
    {FONT_THEME_1_FONT_BOLD_22_1BPP_char_68, 17, 0, 14, 1, 12, 17},
    {FONT_THEME_1_FONT_BOLD_22_1BPP_char_69, 18, 0, 6, 1, 4, 18},
    {FONT_THEME_1_FONT_BOLD_22_1BPP_char_6a, 18, 6, 6, -1, 6, 24},
    {FONT_THEME_1_FONT_BOLD_22_1BPP_char_6b, 17, 0, 13, 1, 12, 17},
    {FONT_THEME_1_FONT_BOLD_22_1BPP_char_6c, 17, 0, 6, 1, 4, 17},
    {FONT_THEME_1_FONT_BOLD_22_1BPP_char_6d, 13, 0, 22, 1, 20, 13},
    {FONT_THEME_1_FONT_BOLD_22_1BPP_char_6e, 13, 0, 14, 1, 12, 13},
    {FONT_THEME_1_FONT_BOLD_22_1BPP_char_6f, 13, 0, 14, 1, 13, 13},
    {FONT_THEME_1_FONT_BOLD_22_1BPP_char_70, 13, 6, 15, 1, 13, 19},
    {FONT_THEME_1_FONT_BOLD_22_1BPP_char_71, 13, 6, 15, 1, 13, 19},
    {FONT_THEME_1_FONT_BOLD_22_1BPP_char_72, 13, 0, 9, 1, 8, 13},
    {FONT_THEME_1_FONT_BOLD_22_1BPP_char_73, 13, 0, 12, 0, 10, 13},
    {FONT_THEME_1_FONT_BOLD_22_1BPP_char_74, 16, 0, 10, 1, 8, 16},
    {FONT_THEME_1_FONT_BOLD_22_1BPP_char_75, 13, 0, 14, 1, 12, 13},
    {FONT_THEME_1_FONT_BOLD_22_1BPP_char_76, 13, 0, 14, 0, 14, 13},
    {FONT_THEME_1_FONT_BOLD_22_1BPP_char_77, 13, 0, 19, 0, 19, 13},
    {FONT_THEME_1_FONT_BOLD_22_1BPP_char_78, 13, 0, 13, 0, 13, 13},
    {FONT_THEME_1_FONT_BOLD_22_1BPP_char_79, 13, 6, 14, -1, 14, 19},
    {FONT_THEME_1_FONT_BOLD_22_1BPP_char_7a, 13, 0, 12, 1, 10, 13},
    {FONT_THEME_1_FONT_BOLD_22_1BPP_char_7b, 21, 5, 11, 1, 8, 26},
    {FONT_THEME_1_FONT_BOLD_22_1BPP_char_7c, 19, 3, 6, 1, 4, 22},
    {FONT_THEME_1_FONT_BOLD_22_1BPP_char_7d, 21, 5, 12, 2, 8, 26},
    {FONT_THEME_1_FONT_BOLD_22_1BPP_char_7e, 10, -5, 14, 0, 12, 5}
};

static GX_CONST GX_FONT THEME_1_FONT_BOLD_22_1BPP = 
{
    GX_FONT_FORMAT_1BPP,                     /* format                         */
    0,                                       /* line pre-space                 */
    0,                                       /* line post-space                */ 
    28,                                      /* font data height               */
    22,                                      /* font baseline offset           */
    0x20,                                    /* first glyph within data page   */
    0x7e,                                    /* last glyph within data page    */
    {THEME_1_FONT_BOLD_22_1BPP_FONT_PAGE_1_GLYPHS},    /* pointer to glyph data */
    GX_NULL                                  /* next font page                 */
};


/* Font THEME_1_FONT_BOLD_32_1BPP Data Definition                              */

static GX_CONST GX_UBYTE FONT_THEME_1_FONT_BOLD_32_1BPP_char_20[1] =
{
    0x00
};
static GX_CONST GX_UBYTE FONT_THEME_1_FONT_BOLD_32_1BPP_char_21[23] =
{
    0xfc, 0xfc, 0xfc, 0xfc, 0xfc, 0xfc, 0xfc, 0xfc, 0xfc, 0xfc, 0xfc, 0xfc, 0xfc, 
    0xfc, 0xfc, 0x00, 0x00, 0x78, 0xfc, 0xfc, 0xfc, 0xfc, 0x78
};
static GX_CONST GX_UBYTE FONT_THEME_1_FONT_BOLD_32_1BPP_char_22[14] =
{
    0xf3, 0xc0, 0xf3, 0xc0, 0xf3, 0xc0, 0xf3, 0xc0, 0xf3, 0xc0, 0xf3, 0xc0, 0xf3, 
    0xc0
};
static GX_CONST GX_UBYTE FONT_THEME_1_FONT_BOLD_32_1BPP_char_23[96] =
{
    0x00, 0x7c, 0x1f, 0x00, 0x00, 0xfc, 0x1f, 0x00, 0x00, 0xf8, 0x1f, 0x00, 0x00, 
    0xf8, 0x3e, 0x00, 0x00, 0xf8, 0x3e, 0x00, 0x3f, 0xff, 0xff, 0xe0, 0x3f, 0xff, 
    0xff, 0xe0, 0x3f, 0xff, 0xff, 0xe0, 0x3f, 0xff, 0xff, 0xe0, 0x3f, 0xff, 0xff, 
    0xe0, 0x03, 0xf0, 0x7c, 0x00, 0x03, 0xe0, 0x7c, 0x00, 0x03, 0xe0, 0xfc, 0x00, 
    0x03, 0xe0, 0xf8, 0x00, 0xff, 0xff, 0xff, 0x80, 0xff, 0xff, 0xff, 0x80, 0xff, 
    0xff, 0xff, 0x80, 0xff, 0xff, 0xff, 0x80, 0xff, 0xff, 0xff, 0x80, 0x07, 0xc1, 
    0xf0, 0x00, 0x0f, 0x81, 0xf0, 0x00, 0x0f, 0x81, 0xf0, 0x00, 0x0f, 0x83, 0xe0, 
    0x00, 0x0f, 0x83, 0xe0, 0x00
};
static GX_CONST GX_UBYTE FONT_THEME_1_FONT_BOLD_32_1BPP_char_24[84] =
{
    0x00, 0xc0, 0x00, 0x00, 0xc0, 0x00, 0x00, 0xc0, 0x00, 0x07, 0xf8, 0x00, 0x1f, 
    0xfe, 0x00, 0x7f, 0xff, 0x00, 0x7f, 0xff, 0x80, 0xfc, 0xdf, 0x80, 0xfc, 0xdf, 
    0x80, 0xfc, 0xc0, 0x00, 0xfc, 0xc0, 0x00, 0xff, 0xc0, 0x00, 0x7f, 0xf0, 0x00, 
    0x3f, 0xfe, 0x00, 0x1f, 0xff, 0x00, 0x03, 0xff, 0x80, 0x00, 0xff, 0x80, 0x00, 
    0xcf, 0x80, 0xfc, 0xcf, 0xc0, 0xfc, 0xcf, 0x80, 0xfe, 0xdf, 0x80, 0x7f, 0xff, 
    0x80, 0x3f, 0xff, 0x00, 0x1f, 0xfe, 0x00, 0x07, 0xf8, 0x00, 0x00, 0xc0, 0x00, 
    0x00, 0xc0, 0x00, 0x00, 0xc0, 0x00
};
static GX_CONST GX_UBYTE FONT_THEME_1_FONT_BOLD_32_1BPP_char_25[88] =
{
    0x1f, 0x00, 0xf8, 0x00, 0x7f, 0xc1, 0xf8, 0x00, 0x7f, 0xc1, 0xf0, 0x00, 0xf1, 
    0xe3, 0xf0, 0x00, 0xf1, 0xe3, 0xe0, 0x00, 0xf1, 0xe7, 0xe0, 0x00, 0xf1, 0xe7, 
    0xc0, 0x00, 0x7f, 0xcf, 0xc0, 0x00, 0x7f, 0xcf, 0x80, 0x00, 0x1f, 0x1f, 0x80, 
    0x00, 0x00, 0x1f, 0x00, 0x00, 0x00, 0x3e, 0x3e, 0x00, 0x00, 0x7e, 0xff, 0x80, 
    0x00, 0x7c, 0xff, 0x80, 0x00, 0xfd, 0xf7, 0xc0, 0x00, 0xf9, 0xe3, 0xc0, 0x01, 
    0xf9, 0xe3, 0xc0, 0x01, 0xf1, 0xe3, 0xc0, 0x03, 0xf1, 0xe7, 0xc0, 0x03, 0xe0, 
    0xff, 0x80, 0x07, 0xe0, 0xff, 0x80, 0x07, 0xc0, 0x3e, 0x00
};
static GX_CONST GX_UBYTE FONT_THEME_1_FONT_BOLD_32_1BPP_char_26[88] =
{
    0x01, 0xf8, 0x00, 0x00, 0x07, 0xfe, 0x00, 0x00, 0x0f, 0xff, 0x00, 0x00, 0x1f, 
    0xff, 0x80, 0x00, 0x1f, 0x9f, 0x80, 0x00, 0x1f, 0x9f, 0x80, 0x00, 0x1f, 0x80, 
    0x00, 0x00, 0x0f, 0xc0, 0x00, 0x00, 0x0f, 0xe0, 0x00, 0x00, 0x1f, 0xf0, 0x00, 
    0x00, 0x3f, 0xf8, 0x7c, 0x00, 0x7f, 0xfc, 0xfc, 0x00, 0x7c, 0x7e, 0xf8, 0x00, 
    0xfc, 0x3f, 0xf8, 0x00, 0xfc, 0x1f, 0xf0, 0x00, 0xfc, 0x0f, 0xf0, 0x00, 0xfc, 
    0x0f, 0xf0, 0x00, 0xff, 0xff, 0xf0, 0x00, 0x7f, 0xff, 0xf8, 0x00, 0x3f, 0xff, 
    0xfc, 0x00, 0x1f, 0xfe, 0x7e, 0x00, 0x07, 0xf0, 0x3f, 0x00
};
static GX_CONST GX_UBYTE FONT_THEME_1_FONT_BOLD_32_1BPP_char_27[7] =
{
    0xf0, 0xf0, 0xf0, 0xf0, 0xf0, 0xf0, 0xf0
};
static GX_CONST GX_UBYTE FONT_THEME_1_FONT_BOLD_32_1BPP_char_28[72] =
{
    0x01, 0xf8, 0x03, 0xf0, 0x07, 0xe0, 0x0f, 0xc0, 0x1f, 0x80, 0x1f, 0x80, 0x3f, 
    0x00, 0x3f, 0x00, 0x3e, 0x00, 0x7e, 0x00, 0x7e, 0x00, 0x7c, 0x00, 0xfc, 0x00, 
    0xfc, 0x00, 0xfc, 0x00, 0xfc, 0x00, 0xfc, 0x00, 0xfc, 0x00, 0xfc, 0x00, 0xfc, 
    0x00, 0xfc, 0x00, 0xfc, 0x00, 0xfc, 0x00, 0xfc, 0x00, 0x7c, 0x00, 0x7e, 0x00, 
    0x7e, 0x00, 0x7e, 0x00, 0x3f, 0x00, 0x3f, 0x00, 0x1f, 0x80, 0x1f, 0x80, 0x0f, 
    0xc0, 0x07, 0xc0, 0x07, 0xe0, 0x03, 0xf0
};
static GX_CONST GX_UBYTE FONT_THEME_1_FONT_BOLD_32_1BPP_char_29[72] =
{
    0xfc, 0x00, 0x7e, 0x00, 0x3f, 0x00, 0x3f, 0x00, 0x1f, 0x80, 0x0f, 0xc0, 0x0f, 
    0xc0, 0x07, 0xe0, 0x07, 0xe0, 0x03, 0xe0, 0x03, 0xf0, 0x03, 0xf0, 0x03, 0xf0, 
    0x01, 0xf0, 0x01, 0xf0, 0x01, 0xf0, 0x01, 0xf8, 0x01, 0xf8, 0x01, 0xf8, 0x01, 
    0xf8, 0x01, 0xf0, 0x01, 0xf0, 0x01, 0xf0, 0x03, 0xf0, 0x03, 0xf0, 0x03, 0xf0, 
    0x03, 0xe0, 0x07, 0xe0, 0x07, 0xe0, 0x0f, 0xc0, 0x0f, 0xc0, 0x1f, 0x80, 0x1f, 
    0x80, 0x3f, 0x00, 0x7e, 0x00, 0xfc, 0x00
};
static GX_CONST GX_UBYTE FONT_THEME_1_FONT_BOLD_32_1BPP_char_2a[24] =
{
    0x07, 0x00, 0x07, 0x00, 0x37, 0x30, 0x7f, 0x70, 0xff, 0xf8, 0x1f, 0xc0, 0x1f, 
    0xc0, 0xff, 0xf8, 0x7f, 0xf0, 0x37, 0x30, 0x27, 0x00, 0x07, 0x00
};
static GX_CONST GX_UBYTE FONT_THEME_1_FONT_BOLD_32_1BPP_char_2b[32] =
{
    0x07, 0xe0, 0x07, 0xe0, 0x07, 0xe0, 0x07, 0xe0, 0x07, 0xe0, 0xff, 0xff, 0xff, 
    0xff, 0xff, 0xff, 0xff, 0xff, 0xff, 0xff, 0x07, 0xe0, 0x07, 0xe0, 0x07, 0xe0, 
    0x07, 0xe0, 0x07, 0xe0, 0x07, 0xe0
};
static GX_CONST GX_UBYTE FONT_THEME_1_FONT_BOLD_32_1BPP_char_2c[9] =
{
    0x3e, 0x7c, 0x7c, 0x78, 0x78, 0x78, 0xf0, 0xf0, 0xf0
};
static GX_CONST GX_UBYTE FONT_THEME_1_FONT_BOLD_32_1BPP_char_2d[10] =
{
    0xff, 0xfc, 0xff, 0xfc, 0xff, 0xfc, 0xff, 0xfc, 0xff, 0xfc
};
static GX_CONST GX_UBYTE FONT_THEME_1_FONT_BOLD_32_1BPP_char_2e[6] =
{
    0x7c, 0xfe, 0xfe, 0xfe, 0xfe, 0x78
};
static GX_CONST GX_UBYTE FONT_THEME_1_FONT_BOLD_32_1BPP_char_2f[72] =
{
    0x00, 0x7c, 0x00, 0x7c, 0x00, 0xfc, 0x00, 0xf8, 0x00, 0xf8, 0x00, 0xf8, 0x01, 
    0xf8, 0x01, 0xf0, 0x01, 0xf0, 0x01, 0xf0, 0x03, 0xf0, 0x03, 0xe0, 0x03, 0xe0, 
    0x03, 0xe0, 0x07, 0xe0, 0x07, 0xc0, 0x07, 0xc0, 0x07, 0xc0, 0x0f, 0xc0, 0x0f, 
    0xc0, 0x0f, 0x80, 0x0f, 0x80, 0x0f, 0x80, 0x1f, 0x80, 0x1f, 0x00, 0x1f, 0x00, 
    0x1f, 0x00, 0x3f, 0x00, 0x3e, 0x00, 0x3e, 0x00, 0x3e, 0x00, 0x7e, 0x00, 0x7c, 
    0x00, 0x7c, 0x00, 0x7c, 0x00, 0xfc, 0x00
};
static GX_CONST GX_UBYTE FONT_THEME_1_FONT_BOLD_32_1BPP_char_30[72] =
{
    0x01, 0xe0, 0x00, 0x0f, 0xfc, 0x00, 0x1f, 0xfe, 0x00, 0x3f, 0xff, 0x00, 0x3f, 
    0xff, 0x00, 0x7e, 0x1f, 0x80, 0x7c, 0x0f, 0x80, 0xfc, 0x0f, 0xc0, 0xfc, 0x0f, 
    0xc0, 0xfc, 0x0f, 0xc0, 0xfc, 0x0f, 0xc0, 0xfc, 0x0f, 0xc0, 0xfc, 0x0f, 0xc0, 
    0xfc, 0x0f, 0xc0, 0xfc, 0x0f, 0xc0, 0xfc, 0x0f, 0xc0, 0xfc, 0x0f, 0xc0, 0x7c, 
    0x0f, 0x80, 0x7e, 0x1f, 0x80, 0x7f, 0xff, 0x80, 0x3f, 0xff, 0x00, 0x1f, 0xfe, 
    0x00, 0x0f, 0xfc, 0x00, 0x03, 0xf0, 0x00
};
static GX_CONST GX_UBYTE FONT_THEME_1_FONT_BOLD_32_1BPP_char_31[46] =
{
    0xff, 0x80, 0xff, 0x80, 0xff, 0x80, 0xff, 0x80, 0xff, 0x80, 0x1f, 0x80, 0x1f, 
    0x80, 0x1f, 0x80, 0x1f, 0x80, 0x1f, 0x80, 0x1f, 0x80, 0x1f, 0x80, 0x1f, 0x80, 
    0x1f, 0x80, 0x1f, 0x80, 0x1f, 0x80, 0x1f, 0x80, 0x1f, 0x80, 0x1f, 0x80, 0x1f, 
    0x80, 0x1f, 0x80, 0x1f, 0x80, 0x1f, 0x80
};
static GX_CONST GX_UBYTE FONT_THEME_1_FONT_BOLD_32_1BPP_char_32[48] =
{
    0x03, 0xc0, 0x1f, 0xf8, 0x3f, 0xfc, 0x7f, 0xfe, 0x7f, 0xff, 0xfe, 0x3f, 0xfc, 
    0x3f, 0xfc, 0x3f, 0x00, 0x3f, 0x00, 0x3f, 0x00, 0x3e, 0x00, 0x7e, 0x00, 0xfc, 
    0x01, 0xfc, 0x03, 0xf8, 0x07, 0xf0, 0x0f, 0xe0, 0x1f, 0xc0, 0x7f, 0x80, 0xff, 
    0xff, 0xff, 0xff, 0xff, 0xff, 0xff, 0xff, 0xff, 0xff
};
static GX_CONST GX_UBYTE FONT_THEME_1_FONT_BOLD_32_1BPP_char_33[72] =
{
    0x07, 0xf0, 0x00, 0x1f, 0xfc, 0x00, 0x3f, 0xfe, 0x00, 0x7f, 0xfe, 0x00, 0x7f, 
    0xff, 0x00, 0xfc, 0x3f, 0x00, 0xfc, 0x3f, 0x00, 0x00, 0x3f, 0x00, 0x00, 0x3f, 
    0x00, 0x03, 0xfe, 0x00, 0x03, 0xfc, 0x00, 0x03, 0xf0, 0x00, 0x03, 0xfc, 0x00, 
    0x03, 0xfe, 0x00, 0x00, 0x3f, 0x00, 0x00, 0x1f, 0x00, 0xfc, 0x1f, 0x80, 0xfc, 
    0x1f, 0x80, 0xfc, 0x3f, 0x00, 0xff, 0xff, 0x00, 0x7f, 0xff, 0x00, 0x3f, 0xfe, 
    0x00, 0x1f, 0xfc, 0x00, 0x07, 0xf0, 0x00
};
static GX_CONST GX_UBYTE FONT_THEME_1_FONT_BOLD_32_1BPP_char_34[69] =
{
    0x00, 0x7f, 0x00, 0x00, 0x7f, 0x00, 0x00, 0xff, 0x00, 0x01, 0xff, 0x00, 0x01, 
    0xff, 0x00, 0x03, 0xff, 0x00, 0x07, 0xff, 0x00, 0x07, 0xff, 0x00, 0x0f, 0xbf, 
    0x00, 0x1f, 0x3f, 0x00, 0x1f, 0x3f, 0x00, 0x3e, 0x3f, 0x00, 0x7e, 0x3f, 0x00, 
    0x7c, 0x3f, 0x00, 0xff, 0xff, 0xe0, 0xff, 0xff, 0xe0, 0xff, 0xff, 0xe0, 0xff, 
    0xff, 0xe0, 0xff, 0xff, 0xe0, 0x00, 0x3f, 0x00, 0x00, 0x3f, 0x00, 0x00, 0x3f, 
    0x00, 0x00, 0x3f, 0x00
};
static GX_CONST GX_UBYTE FONT_THEME_1_FONT_BOLD_32_1BPP_char_35[69] =
{
    0xff, 0xfe, 0x00, 0xff, 0xfe, 0x00, 0xff, 0xfe, 0x00, 0xff, 0xfe, 0x00, 0xff, 
    0xfe, 0x00, 0xfc, 0x00, 0x00, 0xfc, 0x00, 0x00, 0xfd, 0xf0, 0x00, 0xff, 0xfc, 
    0x00, 0xff, 0xfe, 0x00, 0xff, 0xff, 0x00, 0xff, 0xff, 0x00, 0xfc, 0x3f, 0x00, 
    0xfc, 0x1f, 0x00, 0x00, 0x1f, 0x80, 0x00, 0x1f, 0x80, 0xfc, 0x1f, 0x00, 0xfc, 
    0x3f, 0x00, 0xff, 0xff, 0x00, 0x7f, 0xfe, 0x00, 0x3f, 0xfe, 0x00, 0x1f, 0xfc, 
    0x00, 0x07, 0xf0, 0x00
};
static GX_CONST GX_UBYTE FONT_THEME_1_FONT_BOLD_32_1BPP_char_36[72] =
{
    0x07, 0xf0, 0x00, 0x1f, 0xfc, 0x00, 0x3f, 0xfe, 0x00, 0x3f, 0xfe, 0x00, 0x7f, 
    0xff, 0x00, 0x7c, 0x3f, 0x00, 0x7c, 0x1f, 0x00, 0xf8, 0x00, 0x00, 0xf8, 0xf0, 
    0x00, 0xfb, 0xfc, 0x00, 0xff, 0xfe, 0x00, 0xff, 0xff, 0x00, 0xff, 0xff, 0x00, 
    0xfe, 0x3f, 0x80, 0xfc, 0x1f, 0x80, 0xf8, 0x1f, 0x80, 0xf8, 0x1f, 0x80, 0x7c, 
    0x1f, 0x80, 0x7c, 0x1f, 0x80, 0x7f, 0xff, 0x00, 0x3f, 0xff, 0x00, 0x3f, 0xfe, 
    0x00, 0x1f, 0xfc, 0x00, 0x07, 0xf0, 0x00
};
static GX_CONST GX_UBYTE FONT_THEME_1_FONT_BOLD_32_1BPP_char_37[46] =
{
    0xff, 0xfe, 0xff, 0xfe, 0xff, 0xfe, 0xff, 0xfe, 0xff, 0xfe, 0x00, 0x7c, 0x00, 
    0x7c, 0x00, 0xfc, 0x00, 0xf8, 0x00, 0xf8, 0x01, 0xf0, 0x01, 0xf0, 0x03, 0xf0, 
    0x03, 0xe0, 0x07, 0xe0, 0x07, 0xc0, 0x07, 0xc0, 0x0f, 0x80, 0x0f, 0x80, 0x1f, 
    0x80, 0x1f, 0x00, 0x3f, 0x00, 0x3e, 0x00
};
static GX_CONST GX_UBYTE FONT_THEME_1_FONT_BOLD_32_1BPP_char_38[72] =
{
    0x07, 0xf0, 0x00, 0x1f, 0xfc, 0x00, 0x3f, 0xff, 0x00, 0x7f, 0xff, 0x00, 0x7f, 
    0xff, 0x80, 0xfe, 0x1f, 0x80, 0xfc, 0x1f, 0x80, 0x7c, 0x1f, 0x80, 0x7c, 0x1f, 
    0x80, 0x7e, 0x3f, 0x00, 0x3f, 0xfe, 0x00, 0x0f, 0xfc, 0x00, 0x3f, 0xfe, 0x00, 
    0x7f, 0xff, 0x00, 0xfe, 0x1f, 0x80, 0xfc, 0x0f, 0x80, 0xfc, 0x0f, 0xc0, 0xfc, 
    0x0f, 0xc0, 0xfc, 0x1f, 0x80, 0xff, 0xff, 0x80, 0x7f, 0xff, 0x80, 0x3f, 0xff, 
    0x00, 0x1f, 0xfe, 0x00, 0x07, 0xf0, 0x00
};
static GX_CONST GX_UBYTE FONT_THEME_1_FONT_BOLD_32_1BPP_char_39[72] =
{
    0x07, 0xe0, 0x00, 0x1f, 0xf8, 0x00, 0x3f, 0xfc, 0x00, 0x7f, 0xfe, 0x00, 0x7f, 
    0xfe, 0x00, 0xfc, 0x3f, 0x00, 0xfc, 0x1f, 0x00, 0xfc, 0x1f, 0x00, 0xfc, 0x1f, 
    0x00, 0xfc, 0x1f, 0x00, 0xfe, 0x3f, 0x80, 0x7f, 0xff, 0x80, 0x7f, 0xff, 0x80, 
    0x3f, 0xff, 0x80, 0x1f, 0xff, 0x00, 0x07, 0x1f, 0x00, 0x00, 0x1f, 0x00, 0x7c, 
    0x1f, 0x00, 0x7e, 0x3f, 0x00, 0x7f, 0xfe, 0x00, 0x3f, 0xfe, 0x00, 0x3f, 0xfc, 
    0x00, 0x1f, 0xf8, 0x00, 0x07, 0xf0, 0x00
};
static GX_CONST GX_UBYTE FONT_THEME_1_FONT_BOLD_32_1BPP_char_3a[19] =
{
    0x7c, 0xfe, 0xfe, 0xfe, 0xfe, 0x7c, 0x00, 0x00, 0x00, 0x00, 0x00, 0x00, 0x00, 
    0x7c, 0xfe, 0xfe, 0xfe, 0xfe, 0x78
};
static GX_CONST GX_UBYTE FONT_THEME_1_FONT_BOLD_32_1BPP_char_3b[22] =
{
    0x3e, 0x7f, 0x7f, 0x7f, 0x7f, 0x3e, 0x00, 0x00, 0x00, 0x00, 0x00, 0x00, 0x00, 
    0x3f, 0x3e, 0x3e, 0x3c, 0x7c, 0x7c, 0x78, 0x78, 0xf0
};
static GX_CONST GX_UBYTE FONT_THEME_1_FONT_BOLD_32_1BPP_char_3c[28] =
{
    0x03, 0xf8, 0x07, 0xf0, 0x0f, 0xe0, 0x1f, 0xc0, 0x3f, 0x80, 0x7f, 0x00, 0xfe, 
    0x00, 0xfe, 0x00, 0x7f, 0x00, 0x3f, 0x80, 0x1f, 0xc0, 0x0f, 0xe0, 0x07, 0xf0, 
    0x03, 0xf8
};
static GX_CONST GX_UBYTE FONT_THEME_1_FONT_BOLD_32_1BPP_char_3d[39] =
{
    0xff, 0xff, 0xc0, 0xff, 0xff, 0xc0, 0xff, 0xff, 0xc0, 0xff, 0xff, 0xc0, 0xff, 
    0xff, 0xc0, 0x00, 0x00, 0x00, 0x00, 0x00, 0x00, 0x00, 0x00, 0x00, 0xff, 0xff, 
    0xc0, 0xff, 0xff, 0xc0, 0xff, 0xff, 0xc0, 0xff, 0xff, 0xc0, 0xff, 0xff, 0xc0

};
static GX_CONST GX_UBYTE FONT_THEME_1_FONT_BOLD_32_1BPP_char_3e[28] =
{
    0xfe, 0x00, 0x7f, 0x00, 0x3f, 0x80, 0x1f, 0xc0, 0x0f, 0xe0, 0x07, 0xf0, 0x03, 
    0xf8, 0x03, 0xf8, 0x07, 0xf0, 0x0f, 0xe0, 0x1f, 0xc0, 0x3f, 0x80, 0x7f, 0x00, 
    0xfe, 0x00
};
static GX_CONST GX_UBYTE FONT_THEME_1_FONT_BOLD_32_1BPP_char_3f[48] =
{
    0x07, 0xe0, 0x1f, 0xf8, 0x3f, 0xfc, 0x7f, 0xfe, 0xff, 0xfe, 0xfc, 0x7e, 0xfc, 
    0x3f, 0x00, 0x3f, 0x00, 0x3e, 0x00, 0xfe, 0x1f, 0xfe, 0x1f, 0xfc, 0x1f, 0xf8, 
    0x1f, 0xc0, 0x1f, 0x00, 0x1f, 0x00, 0x00, 0x00, 0x00, 0x00, 0x0f, 0x00, 0x1f, 
    0x80, 0x1f, 0x80, 0x1f, 0x80, 0x1f, 0x80, 0x0f, 0x00
};
static GX_CONST GX_UBYTE FONT_THEME_1_FONT_BOLD_32_1BPP_char_40[116] =
{
    0x00, 0x07, 0xfc, 0x00, 0x00, 0x3f, 0xff, 0x00, 0x00, 0xff, 0xff, 0xc0, 0x01, 
    0xff, 0xff, 0xe0, 0x07, 0xf8, 0x07, 0xf0, 0x0f, 0xe0, 0x01, 0xf0, 0x0f, 0x80, 
    0x00, 0xf8, 0x1f, 0x00, 0x00, 0x78, 0x3e, 0x0f, 0x9e, 0x7c, 0x3c, 0x3f, 0xfe, 
    0x3c, 0x7c, 0x7f, 0xfe, 0x3c, 0x78, 0x7f, 0xfc, 0x3c, 0x78, 0xfc, 0x7c, 0x3c, 
    0xf0, 0xf8, 0x7c, 0x3c, 0xf1, 0xf0, 0x3c, 0x3c, 0xf1, 0xf0, 0x7c, 0x7c, 0xf1, 
    0xf0, 0x7c, 0x78, 0xf1, 0xf8, 0xfc, 0xf8, 0xf1, 0xff, 0xff, 0xf0, 0xf0, 0xff, 
    0xbf, 0xe0, 0xf8, 0xff, 0xbf, 0xc0, 0x78, 0x3e, 0x0f, 0x80, 0x7c, 0x00, 0x00, 
    0x00, 0x7e, 0x00, 0x00, 0x00, 0x3f, 0x80, 0x60, 0x00, 0x1f, 0xff, 0xe0, 0x00, 
    0x0f, 0xff, 0xe0, 0x00, 0x03, 0xff, 0xe0, 0x00, 0x00, 0xff, 0x80, 0x00
};
static GX_CONST GX_UBYTE FONT_THEME_1_FONT_BOLD_32_1BPP_char_41[66] =
{
    0x01, 0xfc, 0x00, 0x01, 0xfe, 0x00, 0x01, 0xfe, 0x00, 0x03, 0xfe, 0x00, 0x03, 
    0xff, 0x00, 0x03, 0xff, 0x00, 0x07, 0xdf, 0x00, 0x07, 0xdf, 0x80, 0x0f, 0xcf, 
    0x80, 0x0f, 0x8f, 0x80, 0x0f, 0x87, 0xc0, 0x1f, 0x87, 0xc0, 0x1f, 0x07, 0xe0, 
    0x1f, 0xff, 0xe0, 0x3f, 0xff, 0xe0, 0x3f, 0xff, 0xf0, 0x3f, 0xff, 0xf0, 0x7f, 
    0xff, 0xf0, 0x7c, 0x01, 0xf8, 0xfc, 0x01, 0xf8, 0xfc, 0x00, 0xfc, 0xf8, 0x00, 
    0xfc
};
static GX_CONST GX_UBYTE FONT_THEME_1_FONT_BOLD_32_1BPP_char_42[66] =
{
    0xff, 0xfc, 0x00, 0xff, 0xff, 0x00, 0xff, 0xff, 0x80, 0xff, 0xff, 0x80, 0xff, 
    0xff, 0x80, 0xfc, 0x1f, 0xc0, 0xfc, 0x0f, 0xc0, 0xfc, 0x0f, 0x80, 0xfc, 0x1f, 
    0x80, 0xff, 0xff, 0x00, 0xff, 0xfe, 0x00, 0xff, 0xfe, 0x00, 0xff, 0xff, 0x80, 
    0xfc, 0x1f, 0x80, 0xfc, 0x0f, 0xc0, 0xfc, 0x0f, 0xc0, 0xfc, 0x0f, 0xc0, 0xff, 
    0xff, 0xc0, 0xff, 0xff, 0xc0, 0xff, 0xff, 0x80, 0xff, 0xff, 0x00, 0xff, 0xfc, 
    0x00
};
static GX_CONST GX_UBYTE FONT_THEME_1_FONT_BOLD_32_1BPP_char_43[66] =
{
    0x00, 0xfe, 0x00, 0x07, 0xff, 0x80, 0x0f, 0xff, 0xe0, 0x1f, 0xff, 0xf0, 0x3f, 
    0xff, 0xf8, 0x7f, 0x03, 0xf8, 0x7e, 0x01, 0xfc, 0xfc, 0x00, 0xfc, 0xfc, 0x00, 
    0x00, 0xfc, 0x00, 0x00, 0xfc, 0x00, 0x00, 0xfc, 0x00, 0x00, 0xfc, 0x00, 0x00, 
    0xfc, 0x00, 0x00, 0xfc, 0x00, 0xfc, 0x7e, 0x01, 0xfc, 0x7f, 0x03, 0xf8, 0x3f, 
    0xff, 0xf8, 0x1f, 0xff, 0xf0, 0x0f, 0xff, 0xe0, 0x07, 0xff, 0x80, 0x00, 0xfe, 
    0x00
};
static GX_CONST GX_UBYTE FONT_THEME_1_FONT_BOLD_32_1BPP_char_44[66] =
{
    0xff, 0xf0, 0x00, 0xff, 0xfe, 0x00, 0xff, 0xff, 0x00, 0xff, 0xff, 0x80, 0xff, 
    0xff, 0xc0, 0xfc, 0x0f, 0xe0, 0xfc, 0x07, 0xe0, 0xfc, 0x03, 0xf0, 0xfc, 0x03, 
    0xf0, 0xfc, 0x03, 0xf0, 0xfc, 0x03, 0xf0, 0xfc, 0x03, 0xf0, 0xfc, 0x03, 0xf0, 
    0xfc, 0x03, 0xf0, 0xfc, 0x03, 0xf0, 0xfc, 0x07, 0xe0, 0xfc, 0x0f, 0xe0, 0xff, 
    0xff, 0xc0, 0xff, 0xff, 0x80, 0xff, 0xff, 0x00, 0xff, 0xfe, 0x00, 0xff, 0xf0, 
    0x00
};
static GX_CONST GX_UBYTE FONT_THEME_1_FONT_BOLD_32_1BPP_char_45[44] =
{
    0xff, 0xfc, 0xff, 0xfc, 0xff, 0xfc, 0xff, 0xfc, 0xff, 0xfc, 0xfc, 0x00, 0xfc, 
    0x00, 0xfc, 0x00, 0xff, 0xf8, 0xff, 0xf8, 0xff, 0xf8, 0xff, 0xf8, 0xff, 0xf8, 
    0xfc, 0x00, 0xfc, 0x00, 0xfc, 0x00, 0xfc, 0x00, 0xff, 0xfc, 0xff, 0xfc, 0xff, 
    0xfc, 0xff, 0xfc, 0xff, 0xfc
};
static GX_CONST GX_UBYTE FONT_THEME_1_FONT_BOLD_32_1BPP_char_46[44] =
{
    0xff, 0xfe, 0xff, 0xfe, 0xff, 0xfe, 0xff, 0xfe, 0xff, 0xfe, 0xfc, 0x00, 0xfc, 
    0x00, 0xfc, 0x00, 0xff, 0xf8, 0xff, 0xf8, 0xff, 0xf8, 0xff, 0xf8, 0xff, 0xf8, 
    0xfc, 0x00, 0xfc, 0x00, 0xfc, 0x00, 0xfc, 0x00, 0xfc, 0x00, 0xfc, 0x00, 0xfc, 
    0x00, 0xfc, 0x00, 0xfc, 0x00
};
static GX_CONST GX_UBYTE FONT_THEME_1_FONT_BOLD_32_1BPP_char_47[66] =
{
    0x00, 0xfe, 0x00, 0x07, 0xff, 0xc0, 0x0f, 0xff, 0xe0, 0x1f, 0xff, 0xf0, 0x3f, 
    0xff, 0xf8, 0x7f, 0x03, 0xf8, 0x7e, 0x01, 0xfc, 0xfc, 0x00, 0x00, 0xfc, 0x00, 
    0x00, 0xfc, 0x3f, 0xfc, 0xfc, 0x3f, 0xfc, 0xfc, 0x3f, 0xfc, 0xfc, 0x3f, 0xfc, 
    0xfc, 0x00, 0x7c, 0xfc, 0x00, 0xfc, 0x7e, 0x00, 0xfc, 0x7f, 0x01, 0xf8, 0x3f, 
    0xff, 0xf0, 0x1f, 0xff, 0xf0, 0x0f, 0xff, 0xc0, 0x07, 0xff, 0x80, 0x00, 0xfe, 
    0x00
};
static GX_CONST GX_UBYTE FONT_THEME_1_FONT_BOLD_32_1BPP_char_48[66] =
{
    0xfc, 0x03, 0xf0, 0xfc, 0x03, 0xf0, 0xfc, 0x03, 0xf0, 0xfc, 0x03, 0xf0, 0xfc, 
    0x03, 0xf0, 0xfc, 0x03, 0xf0, 0xfc, 0x03, 0xf0, 0xfc, 0x03, 0xf0, 0xff, 0xff, 
    0xf0, 0xff, 0xff, 0xf0, 0xff, 0xff, 0xf0, 0xff, 0xff, 0xf0, 0xff, 0xff, 0xf0, 
    0xfc, 0x03, 0xf0, 0xfc, 0x03, 0xf0, 0xfc, 0x03, 0xf0, 0xfc, 0x03, 0xf0, 0xfc, 
    0x03, 0xf0, 0xfc, 0x03, 0xf0, 0xfc, 0x03, 0xf0, 0xfc, 0x03, 0xf0, 0xfc, 0x03, 
    0xf0
};
static GX_CONST GX_UBYTE FONT_THEME_1_FONT_BOLD_32_1BPP_char_49[22] =
{
    0xfc, 0xfc, 0xfc, 0xfc, 0xfc, 0xfc, 0xfc, 0xfc, 0xfc, 0xfc, 0xfc, 0xfc, 0xfc, 
    0xfc, 0xfc, 0xfc, 0xfc, 0xfc, 0xfc, 0xfc, 0xfc, 0xfc
};
static GX_CONST GX_UBYTE FONT_THEME_1_FONT_BOLD_32_1BPP_char_4a[44] =
{
    0x00, 0x7e, 0x00, 0x7e, 0x00, 0x7e, 0x00, 0x7e, 0x00, 0x7e, 0x00, 0x7e, 0x00, 
    0x7e, 0x00, 0x7e, 0x00, 0x7e, 0x00, 0x7e, 0x00, 0x7e, 0x00, 0x7e, 0x00, 0x7e, 
    0x00, 0x7e, 0x00, 0x7e, 0xfc, 0x7e, 0xfc, 0x7e, 0xff, 0xfe, 0x7f, 0xfc, 0x3f, 
    0xfc, 0x1f, 0xf8, 0x0f, 0xe0
};
static GX_CONST GX_UBYTE FONT_THEME_1_FONT_BOLD_32_1BPP_char_4b[66] =
{
    0xfc, 0x07, 0xe0, 0xfc, 0x0f, 0xc0, 0xfc, 0x1f, 0x80, 0xfc, 0x3f, 0x80, 0xfc, 
    0x3f, 0x00, 0xfc, 0x7e, 0x00, 0xfc, 0xfc, 0x00, 0xfd, 0xf8, 0x00, 0xff, 0xf8, 
    0x00, 0xff, 0xf0, 0x00, 0xff, 0xe0, 0x00, 0xff, 0xe0, 0x00, 0xff, 0xf0, 0x00, 
    0xff, 0xf8, 0x00, 0xfd, 0xfc, 0x00, 0xfc, 0xfe, 0x00, 0xfc, 0x7e, 0x00, 0xfc, 
    0x3f, 0x00, 0xfc, 0x3f, 0x80, 0xfc, 0x1f, 0xc0, 0xfc, 0x0f, 0xe0, 0xfc, 0x07, 
    0xe0
};
static GX_CONST GX_UBYTE FONT_THEME_1_FONT_BOLD_32_1BPP_char_4c[44] =
{
    0xfc, 0x00, 0xfc, 0x00, 0xfc, 0x00, 0xfc, 0x00, 0xfc, 0x00, 0xfc, 0x00, 0xfc, 
    0x00, 0xfc, 0x00, 0xfc, 0x00, 0xfc, 0x00, 0xfc, 0x00, 0xfc, 0x00, 0xfc, 0x00, 
    0xfc, 0x00, 0xfc, 0x00, 0xfc, 0x00, 0xfc, 0x00, 0xff, 0xf8, 0xff, 0xf8, 0xff, 
    0xf8, 0xff, 0xf8, 0xff, 0xf8
};
static GX_CONST GX_UBYTE FONT_THEME_1_FONT_BOLD_32_1BPP_char_4d[88] =
{
    0xfe, 0x00, 0x1f, 0xc0, 0xfe, 0x00, 0x3f, 0xc0, 0xff, 0x00, 0x3f, 0xc0, 0xff, 
    0x00, 0x3f, 0xc0, 0xff, 0x00, 0x7f, 0xc0, 0xff, 0x80, 0x7f, 0xc0, 0xff, 0x80, 
    0xff, 0xc0, 0xff, 0xc0, 0xff, 0xc0, 0xff, 0xc0, 0xff, 0xc0, 0xff, 0xc1, 0xff, 
    0xc0, 0xff, 0xe1, 0xef, 0xc0, 0xfd, 0xe3, 0xef, 0xc0, 0xfd, 0xf3, 0xef, 0xc0, 
    0xfd, 0xf3, 0xcf, 0xc0, 0xfc, 0xff, 0xcf, 0xc0, 0xfc, 0xff, 0x8f, 0xc0, 0xfc, 
    0xff, 0x8f, 0xc0, 0xfc, 0x7f, 0x8f, 0xc0, 0xfc, 0x7f, 0x0f, 0xc0, 0xfc, 0x3f, 
    0x0f, 0xc0, 0xfc, 0x3f, 0x0f, 0xc0, 0xfc, 0x3e, 0x0f, 0xc0
};
static GX_CONST GX_UBYTE FONT_THEME_1_FONT_BOLD_32_1BPP_char_4e[66] =
{
    0xfc, 0x03, 0xf0, 0xfe, 0x03, 0xf0, 0xfe, 0x03, 0xf0, 0xff, 0x03, 0xf0, 0xff, 
    0x83, 0xf0, 0xff, 0x83, 0xf0, 0xff, 0xc3, 0xf0, 0xff, 0xc3, 0xf0, 0xff, 0xe3, 
    0xf0, 0xff, 0xf3, 0xf0, 0xfd, 0xf3, 0xf0, 0xfc, 0xfb, 0xf0, 0xfc, 0xff, 0xf0, 
    0xfc, 0x7f, 0xf0, 0xfc, 0x3f, 0xf0, 0xfc, 0x3f, 0xf0, 0xfc, 0x1f, 0xf0, 0xfc, 
    0x1f, 0xf0, 0xfc, 0x0f, 0xf0, 0xfc, 0x07, 0xf0, 0xfc, 0x07, 0xf0, 0xfc, 0x03, 
    0xf0
};
static GX_CONST GX_UBYTE FONT_THEME_1_FONT_BOLD_32_1BPP_char_4f[66] =
{
    0x00, 0xfe, 0x00, 0x03, 0xff, 0xc0, 0x0f, 0xff, 0xe0, 0x1f, 0xff, 0xf0, 0x3f, 
    0xff, 0xf8, 0x7f, 0x01, 0xfc, 0x7e, 0x00, 0xfc, 0x7c, 0x00, 0x7c, 0xfc, 0x00, 
    0x7e, 0xfc, 0x00, 0x7e, 0xfc, 0x00, 0x7e, 0xfc, 0x00, 0x7e, 0xfc, 0x00, 0x7e, 
    0xfc, 0x00, 0x7e, 0x7c, 0x00, 0x7c, 0x7e, 0x00, 0xfc, 0x7f, 0x01, 0xfc, 0x3f, 
    0xff, 0xf8, 0x1f, 0xff, 0xf0, 0x0f, 0xff, 0xe0, 0x03, 0xff, 0x80, 0x00, 0xfe, 
    0x00
};
static GX_CONST GX_UBYTE FONT_THEME_1_FONT_BOLD_32_1BPP_char_50[66] =
{
    0xff, 0xf0, 0x00, 0xff, 0xfc, 0x00, 0xff, 0xfe, 0x00, 0xff, 0xff, 0x00, 0xff, 
    0xff, 0x80, 0xfc, 0x1f, 0x80, 0xfc, 0x1f, 0x80, 0xfc, 0x1f, 0x80, 0xfc, 0x1f, 
    0x80, 0xff, 0xff, 0x80, 0xff, 0xff, 0x00, 0xff, 0xfe, 0x00, 0xff, 0xfc, 0x00, 
    0xff, 0xf0, 0x00, 0xfc, 0x00, 0x00, 0xfc, 0x00, 0x00, 0xfc, 0x00, 0x00, 0xfc, 
    0x00, 0x00, 0xfc, 0x00, 0x00, 0xfc, 0x00, 0x00, 0xfc, 0x00, 0x00, 0xfc, 0x00, 
    0x00
};
static GX_CONST GX_UBYTE FONT_THEME_1_FONT_BOLD_32_1BPP_char_51[78] =
{
    0x00, 0xfe, 0x00, 0x03, 0xff, 0xc0, 0x0f, 0xff, 0xe0, 0x1f, 0xff, 0xf0, 0x3f, 
    0xff, 0xf8, 0x7f, 0x01, 0xfc, 0x7e, 0x00, 0xfc, 0x7c, 0x00, 0x7c, 0xfc, 0x00, 
    0x7e, 0xfc, 0x00, 0x7e, 0xfc, 0x00, 0x7e, 0xfc, 0x00, 0x7e, 0xfc, 0x00, 0x7e, 
    0xfc, 0x00, 0x7e, 0x7c, 0x00, 0x7c, 0x7e, 0x00, 0xfc, 0x7f, 0x01, 0xfc, 0x3f, 
    0xff, 0xf8, 0x1f, 0xff, 0xf0, 0x0f, 0xff, 0xe0, 0x03, 0xff, 0xe0, 0x00, 0xff, 
    0xf0, 0x00, 0x01, 0xf8, 0x00, 0x01, 0xfc, 0x00, 0x00, 0xfe, 0x00, 0x00, 0x7f

};
static GX_CONST GX_UBYTE FONT_THEME_1_FONT_BOLD_32_1BPP_char_52[66] =
{
    0xff, 0xf8, 0x00, 0xff, 0xfe, 0x00, 0xff, 0xff, 0x00, 0xff, 0xff, 0x80, 0xff, 
    0xff, 0x80, 0xfc, 0x1f, 0x80, 0xfc, 0x0f, 0xc0, 0xfc, 0x0f, 0xc0, 0xfc, 0x0f, 
    0x80, 0xfc, 0x1f, 0x80, 0xff, 0xff, 0x80, 0xff, 0xff, 0x00, 0xff, 0xfe, 0x00, 
    0xff, 0xf8, 0x00, 0xfd, 0xf8, 0x00, 0xfc, 0xfc, 0x00, 0xfc, 0xfc, 0x00, 0xfc, 
    0x7e, 0x00, 0xfc, 0x3f, 0x00, 0xfc, 0x3f, 0x00, 0xfc, 0x1f, 0x80, 0xfc, 0x1f, 
    0x80
};
static GX_CONST GX_UBYTE FONT_THEME_1_FONT_BOLD_32_1BPP_char_53[66] =
{
    0x07, 0xf0, 0x00, 0x1f, 0xfc, 0x00, 0x7f, 0xfe, 0x00, 0x7f, 0xff, 0x00, 0xff, 
    0xff, 0x00, 0xfc, 0x3f, 0x00, 0xfc, 0x1f, 0x80, 0xfc, 0x00, 0x00, 0xfe, 0x00, 
    0x00, 0x7f, 0xc0, 0x00, 0x3f, 0xf8, 0x00, 0x0f, 0xfe, 0x00, 0x01, 0xff, 0x00, 
    0x00, 0x3f, 0x80, 0x00, 0x1f, 0x80, 0xfc, 0x1f, 0x80, 0xfc, 0x1f, 0x80, 0xff, 
    0xff, 0x80, 0x7f, 0xff, 0x00, 0x3f, 0xff, 0x00, 0x1f, 0xfc, 0x00, 0x07, 0xf0, 
    0x00
};
static GX_CONST GX_UBYTE FONT_THEME_1_FONT_BOLD_32_1BPP_char_54[66] =
{
    0xff, 0xff, 0x80, 0xff, 0xff, 0x80, 0xff, 0xff, 0x80, 0xff, 0xff, 0x80, 0xff, 
    0xff, 0x80, 0x03, 0xf0, 0x00, 0x03, 0xf0, 0x00, 0x03, 0xf0, 0x00, 0x03, 0xf0, 
    0x00, 0x03, 0xf0, 0x00, 0x03, 0xf0, 0x00, 0x03, 0xf0, 0x00, 0x03, 0xf0, 0x00, 
    0x03, 0xf0, 0x00, 0x03, 0xf0, 0x00, 0x03, 0xf0, 0x00, 0x03, 0xf0, 0x00, 0x03, 
    0xf0, 0x00, 0x03, 0xf0, 0x00, 0x03, 0xf0, 0x00, 0x03, 0xf0, 0x00, 0x03, 0xf0, 
    0x00
};
static GX_CONST GX_UBYTE FONT_THEME_1_FONT_BOLD_32_1BPP_char_55[66] =
{
    0xfc, 0x07, 0xe0, 0xfc, 0x07, 0xe0, 0xfc, 0x07, 0xe0, 0xfc, 0x07, 0xe0, 0xfc, 
    0x07, 0xe0, 0xfc, 0x07, 0xe0, 0xfc, 0x07, 0xe0, 0xfc, 0x07, 0xe0, 0xfc, 0x07, 
    0xe0, 0xfc, 0x07, 0xe0, 0xfc, 0x07, 0xe0, 0xfc, 0x07, 0xe0, 0xfc, 0x07, 0xe0, 
    0xfc, 0x07, 0xe0, 0xfc, 0x07, 0xe0, 0xfc, 0x07, 0xe0, 0x7e, 0x0f, 0xc0, 0x7f, 
    0xff, 0xc0, 0x3f, 0xff, 0x80, 0x3f, 0xff, 0x00, 0x0f, 0xfe, 0x00, 0x03, 0xf8, 
    0x00
};
static GX_CONST GX_UBYTE FONT_THEME_1_FONT_BOLD_32_1BPP_char_56[66] =
{
    0xfc, 0x00, 0x7e, 0x7e, 0x00, 0x7e, 0x7e, 0x00, 0xfc, 0x3e, 0x00, 0xfc, 0x3f, 
    0x00, 0xf8, 0x3f, 0x01, 0xf8, 0x1f, 0x01, 0xf8, 0x1f, 0x81, 0xf0, 0x1f, 0x83, 
    0xf0, 0x0f, 0x83, 0xf0, 0x0f, 0xc3, 0xe0, 0x0f, 0xc7, 0xe0, 0x07, 0xc7, 0xe0, 
    0x07, 0xe7, 0xc0, 0x03, 0xef, 0xc0, 0x03, 0xef, 0x80, 0x03, 0xff, 0x80, 0x01, 
    0xff, 0x80, 0x01, 0xff, 0x00, 0x01, 0xff, 0x00, 0x00, 0xff, 0x00, 0x00, 0xfe, 
    0x00
};
static GX_CONST GX_UBYTE FONT_THEME_1_FONT_BOLD_32_1BPP_char_57[88] =
{
    0xfc, 0x07, 0xe0, 0x3f, 0xfc, 0x0f, 0xe0, 0x3e, 0xfc, 0x0f, 0xf0, 0x7e, 0x7c, 
    0x0f, 0xf0, 0x7e, 0x7e, 0x0f, 0xf0, 0x7e, 0x7e, 0x1f, 0xf0, 0x7c, 0x7e, 0x1f, 
    0xf0, 0x7c, 0x3e, 0x1f, 0xf8, 0xfc, 0x3e, 0x1f, 0xf8, 0xfc, 0x3f, 0x3e, 0xf8, 
    0xf8, 0x1f, 0x3e, 0x78, 0xf8, 0x1f, 0x3e, 0x7c, 0xf8, 0x1f, 0x3e, 0x7d, 0xf8, 
    0x1f, 0x7c, 0x7d, 0xf0, 0x0f, 0xfc, 0x3d, 0xf0, 0x0f, 0xfc, 0x3f, 0xf0, 0x0f, 
    0xfc, 0x3f, 0xf0, 0x0f, 0xf8, 0x3f, 0xe0, 0x07, 0xf8, 0x1f, 0xe0, 0x07, 0xf8, 
    0x1f, 0xe0, 0x07, 0xf8, 0x1f, 0xc0, 0x07, 0xf0, 0x1f, 0xc0
};
static GX_CONST GX_UBYTE FONT_THEME_1_FONT_BOLD_32_1BPP_char_58[66] =
{
    0xfc, 0x03, 0xf8, 0x7e, 0x03, 0xf0, 0x7f, 0x07, 0xe0, 0x3f, 0x8f, 0xe0, 0x1f, 
    0x8f, 0xc0, 0x0f, 0xdf, 0x80, 0x0f, 0xff, 0x80, 0x07, 0xff, 0x00, 0x03, 0xfe, 
    0x00, 0x03, 0xfe, 0x00, 0x01, 0xfc, 0x00, 0x01, 0xfc, 0x00, 0x03, 0xfe, 0x00, 
    0x07, 0xfe, 0x00, 0x07, 0xff, 0x00, 0x0f, 0xff, 0x80, 0x1f, 0x9f, 0x80, 0x1f, 
    0x8f, 0xc0, 0x3f, 0x0f, 0xe0, 0x3f, 0x07, 0xe0, 0x7e, 0x03, 0xf0, 0xfc, 0x03, 
    0xf8
};
static GX_CONST GX_UBYTE FONT_THEME_1_FONT_BOLD_32_1BPP_char_59[66] =
{
    0xfe, 0x01, 0xf8, 0x7e, 0x03, 0xf8, 0x3f, 0x03, 0xf0, 0x3f, 0x03, 0xf0, 0x1f, 
    0x87, 0xe0, 0x1f, 0x87, 0xc0, 0x0f, 0xcf, 0xc0, 0x0f, 0xcf, 0x80, 0x07, 0xdf, 
    0x80, 0x07, 0xff, 0x00, 0x03, 0xff, 0x00, 0x03, 0xfe, 0x00, 0x01, 0xfe, 0x00, 
    0x01, 0xfc, 0x00, 0x00, 0xfc, 0x00, 0x00, 0xfc, 0x00, 0x00, 0xfc, 0x00, 0x00, 
    0xfc, 0x00, 0x00, 0xfc, 0x00, 0x00, 0xfc, 0x00, 0x00, 0xfc, 0x00, 0x00, 0xfc, 
    0x00
};
static GX_CONST GX_UBYTE FONT_THEME_1_FONT_BOLD_32_1BPP_char_5a[44] =
{
    0xff, 0xff, 0xff, 0xff, 0xff, 0xff, 0xff, 0xff, 0xff, 0xff, 0x00, 0x7e, 0x00, 
    0xfc, 0x00, 0xfc, 0x01, 0xf8, 0x03, 0xf0, 0x07, 0xe0, 0x07, 0xe0, 0x0f, 0xc0, 
    0x1f, 0x80, 0x3f, 0x00, 0x3f, 0x00, 0x7e, 0x00, 0xff, 0xff, 0xff, 0xff, 0xff, 
    0xff, 0xff, 0xff, 0xff, 0xff
};
static GX_CONST GX_UBYTE FONT_THEME_1_FONT_BOLD_32_1BPP_char_5b[72] =
{
    0xff, 0xc0, 0xff, 0xc0, 0xff, 0xc0, 0xff, 0xc0, 0xff, 0xc0, 0xfc, 0x00, 0xfc, 
    0x00, 0xfc, 0x00, 0xfc, 0x00, 0xfc, 0x00, 0xfc, 0x00, 0xfc, 0x00, 0xfc, 0x00, 
    0xfc, 0x00, 0xfc, 0x00, 0xfc, 0x00, 0xfc, 0x00, 0xfc, 0x00, 0xfc, 0x00, 0xfc, 
    0x00, 0xfc, 0x00, 0xfc, 0x00, 0xfc, 0x00, 0xfc, 0x00, 0xfc, 0x00, 0xfc, 0x00, 
    0xfc, 0x00, 0xfc, 0x00, 0xfc, 0x00, 0xfc, 0x00, 0xfc, 0x00, 0xff, 0xc0, 0xff, 
    0xc0, 0xff, 0xc0, 0xff, 0xc0, 0xff, 0xc0
};
static GX_CONST GX_UBYTE FONT_THEME_1_FONT_BOLD_32_1BPP_char_5c[72] =
{
    0xf8, 0x00, 0xfc, 0x00, 0xfc, 0x00, 0x7c, 0x00, 0x7c, 0x00, 0x7c, 0x00, 0x7e, 
    0x00, 0x3e, 0x00, 0x3e, 0x00, 0x3e, 0x00, 0x3f, 0x00, 0x1f, 0x00, 0x1f, 0x00, 
    0x1f, 0x00, 0x1f, 0x80, 0x0f, 0x80, 0x0f, 0x80, 0x0f, 0x80, 0x0f, 0xc0, 0x0f, 
    0xc0, 0x07, 0xc0, 0x07, 0xc0, 0x07, 0xe0, 0x07, 0xe0, 0x03, 0xe0, 0x03, 0xe0, 
    0x03, 0xe0, 0x03, 0xf0, 0x01, 0xf0, 0x01, 0xf0, 0x01, 0xf0, 0x01, 0xf8, 0x00, 
    0xf8, 0x00, 0xf8, 0x00, 0xf8, 0x00, 0xfc
};
static GX_CONST GX_UBYTE FONT_THEME_1_FONT_BOLD_32_1BPP_char_5d[72] =
{
    0xff, 0xe0, 0xff, 0xe0, 0xff, 0xe0, 0xff, 0xe0, 0xff, 0xe0, 0x07, 0xe0, 0x07, 
    0xe0, 0x07, 0xe0, 0x07, 0xe0, 0x07, 0xe0, 0x07, 0xe0, 0x07, 0xe0, 0x07, 0xe0, 
    0x07, 0xe0, 0x07, 0xe0, 0x07, 0xe0, 0x07, 0xe0, 0x07, 0xe0, 0x07, 0xe0, 0x07, 
    0xe0, 0x07, 0xe0, 0x07, 0xe0, 0x07, 0xe0, 0x07, 0xe0, 0x07, 0xe0, 0x07, 0xe0, 
    0x07, 0xe0, 0x07, 0xe0, 0x07, 0xe0, 0x07, 0xe0, 0x07, 0xe0, 0xff, 0xe0, 0xff, 
    0xe0, 0xff, 0xe0, 0xff, 0xe0, 0xff, 0xe0
};
static GX_CONST GX_UBYTE FONT_THEME_1_FONT_BOLD_32_1BPP_char_5e[51] =
{
    0x01, 0xf8, 0x00, 0x01, 0xfc, 0x00, 0x01, 0xfc, 0x00, 0x03, 0xfe, 0x00, 0x03, 
    0xfe, 0x00, 0x07, 0xff, 0x00, 0x07, 0xff, 0x00, 0x0f, 0xdf, 0x00, 0x0f, 0x9f, 
    0x80, 0x1f, 0x8f, 0x80, 0x1f, 0x0f, 0xc0, 0x3f, 0x07, 0xc0, 0x3f, 0x07, 0xe0, 
    0x3e, 0x03, 0xe0, 0x7e, 0x03, 0xf0, 0x7c, 0x01, 0xf0, 0xfc, 0x01, 0xf8
};
static GX_CONST GX_UBYTE FONT_THEME_1_FONT_BOLD_32_1BPP_char_5f[15] =
{
    0xff, 0xff, 0xf0, 0xff, 0xff, 0xf0, 0xff, 0xff, 0xf0, 0xff, 0xff, 0xf0, 0xff, 
    0xff, 0xf0
};
static GX_CONST GX_UBYTE FONT_THEME_1_FONT_BOLD_32_1BPP_char_60[7] =
{
    0xc0, 0xf0, 0xfc, 0xff, 0x3f, 0x0f, 0x01
};
static GX_CONST GX_UBYTE FONT_THEME_1_FONT_BOLD_32_1BPP_char_61[54] =
{
    0x07, 0xe7, 0xe0, 0x1f, 0xf7, 0xe0, 0x3f, 0xff, 0xe0, 0x7f, 0xff, 0xe0, 0x7f, 
    0xff, 0xe0, 0xfe, 0x0f, 0xe0, 0xfc, 0x07, 0xe0, 0xfc, 0x07, 0xe0, 0xfc, 0x07, 
    0xe0, 0xfc, 0x07, 0xe0, 0xfc, 0x07, 0xe0, 0xfc, 0x07, 0xe0, 0x7e, 0x0f, 0xe0, 
    0x7f, 0xff, 0xe0, 0x7f, 0xff, 0xe0, 0x3f, 0xff, 0xe0, 0x1f, 0xf7, 0xe0, 0x07, 
    0xe7, 0xe0
};
static GX_CONST GX_UBYTE FONT_THEME_1_FONT_BOLD_32_1BPP_char_62[72] =
{
    0xfc, 0x00, 0x00, 0xfc, 0x00, 0x00, 0xfc, 0x00, 0x00, 0xfc, 0x00, 0x00, 0xfc, 
    0x00, 0x00, 0xfc, 0x00, 0x00, 0xfc, 0xfc, 0x00, 0xfd, 0xff, 0x00, 0xff, 0xff, 
    0x80, 0xff, 0xff, 0xc0, 0xff, 0xff, 0xc0, 0xfe, 0x0f, 0xc0, 0xfc, 0x07, 0xe0, 
    0xfc, 0x07, 0xe0, 0xfc, 0x07, 0xe0, 0xfc, 0x07, 0xe0, 0xfc, 0x07, 0xe0, 0xfc, 
    0x07, 0xe0, 0xfe, 0x0f, 0xc0, 0xff, 0xff, 0xc0, 0xff, 0xff, 0xc0, 0xff, 0xff, 
    0x80, 0xfd, 0xff, 0x00, 0xfc, 0xfc, 0x00
};
static GX_CONST GX_UBYTE FONT_THEME_1_FONT_BOLD_32_1BPP_char_63[54] =
{
    0x03, 0xf0, 0x00, 0x0f, 0xfc, 0x00, 0x3f, 0xfe, 0x00, 0x3f, 0xff, 0x00, 0x7f, 
    0xff, 0x80, 0x7e, 0x1f, 0x80, 0xfc, 0x0f, 0x80, 0xfc, 0x00, 0x00, 0xfc, 0x00, 
    0x00, 0xfc, 0x00, 0x00, 0xfc, 0x00, 0x00, 0xfc, 0x0f, 0x80, 0x7e, 0x1f, 0x80, 
    0x7f, 0xff, 0x80, 0x3f, 0xff, 0x00, 0x3f, 0xfe, 0x00, 0x0f, 0xfc, 0x00, 0x03, 
    0xf0, 0x00
};
static GX_CONST GX_UBYTE FONT_THEME_1_FONT_BOLD_32_1BPP_char_64[72] =
{
    0x00, 0x07, 0xe0, 0x00, 0x07, 0xe0, 0x00, 0x07, 0xe0, 0x00, 0x07, 0xe0, 0x00, 
    0x07, 0xe0, 0x00, 0x07, 0xe0, 0x07, 0xe7, 0xe0, 0x1f, 0xf7, 0xe0, 0x3f, 0xff, 
    0xe0, 0x7f, 0xff, 0xe0, 0x7f, 0xff, 0xe0, 0xfe, 0x0f, 0xe0, 0xfc, 0x07, 0xe0, 
    0xfc, 0x07, 0xe0, 0xfc, 0x07, 0xe0, 0xfc, 0x07, 0xe0, 0xfc, 0x07, 0xe0, 0xfc, 
    0x07, 0xe0, 0x7e, 0x0f, 0xe0, 0x7f, 0xff, 0xe0, 0x7f, 0xff, 0xe0, 0x3f, 0xff, 
    0xe0, 0x1f, 0xf7, 0xe0, 0x07, 0xe7, 0xe0
};
static GX_CONST GX_UBYTE FONT_THEME_1_FONT_BOLD_32_1BPP_char_65[54] =
{
    0x03, 0xf8, 0x00, 0x0f, 0xfe, 0x00, 0x1f, 0xff, 0x00, 0x3f, 0xff, 0x80, 0x7f, 
    0xff, 0xc0, 0x7e, 0x0f, 0xc0, 0x7c, 0x07, 0xc0, 0x7f, 0xff, 0xc0, 0xff, 0xff, 
    0xe0, 0x7f, 0xff, 0xe0, 0x7c, 0x00, 0x00, 0x7c, 0x00, 0x00, 0x7e, 0x0f, 0xc0, 
    0x7f, 0xff, 0x80, 0x3f, 0xff, 0x80, 0x1f, 0xff, 0x00, 0x0f, 0xfe, 0x00, 0x03, 
    0xf8, 0x00
};
static GX_CONST GX_UBYTE FONT_THEME_1_FONT_BOLD_32_1BPP_char_66[50] =
{
    0x03, 0xc0, 0x0f, 0xc0, 0x1f, 0xc0, 0x1f, 0xc0, 0x3f, 0xc0, 0x3f, 0x00, 0x3f, 
    0x00, 0xff, 0xc0, 0xff, 0xc0, 0xff, 0xc0, 0xff, 0xc0, 0xff, 0xc0, 0x3f, 0x00, 
    0x3f, 0x00, 0x3f, 0x00, 0x3f, 0x00, 0x3f, 0x00, 0x3f, 0x00, 0x3f, 0x00, 0x3f, 
    0x00, 0x3f, 0x00, 0x3f, 0x00, 0x3f, 0x00, 0x3f, 0x00, 0x3f, 0x00
};
static GX_CONST GX_UBYTE FONT_THEME_1_FONT_BOLD_32_1BPP_char_67[78] =
{
    0x07, 0xe7, 0xe0, 0x1f, 0xf7, 0xe0, 0x3f, 0xff, 0xe0, 0x7f, 0xff, 0xe0, 0x7f, 
    0xff, 0xe0, 0xfe, 0x0f, 0xe0, 0xfc, 0x07, 0xe0, 0xfc, 0x07, 0xe0, 0xfc, 0x07, 
    0xe0, 0xfc, 0x07, 0xe0, 0xfc, 0x07, 0xe0, 0xfc, 0x07, 0xe0, 0x7e, 0x0f, 0xe0, 
    0x7f, 0xff, 0xe0, 0x7f, 0xff, 0xe0, 0x3f, 0xff, 0xe0, 0x1f, 0xf7, 0xe0, 0x07, 
    0xe7, 0xe0, 0x00, 0x07, 0xe0, 0x7c, 0x07, 0xe0, 0x7e, 0x0f, 0xe0, 0x7f, 0xff, 
    0xc0, 0x3f, 0xff, 0xc0, 0x1f, 0xff, 0x80, 0x0f, 0xff, 0x00, 0x03, 0xf8, 0x00

};
static GX_CONST GX_UBYTE FONT_THEME_1_FONT_BOLD_32_1BPP_char_68[72] =
{
    0xfc, 0x00, 0x00, 0xfc, 0x00, 0x00, 0xfc, 0x00, 0x00, 0xfc, 0x00, 0x00, 0xfc, 
    0x00, 0x00, 0xfc, 0x00, 0x00, 0xfc, 0xfc, 0x00, 0xfd, 0xff, 0x00, 0xff, 0xff, 
    0x80, 0xff, 0xff, 0x80, 0xff, 0xff, 0xc0, 0xfe, 0x1f, 0xc0, 0xfc, 0x0f, 0xc0, 
    0xfc, 0x0f, 0xc0, 0xfc, 0x0f, 0xc0, 0xfc, 0x0f, 0xc0, 0xfc, 0x0f, 0xc0, 0xfc, 
    0x0f, 0xc0, 0xfc, 0x0f, 0xc0, 0xfc, 0x0f, 0xc0, 0xfc, 0x0f, 0xc0, 0xfc, 0x0f, 
    0xc0, 0xfc, 0x0f, 0xc0, 0xfc, 0x0f, 0xc0
};
static GX_CONST GX_UBYTE FONT_THEME_1_FONT_BOLD_32_1BPP_char_69[26] =
{
    0x7c, 0xfe, 0xfe, 0xfe, 0xfe, 0x78, 0x00, 0x00, 0xfc, 0xfc, 0xfc, 0xfc, 0xfc, 
    0xfc, 0xfc, 0xfc, 0xfc, 0xfc, 0xfc, 0xfc, 0xfc, 0xfc, 0xfc, 0xfc, 0xfc, 0xfc

};
static GX_CONST GX_UBYTE FONT_THEME_1_FONT_BOLD_32_1BPP_char_6a[68] =
{
    0x0f, 0x80, 0x1f, 0xc0, 0x1f, 0xc0, 0x1f, 0xc0, 0x1f, 0xc0, 0x0f, 0x00, 0x00, 
    0x00, 0x00, 0x00, 0x1f, 0x80, 0x1f, 0x80, 0x1f, 0x80, 0x1f, 0x80, 0x1f, 0x80, 
    0x1f, 0x80, 0x1f, 0x80, 0x1f, 0x80, 0x1f, 0x80, 0x1f, 0x80, 0x1f, 0x80, 0x1f, 
    0x80, 0x1f, 0x80, 0x1f, 0x80, 0x1f, 0x80, 0x1f, 0x80, 0x1f, 0x80, 0x1f, 0x80, 
    0x1f, 0x80, 0x1f, 0x80, 0x1f, 0x80, 0xff, 0x80, 0xff, 0x80, 0xff, 0x00, 0xfe, 
    0x00, 0xfc, 0x00
};
static GX_CONST GX_UBYTE FONT_THEME_1_FONT_BOLD_32_1BPP_char_6b[72] =
{
    0xfc, 0x00, 0x00, 0xfc, 0x00, 0x00, 0xfc, 0x00, 0x00, 0xfc, 0x00, 0x00, 0xfc, 
    0x00, 0x00, 0xfc, 0x00, 0x00, 0xfc, 0x1f, 0x80, 0xfc, 0x3f, 0x80, 0xfc, 0x7f, 
    0x00, 0xfc, 0xfe, 0x00, 0xfc, 0xfc, 0x00, 0xfd, 0xf8, 0x00, 0xff, 0xf0, 0x00, 
    0xff, 0xf0, 0x00, 0xff, 0xe0, 0x00, 0xff, 0xe0, 0x00, 0xff, 0xf0, 0x00, 0xff, 
    0xf0, 0x00, 0xfd, 0xf8, 0x00, 0xfc, 0xfc, 0x00, 0xfc, 0xfe, 0x00, 0xfc, 0x7f, 
    0x00, 0xfc, 0x3f, 0x80, 0xfc, 0x1f, 0x80
};
static GX_CONST GX_UBYTE FONT_THEME_1_FONT_BOLD_32_1BPP_char_6c[24] =
{
    0xfc, 0xfc, 0xfc, 0xfc, 0xfc, 0xfc, 0xfc, 0xfc, 0xfc, 0xfc, 0xfc, 0xfc, 0xfc, 
    0xfc, 0xfc, 0xfc, 0xfc, 0xfc, 0xfc, 0xfc, 0xfc, 0xfc, 0xfc, 0xfc
};
static GX_CONST GX_UBYTE FONT_THEME_1_FONT_BOLD_32_1BPP_char_6d[72] =
{
    0xfc, 0xfc, 0x0f, 0xc0, 0xff, 0xfe, 0x1f, 0xf0, 0xff, 0xff, 0x3f, 0xf8, 0xff, 
    0xff, 0xff, 0xfc, 0xff, 0xff, 0xff, 0xfc, 0xfe, 0x1f, 0xe0, 0xfc, 0xfc, 0x0f, 
    0xc0, 0x7c, 0xfc, 0x0f, 0xc0, 0x7c, 0xfc, 0x0f, 0xc0, 0x7c, 0xfc, 0x0f, 0xc0, 
    0x7c, 0xfc, 0x0f, 0xc0, 0x7c, 0xfc, 0x0f, 0xc0, 0x7c, 0xfc, 0x0f, 0xc0, 0x7c, 
    0xfc, 0x0f, 0xc0, 0x7c, 0xfc, 0x0f, 0xc0, 0x7c, 0xfc, 0x0f, 0xc0, 0x7c, 0xfc, 
    0x0f, 0xc0, 0x7c, 0xfc, 0x0f, 0xc0, 0x7c
};
static GX_CONST GX_UBYTE FONT_THEME_1_FONT_BOLD_32_1BPP_char_6e[54] =
{
    0xfc, 0xfc, 0x00, 0xfd, 0xff, 0x00, 0xff, 0xff, 0x00, 0xff, 0xff, 0x80, 0xff, 
    0xff, 0xc0, 0xfe, 0x1f, 0xc0, 0xfc, 0x0f, 0xc0, 0xfc, 0x0f, 0xc0, 0xfc, 0x0f, 
    0xc0, 0xfc, 0x0f, 0xc0, 0xfc, 0x0f, 0xc0, 0xfc, 0x0f, 0xc0, 0xfc, 0x0f, 0xc0, 
    0xfc, 0x0f, 0xc0, 0xfc, 0x0f, 0xc0, 0xfc, 0x0f, 0xc0, 0xfc, 0x0f, 0xc0, 0xfc, 
    0x0f, 0xc0
};
static GX_CONST GX_UBYTE FONT_THEME_1_FONT_BOLD_32_1BPP_char_6f[54] =
{
    0x03, 0xf8, 0x00, 0x0f, 0xfe, 0x00, 0x1f, 0xff, 0x00, 0x3f, 0xff, 0x80, 0x7f, 
    0xff, 0x80, 0x7e, 0x0f, 0xc0, 0xfc, 0x0f, 0xc0, 0xfc, 0x07, 0xc0, 0xfc, 0x07, 
    0xe0, 0xfc, 0x07, 0xe0, 0xfc, 0x07, 0xc0, 0xfc, 0x0f, 0xc0, 0x7e, 0x0f, 0xc0, 
    0x7f, 0xff, 0x80, 0x3f, 0xff, 0x80, 0x1f, 0xff, 0x00, 0x0f, 0xfe, 0x00, 0x03, 
    0xf0, 0x00
};
static GX_CONST GX_UBYTE FONT_THEME_1_FONT_BOLD_32_1BPP_char_70[78] =
{
    0xfc, 0xfc, 0x00, 0xfd, 0xff, 0x00, 0xff, 0xff, 0x80, 0xff, 0xff, 0xc0, 0xff, 
    0xff, 0xc0, 0xfe, 0x0f, 0xc0, 0xfc, 0x07, 0xe0, 0xfc, 0x07, 0xe0, 0xfc, 0x07, 
    0xe0, 0xfc, 0x07, 0xe0, 0xfc, 0x07, 0xe0, 0xfc, 0x07, 0xe0, 0xfe, 0x0f, 0xc0, 
    0xff, 0xff, 0xc0, 0xff, 0xff, 0xc0, 0xff, 0xff, 0x80, 0xfd, 0xff, 0x00, 0xfc, 
    0xfc, 0x00, 0xfc, 0x00, 0x00, 0xfc, 0x00, 0x00, 0xfc, 0x00, 0x00, 0xfc, 0x00, 
    0x00, 0xfc, 0x00, 0x00, 0xfc, 0x00, 0x00, 0xfc, 0x00, 0x00, 0xfc, 0x00, 0x00

};
static GX_CONST GX_UBYTE FONT_THEME_1_FONT_BOLD_32_1BPP_char_71[78] =
{
    0x07, 0xe7, 0xe0, 0x0f, 0xff, 0xe0, 0x3f, 0xff, 0xe0, 0x3f, 0xff, 0xe0, 0x7f, 
    0xff, 0xe0, 0x7e, 0x0f, 0xe0, 0xfc, 0x07, 0xe0, 0xfc, 0x07, 0xe0, 0xfc, 0x07, 
    0xe0, 0xfc, 0x07, 0xe0, 0xfc, 0x07, 0xe0, 0xfc, 0x07, 0xe0, 0x7e, 0x0f, 0xe0, 
    0x7f, 0xff, 0xe0, 0x3f, 0xff, 0xe0, 0x3f, 0xff, 0xe0, 0x0f, 0xf7, 0xe0, 0x07, 
    0xe7, 0xe0, 0x00, 0x07, 0xe0, 0x00, 0x07, 0xe0, 0x00, 0x07, 0xe0, 0x00, 0x07, 
    0xe0, 0x00, 0x07, 0xe0, 0x00, 0x07, 0xe0, 0x00, 0x07, 0xe0, 0x00, 0x07, 0xe0

};
static GX_CONST GX_UBYTE FONT_THEME_1_FONT_BOLD_32_1BPP_char_72[36] =
{
    0xfc, 0x60, 0xfd, 0xe0, 0xff, 0xe0, 0xff, 0xe0, 0xff, 0xe0, 0xff, 0xe0, 0xfe, 
    0x00, 0xfc, 0x00, 0xfc, 0x00, 0xfc, 0x00, 0xfc, 0x00, 0xfc, 0x00, 0xfc, 0x00, 
    0xfc, 0x00, 0xfc, 0x00, 0xfc, 0x00, 0xfc, 0x00, 0xfc, 0x00
};
static GX_CONST GX_UBYTE FONT_THEME_1_FONT_BOLD_32_1BPP_char_73[36] =
{
    0x07, 0xf0, 0x1f, 0xf8, 0x3f, 0xfe, 0x7f, 0xfe, 0x7e, 0x3f, 0x7e, 0x3f, 0x7e, 
    0x00, 0x7f, 0xe0, 0x3f, 0xfc, 0x1f, 0xfe, 0x03, 0xff, 0x00, 0x3f, 0xfc, 0x3f, 
    0x7e, 0x3f, 0x7f, 0xff, 0x3f, 0xfe, 0x1f, 0xfc, 0x07, 0xf0
};
static GX_CONST GX_UBYTE FONT_THEME_1_FONT_BOLD_32_1BPP_char_74[44] =
{
    0x3f, 0x00, 0x3f, 0x00, 0x3f, 0x00, 0x3f, 0x00, 0xff, 0xe0, 0xff, 0xe0, 0xff, 
    0xe0, 0xff, 0xe0, 0xff, 0xe0, 0x3f, 0x00, 0x3f, 0x00, 0x3f, 0x00, 0x3f, 0x00, 
    0x3f, 0x00, 0x3f, 0x00, 0x3f, 0x00, 0x3f, 0x00, 0x3f, 0xe0, 0x3f, 0xe0, 0x1f, 
    0xe0, 0x0f, 0xe0, 0x07, 0xe0
};
static GX_CONST GX_UBYTE FONT_THEME_1_FONT_BOLD_32_1BPP_char_75[54] =
{
    0xfc, 0x0f, 0xc0, 0xfc, 0x0f, 0xc0, 0xfc, 0x0f, 0xc0, 0xfc, 0x0f, 0xc0, 0xfc, 
    0x0f, 0xc0, 0xfc, 0x0f, 0xc0, 0xfc, 0x0f, 0xc0, 0xfc, 0x0f, 0xc0, 0xfc, 0x0f, 
    0xc0, 0xfc, 0x0f, 0xc0, 0xfc, 0x0f, 0xc0, 0xfc, 0x0f, 0xc0, 0xfe, 0x1f, 0xc0, 
    0xff, 0xff, 0xc0, 0x7f, 0xff, 0xc0, 0x7f, 0xff, 0xc0, 0x3f, 0xef, 0xc0, 0x0f, 
    0xcf, 0xc0
};
static GX_CONST GX_UBYTE FONT_THEME_1_FONT_BOLD_32_1BPP_char_76[54] =
{
    0xfc, 0x03, 0xf0, 0x7e, 0x07, 0xe0, 0x7e, 0x07, 0xe0, 0x3e, 0x07, 0xe0, 0x3f, 
    0x0f, 0xc0, 0x3f, 0x0f, 0xc0, 0x1f, 0x0f, 0x80, 0x1f, 0x0f, 0x80, 0x1f, 0x9f, 
    0x80, 0x0f, 0x9f, 0x00, 0x0f, 0x9f, 0x00, 0x0f, 0xff, 0x00, 0x07, 0xfe, 0x00, 
    0x07, 0xfe, 0x00, 0x07, 0xfe, 0x00, 0x03, 0xfc, 0x00, 0x03, 0xfc, 0x00, 0x03, 
    0xfc, 0x00
};
static GX_CONST GX_UBYTE FONT_THEME_1_FONT_BOLD_32_1BPP_char_77[72] =
{
    0xfc, 0x1f, 0x83, 0xe0, 0x7c, 0x1f, 0x83, 0xe0, 0x7c, 0x1f, 0xc3, 0xe0, 0x7c, 
    0x3f, 0xc3, 0xe0, 0x7c, 0x3f, 0xc3, 0xc0, 0x3e, 0x3f, 0xc7, 0xc0, 0x3e, 0x3f, 
    0xc7, 0xc0, 0x3e, 0x7f, 0xe7, 0xc0, 0x3e, 0x7b, 0xe7, 0x80, 0x1e, 0x79, 0xe7, 
    0x80, 0x1f, 0x79, 0xef, 0x80, 0x1f, 0xf9, 0xff, 0x80, 0x1f, 0xf1, 0xff, 0x00, 
    0x0f, 0xf0, 0xff, 0x00, 0x0f, 0xf0, 0xff, 0x00, 0x0f, 0xf0, 0xfe, 0x00, 0x07, 
    0xe0, 0xfe, 0x00, 0x07, 0xe0, 0x7e, 0x00
};
static GX_CONST GX_UBYTE FONT_THEME_1_FONT_BOLD_32_1BPP_char_78[54] =
{
    0xfe, 0x0f, 0xc0, 0x7e, 0x0f, 0xc0, 0x3f, 0x1f, 0x80, 0x1f, 0x9f, 0x00, 0x1f, 
    0xbf, 0x00, 0x0f, 0xfe, 0x00, 0x07, 0xfc, 0x00, 0x07, 0xfc, 0x00, 0x03, 0xf8, 
    0x00, 0x03, 0xf8, 0x00, 0x07, 0xfc, 0x00, 0x0f, 0xfc, 0x00, 0x0f, 0xfe, 0x00, 
    0x1f, 0xff, 0x00, 0x1f, 0x3f, 0x00, 0x3f, 0x1f, 0x80, 0x7e, 0x0f, 0xc0, 0x7e, 
    0x0f, 0xc0
};
static GX_CONST GX_UBYTE FONT_THEME_1_FONT_BOLD_32_1BPP_char_79[78] =
{
    0xfc, 0x03, 0xf0, 0x7e, 0x03, 0xf0, 0x7e, 0x07, 0xe0, 0x7e, 0x07, 0xe0, 0x3f, 
    0x07, 0xc0, 0x3f, 0x0f, 0xc0, 0x1f, 0x8f, 0x80, 0x1f, 0x8f, 0x80, 0x0f, 0x9f, 
    0x80, 0x0f, 0xdf, 0x00, 0x0f, 0xff, 0x00, 0x07, 0xfe, 0x00, 0x07, 0xfe, 0x00, 
    0x03, 0xfc, 0x00, 0x03, 0xfc, 0x00, 0x01, 0xfc, 0x00, 0x01, 0xf8, 0x00, 0x01, 
    0xf8, 0x00, 0x01, 0xf0, 0x00, 0x03, 0xf0, 0x00, 0x03, 0xe0, 0x00, 0x07, 0xe0, 
    0x00, 0x07, 0xe0, 0x00, 0x0f, 0xc0, 0x00, 0x0f, 0xc0, 0x00, 0x1f, 0x80, 0x00

};
static GX_CONST GX_UBYTE FONT_THEME_1_FONT_BOLD_32_1BPP_char_7a[36] =
{
    0xff, 0xfc, 0xff, 0xfc, 0xff, 0xfc, 0xff, 0xfc, 0xff, 0xfc, 0x01, 0xf8, 0x03, 
    0xf0, 0x07, 0xe0, 0x0f, 0xc0, 0x1f, 0xc0, 0x1f, 0x80, 0x3f, 0x00, 0x7e, 0x00, 
    0xff, 0xfc, 0xff, 0xfc, 0xff, 0xfc, 0xff, 0xfc, 0xff, 0xfc
};
static GX_CONST GX_UBYTE FONT_THEME_1_FONT_BOLD_32_1BPP_char_7b[72] =
{
    0x03, 0xf0, 0x07, 0xf0, 0x0f, 0xf0, 0x1f, 0xf0, 0x1f, 0xf0, 0x1f, 0x80, 0x1f, 
    0x80, 0x1f, 0x80, 0x1f, 0x80, 0x1f, 0x80, 0x1f, 0x80, 0x1f, 0x80, 0x1f, 0x80, 
    0x1f, 0x80, 0x1f, 0x80, 0x3f, 0x80, 0xff, 0x00, 0xfe, 0x00, 0xfc, 0x00, 0xff, 
    0x00, 0xff, 0x80, 0x1f, 0x80, 0x1f, 0x80, 0x1f, 0x80, 0x1f, 0x80, 0x1f, 0x80, 
    0x1f, 0x80, 0x1f, 0x80, 0x1f, 0x80, 0x1f, 0x80, 0x1f, 0x80, 0x1f, 0xf0, 0x1f, 
    0xf0, 0x0f, 0xf0, 0x07, 0xf0, 0x03, 0xf0
};
static GX_CONST GX_UBYTE FONT_THEME_1_FONT_BOLD_32_1BPP_char_7c[30] =
{
    0xfc, 0xfc, 0xfc, 0xfc, 0xfc, 0xfc, 0xfc, 0xfc, 0xfc, 0xfc, 0xfc, 0xfc, 0xfc, 
    0xfc, 0xfc, 0xfc, 0xfc, 0xfc, 0xfc, 0xfc, 0xfc, 0xfc, 0xfc, 0xfc, 0xfc, 0xfc, 
    0xfc, 0xfc, 0xfc, 0xfc
};
static GX_CONST GX_UBYTE FONT_THEME_1_FONT_BOLD_32_1BPP_char_7d[72] =
{
    0xfc, 0x00, 0xfe, 0x00, 0xff, 0x00, 0xff, 0x80, 0xff, 0x80, 0x1f, 0x80, 0x1f, 
    0x80, 0x1f, 0x80, 0x1f, 0x80, 0x1f, 0x80, 0x1f, 0x80, 0x1f, 0x80, 0x1f, 0x80, 
    0x1f, 0x80, 0x1f, 0x80, 0x1f, 0x80, 0x0f, 0xe0, 0x07, 0xe0, 0x03, 0xe0, 0x0f, 
    0xe0, 0x1f, 0xe0, 0x1f, 0x80, 0x1f, 0x80, 0x1f, 0x80, 0x1f, 0x80, 0x1f, 0x80, 
    0x1f, 0x80, 0x1f, 0x80, 0x1f, 0x80, 0x1f, 0x80, 0x1f, 0x80, 0xff, 0x80, 0xff, 
    0x80, 0xff, 0x00, 0xfe, 0x00, 0xfc, 0x00
};
static GX_CONST GX_UBYTE FONT_THEME_1_FONT_BOLD_32_1BPP_char_7e[21] =
{
    0x0f, 0x03, 0xc0, 0x3f, 0xc3, 0xc0, 0x7f, 0xff, 0xc0, 0x7f, 0xff, 0x80, 0xff, 
    0xff, 0x80, 0xf0, 0xff, 0x00, 0xf0, 0x3c, 0x00
};
static GX_CONST GX_GLYPH THEME_1_FONT_BOLD_32_1BPP_FONT_PAGE_1_GLYPHS[95] =
{
    {FONT_THEME_1_FONT_BOLD_32_1BPP_char_20, 0, 0, 7, 0, 1, 1},
    {FONT_THEME_1_FONT_BOLD_32_1BPP_char_21, 23, 0, 12, 3, 6, 23},
    {FONT_THEME_1_FONT_BOLD_32_1BPP_char_22, 25, -18, 13, 1, 10, 7},
    {FONT_THEME_1_FONT_BOLD_32_1BPP_char_23, 24, 0, 29, 1, 27, 24},
    {FONT_THEME_1_FONT_BOLD_32_1BPP_char_24, 25, 3, 21, 1, 18, 28},
    {FONT_THEME_1_FONT_BOLD_32_1BPP_char_25, 22, 0, 28, 1, 26, 22},
    {FONT_THEME_1_FONT_BOLD_32_1BPP_char_26, 22, 0, 26, 1, 25, 22},
    {FONT_THEME_1_FONT_BOLD_32_1BPP_char_27, 25, -18, 7, 1, 4, 7},
    {FONT_THEME_1_FONT_BOLD_32_1BPP_char_28, 29, 7, 16, 3, 13, 36},
    {FONT_THEME_1_FONT_BOLD_32_1BPP_char_29, 29, 7, 16, 1, 13, 36},
    {FONT_THEME_1_FONT_BOLD_32_1BPP_char_2a, 23, -11, 17, 2, 13, 12},
    {FONT_THEME_1_FONT_BOLD_32_1BPP_char_2b, 19, -3, 20, 2, 16, 16},
    {FONT_THEME_1_FONT_BOLD_32_1BPP_char_2c, 5, 4, 9, 0, 7, 9},
    {FONT_THEME_1_FONT_BOLD_32_1BPP_char_2d, 14, -9, 19, 2, 14, 5},
    {FONT_THEME_1_FONT_BOLD_32_1BPP_char_2e, 6, 0, 9, 1, 7, 6},
    {FONT_THEME_1_FONT_BOLD_32_1BPP_char_2f, 30, 6, 15, 0, 14, 36},
    {FONT_THEME_1_FONT_BOLD_32_1BPP_char_30, 24, 0, 20, 1, 18, 24},
    {FONT_THEME_1_FONT_BOLD_32_1BPP_char_31, 23, 0, 12, 1, 9, 23},
    {FONT_THEME_1_FONT_BOLD_32_1BPP_char_32, 24, 0, 18, 1, 16, 24},
    {FONT_THEME_1_FONT_BOLD_32_1BPP_char_33, 24, 0, 19, 1, 17, 24},
    {FONT_THEME_1_FONT_BOLD_32_1BPP_char_34, 23, 0, 22, 2, 19, 23},
    {FONT_THEME_1_FONT_BOLD_32_1BPP_char_35, 23, 0, 21, 3, 17, 23},
    {FONT_THEME_1_FONT_BOLD_32_1BPP_char_36, 24, 0, 21, 2, 17, 24},
    {FONT_THEME_1_FONT_BOLD_32_1BPP_char_37, 23, 0, 17, 1, 15, 23},
    {FONT_THEME_1_FONT_BOLD_32_1BPP_char_38, 24, 0, 21, 2, 18, 24},
    {FONT_THEME_1_FONT_BOLD_32_1BPP_char_39, 24, 0, 20, 2, 17, 24},
    {FONT_THEME_1_FONT_BOLD_32_1BPP_char_3a, 19, 0, 9, 1, 7, 19},
    {FONT_THEME_1_FONT_BOLD_32_1BPP_char_3b, 18, 4, 11, 1, 8, 22},
    {FONT_THEME_1_FONT_BOLD_32_1BPP_char_3c, 18, -4, 18, 1, 13, 14},
    {FONT_THEME_1_FONT_BOLD_32_1BPP_char_3d, 18, -5, 22, 2, 18, 13},
    {FONT_THEME_1_FONT_BOLD_32_1BPP_char_3e, 18, -4, 17, 2, 13, 14},
    {FONT_THEME_1_FONT_BOLD_32_1BPP_char_3f, 24, 0, 18, 1, 16, 24},
    {FONT_THEME_1_FONT_BOLD_32_1BPP_char_40, 22, 7, 34, 2, 30, 29},
    {FONT_THEME_1_FONT_BOLD_32_1BPP_char_41, 22, 0, 24, 0, 22, 22},
    {FONT_THEME_1_FONT_BOLD_32_1BPP_char_42, 22, 0, 21, 2, 18, 22},
    {FONT_THEME_1_FONT_BOLD_32_1BPP_char_43, 22, 0, 24, 1, 22, 22},
    {FONT_THEME_1_FONT_BOLD_32_1BPP_char_44, 22, 0, 23, 2, 20, 22},
    {FONT_THEME_1_FONT_BOLD_32_1BPP_char_45, 22, 0, 18, 2, 14, 22},
    {FONT_THEME_1_FONT_BOLD_32_1BPP_char_46, 22, 0, 17, 2, 15, 22},
    {FONT_THEME_1_FONT_BOLD_32_1BPP_char_47, 22, 0, 24, 1, 22, 22},
    {FONT_THEME_1_FONT_BOLD_32_1BPP_char_48, 22, 0, 24, 2, 20, 22},
    {FONT_THEME_1_FONT_BOLD_32_1BPP_char_49, 22, 0, 10, 2, 6, 22},
    {FONT_THEME_1_FONT_BOLD_32_1BPP_char_4a, 22, 0, 18, 1, 15, 22},
    {FONT_THEME_1_FONT_BOLD_32_1BPP_char_4b, 22, 0, 22, 2, 20, 22},
    {FONT_THEME_1_FONT_BOLD_32_1BPP_char_4c, 22, 0, 15, 2, 13, 22},
    {FONT_THEME_1_FONT_BOLD_32_1BPP_char_4d, 22, 0, 30, 2, 26, 22},
    {FONT_THEME_1_FONT_BOLD_32_1BPP_char_4e, 22, 0, 24, 2, 20, 22},
    {FONT_THEME_1_FONT_BOLD_32_1BPP_char_4f, 22, 0, 25, 1, 23, 22},
    {FONT_THEME_1_FONT_BOLD_32_1BPP_char_50, 22, 0, 20, 2, 17, 22},
    {FONT_THEME_1_FONT_BOLD_32_1BPP_char_51, 22, 4, 25, 1, 24, 26},
    {FONT_THEME_1_FONT_BOLD_32_1BPP_char_52, 22, 0, 21, 2, 18, 22},
    {FONT_THEME_1_FONT_BOLD_32_1BPP_char_53, 22, 0, 19, 1, 17, 22},
    {FONT_THEME_1_FONT_BOLD_32_1BPP_char_54, 22, 0, 19, 1, 17, 22},
    {FONT_THEME_1_FONT_BOLD_32_1BPP_char_55, 22, 0, 23, 2, 19, 22},
    {FONT_THEME_1_FONT_BOLD_32_1BPP_char_56, 22, 0, 23, 0, 23, 22},
    {FONT_THEME_1_FONT_BOLD_32_1BPP_char_57, 22, 0, 34, 0, 32, 22},
    {FONT_THEME_1_FONT_BOLD_32_1BPP_char_58, 22, 0, 23, 0, 21, 22},
    {FONT_THEME_1_FONT_BOLD_32_1BPP_char_59, 22, 0, 22, 0, 21, 22},
    {FONT_THEME_1_FONT_BOLD_32_1BPP_char_5a, 22, 0, 20, 2, 16, 22},
    {FONT_THEME_1_FONT_BOLD_32_1BPP_char_5b, 29, 7, 16, 4, 10, 36},
    {FONT_THEME_1_FONT_BOLD_32_1BPP_char_5c, 30, 6, 26, 5, 14, 36},
    {FONT_THEME_1_FONT_BOLD_32_1BPP_char_5d, 29, 7, 16, 2, 11, 36},
    {FONT_THEME_1_FONT_BOLD_32_1BPP_char_5e, 22, -5, 23, 0, 21, 17},
    {FONT_THEME_1_FONT_BOLD_32_1BPP_char_5f, -2, 7, 25, 3, 20, 5},
    {FONT_THEME_1_FONT_BOLD_32_1BPP_char_60, 27, -18, 10, 1, 8, 7},
    {FONT_THEME_1_FONT_BOLD_32_1BPP_char_61, 18, 0, 22, 1, 19, 18},
    {FONT_THEME_1_FONT_BOLD_32_1BPP_char_62, 24, 0, 22, 2, 19, 24},
    {FONT_THEME_1_FONT_BOLD_32_1BPP_char_63, 18, 0, 19, 1, 18, 18},
    {FONT_THEME_1_FONT_BOLD_32_1BPP_char_64, 24, 0, 22, 1, 19, 24},
    {FONT_THEME_1_FONT_BOLD_32_1BPP_char_65, 18, 0, 19, 0, 19, 18},
    {FONT_THEME_1_FONT_BOLD_32_1BPP_char_66, 25, 0, 12, 1, 10, 25},
    {FONT_THEME_1_FONT_BOLD_32_1BPP_char_67, 18, 8, 22, 1, 19, 26},
    {FONT_THEME_1_FONT_BOLD_32_1BPP_char_68, 24, 0, 22, 2, 18, 24},
    {FONT_THEME_1_FONT_BOLD_32_1BPP_char_69, 26, 0, 9, 1, 7, 26},
    {FONT_THEME_1_FONT_BOLD_32_1BPP_char_6a, 26, 8, 10, -1, 10, 34},
    {FONT_THEME_1_FONT_BOLD_32_1BPP_char_6b, 24, 0, 20, 2, 18, 24},
    {FONT_THEME_1_FONT_BOLD_32_1BPP_char_6c, 24, 0, 10, 2, 6, 24},
    {FONT_THEME_1_FONT_BOLD_32_1BPP_char_6d, 18, 0, 34, 2, 30, 18},
    {FONT_THEME_1_FONT_BOLD_32_1BPP_char_6e, 18, 0, 22, 2, 18, 18},
    {FONT_THEME_1_FONT_BOLD_32_1BPP_char_6f, 18, 0, 21, 1, 19, 18},
    {FONT_THEME_1_FONT_BOLD_32_1BPP_char_70, 18, 8, 22, 2, 19, 26},
    {FONT_THEME_1_FONT_BOLD_32_1BPP_char_71, 18, 8, 22, 1, 19, 26},
    {FONT_THEME_1_FONT_BOLD_32_1BPP_char_72, 18, 0, 14, 2, 11, 18},
    {FONT_THEME_1_FONT_BOLD_32_1BPP_char_73, 18, 0, 18, 1, 16, 18},
    {FONT_THEME_1_FONT_BOLD_32_1BPP_char_74, 22, 0, 13, 1, 11, 22},
    {FONT_THEME_1_FONT_BOLD_32_1BPP_char_75, 18, 0, 22, 2, 18, 18},
    {FONT_THEME_1_FONT_BOLD_32_1BPP_char_76, 18, 0, 20, 0, 20, 18},
    {FONT_THEME_1_FONT_BOLD_32_1BPP_char_77, 18, 0, 28, 0, 28, 18},
    {FONT_THEME_1_FONT_BOLD_32_1BPP_char_78, 18, 0, 19, 0, 19, 18},
    {FONT_THEME_1_FONT_BOLD_32_1BPP_char_79, 18, 8, 20, -1, 20, 26},
    {FONT_THEME_1_FONT_BOLD_32_1BPP_char_7a, 18, 0, 16, 1, 14, 18},
    {FONT_THEME_1_FONT_BOLD_32_1BPP_char_7b, 29, 7, 16, 2, 12, 36},
    {FONT_THEME_1_FONT_BOLD_32_1BPP_char_7c, 26, 4, 9, 2, 6, 30},
    {FONT_THEME_1_FONT_BOLD_32_1BPP_char_7d, 29, 7, 16, 2, 11, 36},
    {FONT_THEME_1_FONT_BOLD_32_1BPP_char_7e, 14, -7, 20, 0, 18, 7}
};

static GX_CONST GX_FONT THEME_1_FONT_BOLD_32_1BPP = 
{
    GX_FONT_FORMAT_1BPP,                     /* format                         */
    0,                                       /* line pre-space                 */
    0,                                       /* line post-space                */ 
    38,                                      /* font data height               */
    30,                                      /* font baseline offset           */
    0x20,                                    /* first glyph within data page   */
    0x7e,                                    /* last glyph within data page    */
    {THEME_1_FONT_BOLD_32_1BPP_FONT_PAGE_1_GLYPHS},    /* pointer to glyph data */
    GX_NULL                                  /* next font page                 */
};


/* Font THEME_1_FONT_REGULAR_18_1BPP Data Definition                           */

static GX_CONST GX_UBYTE FONT_THEME_1_FONT_REGULAR_18_1BPP_char_20[1] =
{
    0x00
};
static GX_CONST GX_UBYTE FONT_THEME_1_FONT_REGULAR_18_1BPP_char_21[13] =
{
    0xc0, 0xc0, 0xc0, 0xc0, 0xc0, 0xc0, 0xc0, 0xc0, 0xc0, 0x00, 0x00, 0xc0, 0xc0

};
static GX_CONST GX_UBYTE FONT_THEME_1_FONT_REGULAR_18_1BPP_char_22[4] =
{
    0xf0, 0xf0, 0xf0, 0xf0
};
static GX_CONST GX_UBYTE FONT_THEME_1_FONT_REGULAR_18_1BPP_char_23[26] =
{
    0x06, 0x30, 0x04, 0x30, 0x0c, 0x30, 0x7f, 0xfc, 0x0c, 0x60, 0x08, 0x60, 0x18, 
    0x60, 0x18, 0x60, 0xff, 0xf8, 0x10, 0xc0, 0x10, 0xc0, 0x30, 0xc0, 0x30, 0x80

};
static GX_CONST GX_UBYTE FONT_THEME_1_FONT_REGULAR_18_1BPP_char_24[32] =
{
    0x08, 0x00, 0x3e, 0x00, 0x6f, 0x00, 0xcb, 0x00, 0xc8, 0x00, 0xc8, 0x00, 0x78, 
    0x00, 0x3e, 0x00, 0x0f, 0x00, 0x09, 0x80, 0x09, 0x80, 0xc9, 0x80, 0x6b, 0x00, 
    0x3e, 0x00, 0x08, 0x00, 0x08, 0x00
};
static GX_CONST GX_UBYTE FONT_THEME_1_FONT_REGULAR_18_1BPP_char_25[26] =
{
    0x70, 0x40, 0xf8, 0x80, 0xcc, 0x80, 0xcd, 0x00, 0xc9, 0x00, 0x7a, 0x00, 0x02, 
    0x00, 0x04, 0x00, 0x0c, 0xe0, 0x09, 0xb0, 0x19, 0xb0, 0x11, 0xb0, 0x30, 0xe0

};
static GX_CONST GX_UBYTE FONT_THEME_1_FONT_REGULAR_18_1BPP_char_26[26] =
{
    0x1e, 0x00, 0x3f, 0x00, 0x33, 0x00, 0x30, 0x00, 0x10, 0x00, 0x38, 0x00, 0x6c, 
    0x60, 0xc6, 0x60, 0xc3, 0xc0, 0xc1, 0xc0, 0xc1, 0xc0, 0x77, 0x60, 0x3e, 0x30

};
static GX_CONST GX_UBYTE FONT_THEME_1_FONT_REGULAR_18_1BPP_char_27[4] =
{
    0xc0, 0xc0, 0xc0, 0xc0
};
static GX_CONST GX_UBYTE FONT_THEME_1_FONT_REGULAR_18_1BPP_char_28[20] =
{
    0x08, 0x10, 0x30, 0x60, 0x60, 0x40, 0xc0, 0xc0, 0xc0, 0xc0, 0xc0, 0xc0, 0xc0, 
    0xc0, 0x40, 0x60, 0x60, 0x30, 0x30, 0x18
};
static GX_CONST GX_UBYTE FONT_THEME_1_FONT_REGULAR_18_1BPP_char_29[20] =
{
    0xc0, 0x60, 0x30, 0x30, 0x18, 0x18, 0x08, 0x08, 0x0c, 0x0c, 0x0c, 0x0c, 0x0c, 
    0x08, 0x18, 0x18, 0x10, 0x30, 0x60, 0x40
};
static GX_CONST GX_UBYTE FONT_THEME_1_FONT_REGULAR_18_1BPP_char_2a[7] =
{
    0x10, 0x10, 0xfc, 0x10, 0xfc, 0x10, 0x10
};
static GX_CONST GX_UBYTE FONT_THEME_1_FONT_REGULAR_18_1BPP_char_2b[18] =
{
    0x0c, 0x00, 0x0c, 0x00, 0x0c, 0x00, 0x0c, 0x00, 0xff, 0x80, 0x0c, 0x00, 0x0c, 
    0x00, 0x0c, 0x00, 0x0c, 0x00
};
static GX_CONST GX_UBYTE FONT_THEME_1_FONT_REGULAR_18_1BPP_char_2c[5] =
{
    0x60, 0x40, 0x40, 0xc0, 0x80
};
static GX_CONST GX_UBYTE FONT_THEME_1_FONT_REGULAR_18_1BPP_char_2d[1] =
{
    0xfe
};
static GX_CONST GX_UBYTE FONT_THEME_1_FONT_REGULAR_18_1BPP_char_2e[2] =
{
    0xc0, 0xc0
};
static GX_CONST GX_UBYTE FONT_THEME_1_FONT_REGULAR_18_1BPP_char_2f[20] =
{
    0x04, 0x0c, 0x0c, 0x0c, 0x08, 0x08, 0x18, 0x18, 0x10, 0x10, 0x30, 0x30, 0x20, 
    0x20, 0x60, 0x60, 0x40, 0x40, 0xc0, 0xc0
};
static GX_CONST GX_UBYTE FONT_THEME_1_FONT_REGULAR_18_1BPP_char_30[26] =
{
    0x3e, 0x00, 0x77, 0x00, 0x41, 0x00, 0xc1, 0x80, 0xc1, 0x80, 0xc1, 0x80, 0xc1, 
    0x80, 0xc1, 0x80, 0xc1, 0x80, 0xc1, 0x80, 0x41, 0x00, 0x77, 0x00, 0x3e, 0x00

};
static GX_CONST GX_UBYTE FONT_THEME_1_FONT_REGULAR_18_1BPP_char_31[13] =
{
    0xf0, 0x30, 0x30, 0x30, 0x30, 0x30, 0x30, 0x30, 0x30, 0x30, 0x30, 0x30, 0x30

};
static GX_CONST GX_UBYTE FONT_THEME_1_FONT_REGULAR_18_1BPP_char_32[26] =
{
    0x3c, 0x00, 0x76, 0x00, 0xc3, 0x00, 0xc3, 0x00, 0x03, 0x00, 0x03, 0x00, 0x06, 
    0x00, 0x06, 0x00, 0x0c, 0x00, 0x18, 0x00, 0x30, 0x00, 0xe0, 0x00, 0xff, 0x80

};
static GX_CONST GX_UBYTE FONT_THEME_1_FONT_REGULAR_18_1BPP_char_33[26] =
{
    0x3e, 0x00, 0x77, 0x00, 0xc1, 0x80, 0x01, 0x80, 0x03, 0x00, 0x1c, 0x00, 0x07, 
    0x00, 0x01, 0x00, 0x01, 0x80, 0xc1, 0x80, 0xc1, 0x00, 0x77, 0x00, 0x3e, 0x00

};
static GX_CONST GX_UBYTE FONT_THEME_1_FONT_REGULAR_18_1BPP_char_34[26] =
{
    0x03, 0x00, 0x07, 0x00, 0x0f, 0x00, 0x0b, 0x00, 0x1b, 0x00, 0x33, 0x00, 0x23, 
    0x00, 0x63, 0x00, 0xc3, 0x00, 0xff, 0xc0, 0x03, 0x00, 0x03, 0x00, 0x03, 0x00

};
static GX_CONST GX_UBYTE FONT_THEME_1_FONT_REGULAR_18_1BPP_char_35[26] =
{
    0xff, 0x00, 0xc0, 0x00, 0xc0, 0x00, 0xc0, 0x00, 0xfe, 0x00, 0xf7, 0x00, 0xc1, 
    0x00, 0x01, 0x80, 0x01, 0x80, 0xc1, 0x80, 0xc3, 0x00, 0x77, 0x00, 0x3c, 0x00

};
static GX_CONST GX_UBYTE FONT_THEME_1_FONT_REGULAR_18_1BPP_char_36[26] =
{
    0x3e, 0x00, 0x77, 0x00, 0x41, 0x00, 0xc0, 0x00, 0xde, 0x00, 0xf3, 0x00, 0xc1, 
    0x80, 0xc1, 0x80, 0xc1, 0x80, 0xc1, 0x80, 0x41, 0x80, 0x77, 0x00, 0x3e, 0x00

};
static GX_CONST GX_UBYTE FONT_THEME_1_FONT_REGULAR_18_1BPP_char_37[26] =
{
    0xff, 0x80, 0x01, 0x80, 0x01, 0x00, 0x03, 0x00, 0x03, 0x00, 0x06, 0x00, 0x06, 
    0x00, 0x04, 0x00, 0x0c, 0x00, 0x08, 0x00, 0x18, 0x00, 0x10, 0x00, 0x30, 0x00

};
static GX_CONST GX_UBYTE FONT_THEME_1_FONT_REGULAR_18_1BPP_char_38[26] =
{
    0x3e, 0x00, 0x77, 0x80, 0xc1, 0x80, 0xc1, 0x80, 0x63, 0x00, 0x3e, 0x00, 0x63, 
    0x00, 0xc1, 0x80, 0xc1, 0x80, 0xc1, 0x80, 0xc1, 0x80, 0x77, 0x00, 0x3e, 0x00

};
static GX_CONST GX_UBYTE FONT_THEME_1_FONT_REGULAR_18_1BPP_char_39[26] =
{
    0x3e, 0x00, 0x77, 0x00, 0xc1, 0x00, 0xc1, 0x80, 0xc1, 0x80, 0xc1, 0x80, 0x63, 
    0x80, 0x7f, 0x80, 0x01, 0x80, 0xc1, 0x80, 0x41, 0x00, 0x77, 0x00, 0x3e, 0x00

};
static GX_CONST GX_UBYTE FONT_THEME_1_FONT_REGULAR_18_1BPP_char_3a[10] =
{
    0xc0, 0xc0, 0x00, 0x00, 0x00, 0x00, 0x00, 0x00, 0xc0, 0xc0
};
static GX_CONST GX_UBYTE FONT_THEME_1_FONT_REGULAR_18_1BPP_char_3b[12] =
{
    0x60, 0x60, 0x00, 0x00, 0x00, 0x00, 0x00, 0x60, 0x40, 0x40, 0x40, 0x80
};
static GX_CONST GX_UBYTE FONT_THEME_1_FONT_REGULAR_18_1BPP_char_3c[8] =
{
    0x18, 0x30, 0x60, 0xc0, 0xc0, 0x60, 0x30, 0x18
};
static GX_CONST GX_UBYTE FONT_THEME_1_FONT_REGULAR_18_1BPP_char_3d[10] =
{
    0xff, 0x80, 0x00, 0x00, 0x00, 0x00, 0x00, 0x00, 0xff, 0x80
};
static GX_CONST GX_UBYTE FONT_THEME_1_FONT_REGULAR_18_1BPP_char_3e[8] =
{
    0xc0, 0x60, 0x38, 0x0c, 0x1c, 0x30, 0x60, 0xc0
};
static GX_CONST GX_UBYTE FONT_THEME_1_FONT_REGULAR_18_1BPP_char_3f[13] =
{
    0x3c, 0x6e, 0xc3, 0x03, 0x03, 0x07, 0x3e, 0x30, 0x30, 0x00, 0x00, 0x30, 0x30

};
static GX_CONST GX_UBYTE FONT_THEME_1_FONT_REGULAR_18_1BPP_char_40[30] =
{
    0x03, 0xf0, 0x0e, 0x3c, 0x18, 0x0e, 0x30, 0x06, 0x63, 0xf2, 0x46, 0x63, 0xcc, 
    0x23, 0xd8, 0x23, 0xd8, 0x22, 0xd8, 0x66, 0xcc, 0xa4, 0xcf, 0x38, 0x60, 0x00, 
    0x30, 0x40, 0x1f, 0xc0
};
static GX_CONST GX_UBYTE FONT_THEME_1_FONT_REGULAR_18_1BPP_char_41[26] =
{
    0x0c, 0x00, 0x0e, 0x00, 0x1e, 0x00, 0x1a, 0x00, 0x13, 0x00, 0x33, 0x00, 0x31, 
    0x00, 0x61, 0x80, 0x61, 0x80, 0x7f, 0x80, 0xc0, 0xc0, 0xc0, 0xc0, 0xc0, 0x40

};
static GX_CONST GX_UBYTE FONT_THEME_1_FONT_REGULAR_18_1BPP_char_42[26] =
{
    0xfe, 0x00, 0xc7, 0x00, 0xc1, 0x80, 0xc1, 0x80, 0xc1, 0x80, 0xc3, 0x00, 0xfe, 
    0x00, 0xc3, 0x00, 0xc1, 0x00, 0xc1, 0x80, 0xc1, 0x80, 0xc7, 0x00, 0xfe, 0x00

};
static GX_CONST GX_UBYTE FONT_THEME_1_FONT_REGULAR_18_1BPP_char_43[26] =
{
    0x0f, 0x80, 0x3d, 0xc0, 0x60, 0x60, 0x40, 0x30, 0xc0, 0x00, 0xc0, 0x00, 0xc0, 
    0x00, 0xc0, 0x00, 0xc0, 0x00, 0x40, 0x30, 0x60, 0x60, 0x3d, 0xe0, 0x0f, 0x80

};
static GX_CONST GX_UBYTE FONT_THEME_1_FONT_REGULAR_18_1BPP_char_44[26] =
{
    0xfe, 0x00, 0xcf, 0x80, 0xc1, 0xc0, 0xc0, 0xc0, 0xc0, 0x40, 0xc0, 0x60, 0xc0, 
    0x60, 0xc0, 0x60, 0xc0, 0x40, 0xc0, 0xc0, 0xc1, 0xc0, 0xcf, 0x80, 0xfe, 0x00

};
static GX_CONST GX_UBYTE FONT_THEME_1_FONT_REGULAR_18_1BPP_char_45[13] =
{
    0xfe, 0xc0, 0xc0, 0xc0, 0xc0, 0xc0, 0xfc, 0xc0, 0xc0, 0xc0, 0xc0, 0xc0, 0xfe

};
static GX_CONST GX_UBYTE FONT_THEME_1_FONT_REGULAR_18_1BPP_char_46[13] =
{
    0xfe, 0xc0, 0xc0, 0xc0, 0xc0, 0xc0, 0xfc, 0xc0, 0xc0, 0xc0, 0xc0, 0xc0, 0xc0

};
static GX_CONST GX_UBYTE FONT_THEME_1_FONT_REGULAR_18_1BPP_char_47[26] =
{
    0x0f, 0x80, 0x3d, 0xe0, 0x60, 0x30, 0x40, 0x30, 0xc0, 0x00, 0xc0, 0x00, 0xc3, 
    0xf8, 0xc0, 0x18, 0xc0, 0x18, 0x40, 0x30, 0x60, 0x30, 0x3d, 0xe0, 0x0f, 0x80

};
static GX_CONST GX_UBYTE FONT_THEME_1_FONT_REGULAR_18_1BPP_char_48[26] =
{
    0xc0, 0xc0, 0xc0, 0xc0, 0xc0, 0xc0, 0xc0, 0xc0, 0xc0, 0xc0, 0xc0, 0xc0, 0xff, 
    0xc0, 0xc0, 0xc0, 0xc0, 0xc0, 0xc0, 0xc0, 0xc0, 0xc0, 0xc0, 0xc0, 0xc0, 0xc0

};
static GX_CONST GX_UBYTE FONT_THEME_1_FONT_REGULAR_18_1BPP_char_49[13] =
{
    0xc0, 0xc0, 0xc0, 0xc0, 0xc0, 0xc0, 0xc0, 0xc0, 0xc0, 0xc0, 0xc0, 0xc0, 0xc0

};
static GX_CONST GX_UBYTE FONT_THEME_1_FONT_REGULAR_18_1BPP_char_4a[13] =
{
    0x06, 0x06, 0x06, 0x06, 0x06, 0x06, 0x06, 0x06, 0x06, 0xc6, 0xc6, 0x6c, 0x38

};
static GX_CONST GX_UBYTE FONT_THEME_1_FONT_REGULAR_18_1BPP_char_4b[26] =
{
    0xc3, 0x00, 0xc3, 0x00, 0xc6, 0x00, 0xcc, 0x00, 0xd8, 0x00, 0xf0, 0x00, 0xe0, 
    0x00, 0xf0, 0x00, 0xd8, 0x00, 0xcc, 0x00, 0xc6, 0x00, 0xc3, 0x00, 0xc3, 0x80

};
static GX_CONST GX_UBYTE FONT_THEME_1_FONT_REGULAR_18_1BPP_char_4c[13] =
{
    0xc0, 0xc0, 0xc0, 0xc0, 0xc0, 0xc0, 0xc0, 0xc0, 0xc0, 0xc0, 0xc0, 0xc0, 0xfc

};
static GX_CONST GX_UBYTE FONT_THEME_1_FONT_REGULAR_18_1BPP_char_4d[26] =
{
    0xc0, 0x18, 0xc0, 0x38, 0xe0, 0x38, 0xe0, 0x78, 0xf0, 0x78, 0xd0, 0x58, 0xd8, 
    0xd8, 0xd8, 0x98, 0xc9, 0x98, 0xcd, 0x18, 0xc7, 0x18, 0xc7, 0x18, 0xc2, 0x18

};
static GX_CONST GX_UBYTE FONT_THEME_1_FONT_REGULAR_18_1BPP_char_4e[26] =
{
    0xc0, 0xc0, 0xe0, 0xc0, 0xe0, 0xc0, 0xf0, 0xc0, 0xd8, 0xc0, 0xd8, 0xc0, 0xcc, 
    0xc0, 0xc6, 0xc0, 0xc6, 0xc0, 0xc3, 0xc0, 0xc1, 0xc0, 0xc1, 0xc0, 0xc0, 0xc0

};
static GX_CONST GX_UBYTE FONT_THEME_1_FONT_REGULAR_18_1BPP_char_4f[26] =
{
    0x0f, 0x80, 0x3d, 0xc0, 0x60, 0x60, 0x40, 0x30, 0xc0, 0x10, 0xc0, 0x18, 0xc0, 
    0x18, 0xc0, 0x18, 0xc0, 0x10, 0x40, 0x30, 0x60, 0x60, 0x3d, 0xc0, 0x0f, 0x80

};
static GX_CONST GX_UBYTE FONT_THEME_1_FONT_REGULAR_18_1BPP_char_50[26] =
{
    0xfe, 0x00, 0xc7, 0x00, 0xc1, 0x00, 0xc1, 0x80, 0xc1, 0x80, 0xc1, 0x00, 0xc3, 
    0x00, 0xfe, 0x00, 0xc0, 0x00, 0xc0, 0x00, 0xc0, 0x00, 0xc0, 0x00, 0xc0, 0x00

};
static GX_CONST GX_UBYTE FONT_THEME_1_FONT_REGULAR_18_1BPP_char_51[30] =
{
    0x0f, 0x80, 0x3d, 0xc0, 0x60, 0x60, 0x40, 0x30, 0xc0, 0x10, 0xc0, 0x18, 0xc0, 
    0x18, 0xc0, 0x18, 0xc0, 0x10, 0x40, 0x30, 0x60, 0x60, 0x3d, 0xc0, 0x0f, 0xc0, 
    0x00, 0x60, 0x00, 0x30
};
static GX_CONST GX_UBYTE FONT_THEME_1_FONT_REGULAR_18_1BPP_char_52[26] =
{
    0xfe, 0x00, 0xc7, 0x00, 0xc1, 0x00, 0xc1, 0x80, 0xc1, 0x80, 0xc1, 0x00, 0xc3, 
    0x00, 0xfe, 0x00, 0xcc, 0x00, 0xc6, 0x00, 0xc6, 0x00, 0xc3, 0x00, 0xc1, 0x80

};
static GX_CONST GX_UBYTE FONT_THEME_1_FONT_REGULAR_18_1BPP_char_53[26] =
{
    0x3e, 0x00, 0x67, 0x00, 0xc3, 0x00, 0xc0, 0x00, 0xc0, 0x00, 0x70, 0x00, 0x3e, 
    0x00, 0x07, 0x00, 0x01, 0x80, 0xc1, 0x80, 0xc1, 0x00, 0x77, 0x00, 0x3e, 0x00

};
static GX_CONST GX_UBYTE FONT_THEME_1_FONT_REGULAR_18_1BPP_char_54[26] =
{
    0xff, 0x80, 0x18, 0x00, 0x18, 0x00, 0x18, 0x00, 0x18, 0x00, 0x18, 0x00, 0x18, 
    0x00, 0x18, 0x00, 0x18, 0x00, 0x18, 0x00, 0x18, 0x00, 0x18, 0x00, 0x18, 0x00

};
static GX_CONST GX_UBYTE FONT_THEME_1_FONT_REGULAR_18_1BPP_char_55[26] =
{
    0xc0, 0xc0, 0xc0, 0xc0, 0xc0, 0xc0, 0xc0, 0xc0, 0xc0, 0xc0, 0xc0, 0xc0, 0xc0, 
    0xc0, 0xc0, 0xc0, 0xc0, 0xc0, 0xc0, 0xc0, 0xc1, 0x80, 0x77, 0x80, 0x3e, 0x00

};
static GX_CONST GX_UBYTE FONT_THEME_1_FONT_REGULAR_18_1BPP_char_56[26] =
{
    0x40, 0x30, 0x60, 0x60, 0x60, 0x60, 0x20, 0x40, 0x30, 0xc0, 0x30, 0xc0, 0x10, 
    0x80, 0x19, 0x80, 0x19, 0x80, 0x09, 0x00, 0x0f, 0x00, 0x07, 0x00, 0x06, 0x00

};
static GX_CONST GX_UBYTE FONT_THEME_1_FONT_REGULAR_18_1BPP_char_57[39] =
{
    0x40, 0xc1, 0x80, 0x61, 0xc1, 0x80, 0x61, 0xc1, 0x00, 0x61, 0x61, 0x00, 0x21, 
    0x63, 0x00, 0x33, 0x23, 0x00, 0x33, 0x22, 0x00, 0x32, 0x32, 0x00, 0x12, 0x36, 
    0x00, 0x1e, 0x16, 0x00, 0x1c, 0x1c, 0x00, 0x0c, 0x1c, 0x00, 0x0c, 0x0c, 0x00

};
static GX_CONST GX_UBYTE FONT_THEME_1_FONT_REGULAR_18_1BPP_char_58[26] =
{
    0xc1, 0x80, 0x61, 0x80, 0x63, 0x00, 0x32, 0x00, 0x36, 0x00, 0x1c, 0x00, 0x0c, 
    0x00, 0x1c, 0x00, 0x36, 0x00, 0x36, 0x00, 0x63, 0x00, 0x61, 0x00, 0xc1, 0x80

};
static GX_CONST GX_UBYTE FONT_THEME_1_FONT_REGULAR_18_1BPP_char_59[26] =
{
    0xc0, 0xc0, 0x41, 0x80, 0x61, 0x80, 0x23, 0x00, 0x33, 0x00, 0x16, 0x00, 0x1c, 
    0x00, 0x0c, 0x00, 0x0c, 0x00, 0x0c, 0x00, 0x0c, 0x00, 0x0c, 0x00, 0x0c, 0x00

};
static GX_CONST GX_UBYTE FONT_THEME_1_FONT_REGULAR_18_1BPP_char_5a[13] =
{
    0xff, 0x03, 0x06, 0x06, 0x0c, 0x0c, 0x18, 0x30, 0x30, 0x60, 0x60, 0xc0, 0xff

};
static GX_CONST GX_UBYTE FONT_THEME_1_FONT_REGULAR_18_1BPP_char_5b[20] =
{
    0xe0, 0xc0, 0xc0, 0xc0, 0xc0, 0xc0, 0xc0, 0xc0, 0xc0, 0xc0, 0xc0, 0xc0, 0xc0, 
    0xc0, 0xc0, 0xc0, 0xc0, 0xc0, 0xc0, 0xe0
};
static GX_CONST GX_UBYTE FONT_THEME_1_FONT_REGULAR_18_1BPP_char_5c[20] =
{
    0xc0, 0x40, 0x60, 0x60, 0x20, 0x30, 0x30, 0x30, 0x10, 0x18, 0x18, 0x08, 0x0c, 
    0x0c, 0x0c, 0x04, 0x06, 0x06, 0x02, 0x02
};
static GX_CONST GX_UBYTE FONT_THEME_1_FONT_REGULAR_18_1BPP_char_5d[20] =
{
    0xf0, 0x30, 0x30, 0x30, 0x30, 0x30, 0x30, 0x30, 0x30, 0x30, 0x30, 0x30, 0x30, 
    0x30, 0x30, 0x30, 0x30, 0x30, 0x30, 0xf0
};
static GX_CONST GX_UBYTE FONT_THEME_1_FONT_REGULAR_18_1BPP_char_5e[20] =
{
    0x08, 0x00, 0x1c, 0x00, 0x1c, 0x00, 0x16, 0x00, 0x32, 0x00, 0x23, 0x00, 0x63, 
    0x00, 0x41, 0x80, 0xc1, 0x80, 0xc0, 0x80
};
static GX_CONST GX_UBYTE FONT_THEME_1_FONT_REGULAR_18_1BPP_char_5f[2] =
{
    0xff, 0xc0
};
static GX_CONST GX_UBYTE FONT_THEME_1_FONT_REGULAR_18_1BPP_char_60[3] =
{
    0x80, 0xe0, 0x30
};
static GX_CONST GX_UBYTE FONT_THEME_1_FONT_REGULAR_18_1BPP_char_61[20] =
{
    0x1e, 0xc0, 0x7f, 0xc0, 0x61, 0xc0, 0xc0, 0xc0, 0xc0, 0xc0, 0xc0, 0xc0, 0xc0, 
    0xc0, 0x61, 0xc0, 0x7f, 0xc0, 0x3e, 0xc0
};
static GX_CONST GX_UBYTE FONT_THEME_1_FONT_REGULAR_18_1BPP_char_62[26] =
{
    0xc0, 0x00, 0xc0, 0x00, 0xc0, 0x00, 0xde, 0x00, 0xff, 0x80, 0xe1, 0x80, 0xc0, 
    0xc0, 0xc0, 0xc0, 0xc0, 0xc0, 0xc0, 0xc0, 0xe1, 0x80, 0xff, 0x80, 0xdf, 0x00

};
static GX_CONST GX_UBYTE FONT_THEME_1_FONT_REGULAR_18_1BPP_char_63[20] =
{
    0x1e, 0x00, 0x77, 0x00, 0x41, 0x80, 0xc0, 0x00, 0xc0, 0x00, 0xc0, 0x00, 0xc0, 
    0x00, 0x41, 0x80, 0x77, 0x00, 0x3e, 0x00
};
static GX_CONST GX_UBYTE FONT_THEME_1_FONT_REGULAR_18_1BPP_char_64[26] =
{
    0x00, 0xc0, 0x00, 0xc0, 0x00, 0xc0, 0x1e, 0xc0, 0x7f, 0xc0, 0x61, 0xc0, 0xc0, 
    0xc0, 0xc0, 0xc0, 0xc0, 0xc0, 0xc0, 0xc0, 0x61, 0xc0, 0x7f, 0xc0, 0x3e, 0xc0

};
static GX_CONST GX_UBYTE FONT_THEME_1_FONT_REGULAR_18_1BPP_char_65[20] =
{
    0x1e, 0x00, 0x77, 0x80, 0x40, 0x80, 0xc0, 0xc0, 0xff, 0xc0, 0xc0, 0x00, 0xc0, 
    0x00, 0x41, 0x80, 0x77, 0x00, 0x1e, 0x00
};
static GX_CONST GX_UBYTE FONT_THEME_1_FONT_REGULAR_18_1BPP_char_66[13] =
{
    0x38, 0x78, 0x60, 0xf8, 0x60, 0x60, 0x60, 0x60, 0x60, 0x60, 0x60, 0x60, 0x60

};
static GX_CONST GX_UBYTE FONT_THEME_1_FONT_REGULAR_18_1BPP_char_67[30] =
{
    0x1e, 0xc0, 0x7f, 0xc0, 0x61, 0xc0, 0xc0, 0xc0, 0xc0, 0xc0, 0xc0, 0xc0, 0xc0, 
    0xc0, 0x61, 0xc0, 0x7f, 0xc0, 0x3e, 0xc0, 0x00, 0xc0, 0x40, 0xc0, 0x60, 0xc0, 
    0x7b, 0x80, 0x1f, 0x00
};
static GX_CONST GX_UBYTE FONT_THEME_1_FONT_REGULAR_18_1BPP_char_68[26] =
{
    0xc0, 0x00, 0xc0, 0x00, 0xc0, 0x00, 0xde, 0x00, 0xf7, 0x00, 0xc1, 0x80, 0xc1, 
    0x80, 0xc1, 0x80, 0xc1, 0x80, 0xc1, 0x80, 0xc1, 0x80, 0xc1, 0x80, 0xc1, 0x80

};
static GX_CONST GX_UBYTE FONT_THEME_1_FONT_REGULAR_18_1BPP_char_69[13] =
{
    0xc0, 0xc0, 0x00, 0xc0, 0xc0, 0xc0, 0xc0, 0xc0, 0xc0, 0xc0, 0xc0, 0xc0, 0xc0

};
static GX_CONST GX_UBYTE FONT_THEME_1_FONT_REGULAR_18_1BPP_char_6a[18] =
{
    0x30, 0x30, 0x00, 0x30, 0x30, 0x30, 0x30, 0x30, 0x30, 0x30, 0x30, 0x30, 0x30, 
    0x30, 0x30, 0x30, 0x70, 0xe0
};
static GX_CONST GX_UBYTE FONT_THEME_1_FONT_REGULAR_18_1BPP_char_6b[13] =
{
    0xc0, 0xc0, 0xc0, 0xc6, 0xcc, 0xd8, 0xf8, 0xf0, 0xf0, 0xf8, 0xd8, 0xcc, 0xc6

};
static GX_CONST GX_UBYTE FONT_THEME_1_FONT_REGULAR_18_1BPP_char_6c[13] =
{
    0xc0, 0xc0, 0xc0, 0xc0, 0xc0, 0xc0, 0xc0, 0xc0, 0xc0, 0xc0, 0xc0, 0xc0, 0xc0

};
static GX_CONST GX_UBYTE FONT_THEME_1_FONT_REGULAR_18_1BPP_char_6d[20] =
{
    0xde, 0x3c, 0xf7, 0x6e, 0xc3, 0x86, 0xc1, 0x83, 0xc1, 0x83, 0xc1, 0x83, 0xc1, 
    0x83, 0xc1, 0x83, 0xc1, 0x83, 0xc1, 0x83
};
static GX_CONST GX_UBYTE FONT_THEME_1_FONT_REGULAR_18_1BPP_char_6e[20] =
{
    0xde, 0x00, 0xf7, 0x00, 0xc1, 0x80, 0xc1, 0x80, 0xc1, 0x80, 0xc1, 0x80, 0xc1, 
    0x80, 0xc1, 0x80, 0xc1, 0x80, 0xc1, 0x80
};
static GX_CONST GX_UBYTE FONT_THEME_1_FONT_REGULAR_18_1BPP_char_6f[20] =
{
    0x1e, 0x00, 0x7f, 0x80, 0x41, 0x80, 0xc0, 0xc0, 0xc0, 0xc0, 0xc0, 0xc0, 0xc0, 
    0xc0, 0x41, 0x80, 0x7f, 0x80, 0x1e, 0x00
};
static GX_CONST GX_UBYTE FONT_THEME_1_FONT_REGULAR_18_1BPP_char_70[30] =
{
    0xde, 0x00, 0xff, 0x80, 0xe1, 0x80, 0xc0, 0xc0, 0xc0, 0xc0, 0xc0, 0xc0, 0xc0, 
    0xc0, 0xe1, 0x80, 0xff, 0x80, 0xdf, 0x00, 0xc0, 0x00, 0xc0, 0x00, 0xc0, 0x00, 
    0xc0, 0x00, 0xc0, 0x00
};
static GX_CONST GX_UBYTE FONT_THEME_1_FONT_REGULAR_18_1BPP_char_71[30] =
{
    0x1e, 0xc0, 0x7f, 0xc0, 0x61, 0xc0, 0xc0, 0xc0, 0xc0, 0xc0, 0xc0, 0xc0, 0xc0, 
    0xc0, 0x61, 0xc0, 0x7f, 0xc0, 0x3e, 0xc0, 0x00, 0xc0, 0x00, 0xc0, 0x00, 0xc0, 
    0x00, 0xc0, 0x00, 0xc0
};
static GX_CONST GX_UBYTE FONT_THEME_1_FONT_REGULAR_18_1BPP_char_72[10] =
{
    0xd8, 0xf0, 0xc0, 0xc0, 0xc0, 0xc0, 0xc0, 0xc0, 0xc0, 0xc0
};
static GX_CONST GX_UBYTE FONT_THEME_1_FONT_REGULAR_18_1BPP_char_73[10] =
{
    0x3c, 0xee, 0xc3, 0xc0, 0x70, 0x1e, 0x03, 0xc3, 0xfe, 0x3c
};
static GX_CONST GX_UBYTE FONT_THEME_1_FONT_REGULAR_18_1BPP_char_74[13] =
{
    0x60, 0x60, 0x60, 0xf8, 0x60, 0x60, 0x60, 0x60, 0x60, 0x60, 0x60, 0x70, 0x38

};
static GX_CONST GX_UBYTE FONT_THEME_1_FONT_REGULAR_18_1BPP_char_75[20] =
{
    0xc1, 0x80, 0xc1, 0x80, 0xc1, 0x80, 0xc1, 0x80, 0xc1, 0x80, 0xc1, 0x80, 0xc1, 
    0x80, 0xc1, 0x80, 0x77, 0x80, 0x3d, 0x80
};
static GX_CONST GX_UBYTE FONT_THEME_1_FONT_REGULAR_18_1BPP_char_76[20] =
{
    0xc0, 0xc0, 0x60, 0x80, 0x61, 0x80, 0x21, 0x80, 0x33, 0x00, 0x33, 0x00, 0x12, 
    0x00, 0x1e, 0x00, 0x0e, 0x00, 0x0c, 0x00
};
static GX_CONST GX_UBYTE FONT_THEME_1_FONT_REGULAR_18_1BPP_char_77[20] =
{
    0xc3, 0x04, 0x43, 0x8c, 0x63, 0x8c, 0x62, 0x88, 0x26, 0xc8, 0x24, 0xd8, 0x34, 
    0x58, 0x1c, 0x50, 0x18, 0x70, 0x18, 0x30
};
static GX_CONST GX_UBYTE FONT_THEME_1_FONT_REGULAR_18_1BPP_char_78[10] =
{
    0x43, 0x62, 0x36, 0x34, 0x18, 0x1c, 0x3c, 0x26, 0x62, 0x43
};
static GX_CONST GX_UBYTE FONT_THEME_1_FONT_REGULAR_18_1BPP_char_79[30] =
{
    0xc0, 0xc0, 0x60, 0x80, 0x61, 0x80, 0x21, 0x00, 0x31, 0x00, 0x33, 0x00, 0x12, 
    0x00, 0x1e, 0x00, 0x0e, 0x00, 0x0c, 0x00, 0x0c, 0x00, 0x08, 0x00, 0x18, 0x00, 
    0x18, 0x00, 0x30, 0x00
};
static GX_CONST GX_UBYTE FONT_THEME_1_FONT_REGULAR_18_1BPP_char_7a[10] =
{
    0xfe, 0x06, 0x0c, 0x0c, 0x18, 0x30, 0x60, 0x60, 0xc0, 0xfe
};
static GX_CONST GX_UBYTE FONT_THEME_1_FONT_REGULAR_18_1BPP_char_7b[20] =
{
    0x1c, 0x30, 0x30, 0x30, 0x30, 0x30, 0x30, 0x30, 0x30, 0xe0, 0xe0, 0x30, 0x30, 
    0x30, 0x30, 0x30, 0x30, 0x30, 0x30, 0x1c
};
static GX_CONST GX_UBYTE FONT_THEME_1_FONT_REGULAR_18_1BPP_char_7c[16] =
{
    0xc0, 0xc0, 0xc0, 0xc0, 0xc0, 0xc0, 0xc0, 0xc0, 0xc0, 0xc0, 0xc0, 0xc0, 0xc0, 
    0xc0, 0xc0, 0xc0
};
static GX_CONST GX_UBYTE FONT_THEME_1_FONT_REGULAR_18_1BPP_char_7d[20] =
{
    0xe0, 0x30, 0x30, 0x30, 0x30, 0x30, 0x30, 0x30, 0x30, 0x1c, 0x1c, 0x30, 0x30, 
    0x30, 0x30, 0x30, 0x30, 0x30, 0x30, 0xe0
};
static GX_CONST GX_UBYTE FONT_THEME_1_FONT_REGULAR_18_1BPP_char_7e[2] =
{
    0x73, 0x9e
};
static GX_CONST GX_GLYPH THEME_1_FONT_REGULAR_18_1BPP_FONT_PAGE_1_GLYPHS[95] =
{
    {FONT_THEME_1_FONT_REGULAR_18_1BPP_char_20, 0, 0, 5, 0, 1, 1},
    {FONT_THEME_1_FONT_REGULAR_18_1BPP_char_21, 13, 0, 6, 2, 2, 13},
    {FONT_THEME_1_FONT_REGULAR_18_1BPP_char_22, 15, -11, 6, 1, 4, 4},
    {FONT_THEME_1_FONT_REGULAR_18_1BPP_char_23, 13, 0, 16, 1, 14, 13},
    {FONT_THEME_1_FONT_REGULAR_18_1BPP_char_24, 14, 2, 11, 1, 9, 16},
    {FONT_THEME_1_FONT_REGULAR_18_1BPP_char_25, 13, 0, 14, 1, 12, 13},
    {FONT_THEME_1_FONT_REGULAR_18_1BPP_char_26, 13, 0, 13, 1, 12, 13},
    {FONT_THEME_1_FONT_REGULAR_18_1BPP_char_27, 15, -11, 3, 1, 2, 4},
    {FONT_THEME_1_FONT_REGULAR_18_1BPP_char_28, 17, 3, 8, 2, 6, 20},
    {FONT_THEME_1_FONT_REGULAR_18_1BPP_char_29, 17, 3, 9, 1, 6, 20},
    {FONT_THEME_1_FONT_REGULAR_18_1BPP_char_2a, 13, -6, 9, 1, 7, 7},
    {FONT_THEME_1_FONT_REGULAR_18_1BPP_char_2b, 11, -2, 13, 2, 9, 9},
    {FONT_THEME_1_FONT_REGULAR_18_1BPP_char_2c, 2, 3, 4, -1, 3, 5},
    {FONT_THEME_1_FONT_REGULAR_18_1BPP_char_2d, 8, -5, 10, 1, 7, 1},
    {FONT_THEME_1_FONT_REGULAR_18_1BPP_char_2e, 3, 0, 3, 1, 2, 2},
    {FONT_THEME_1_FONT_REGULAR_18_1BPP_char_2f, 17, 3, 9, 0, 7, 20},
    {FONT_THEME_1_FONT_REGULAR_18_1BPP_char_30, 13, 0, 11, 1, 9, 13},
    {FONT_THEME_1_FONT_REGULAR_18_1BPP_char_31, 13, 0, 5, 0, 4, 13},
    {FONT_THEME_1_FONT_REGULAR_18_1BPP_char_32, 13, 0, 11, 1, 9, 13},
    {FONT_THEME_1_FONT_REGULAR_18_1BPP_char_33, 13, 0, 11, 0, 9, 13},
    {FONT_THEME_1_FONT_REGULAR_18_1BPP_char_34, 13, 0, 12, 1, 10, 13},
    {FONT_THEME_1_FONT_REGULAR_18_1BPP_char_35, 13, 0, 12, 1, 9, 13},
    {FONT_THEME_1_FONT_REGULAR_18_1BPP_char_36, 13, 0, 11, 1, 9, 13},
    {FONT_THEME_1_FONT_REGULAR_18_1BPP_char_37, 13, 0, 11, 1, 9, 13},
    {FONT_THEME_1_FONT_REGULAR_18_1BPP_char_38, 13, 0, 11, 1, 9, 13},
    {FONT_THEME_1_FONT_REGULAR_18_1BPP_char_39, 13, 0, 11, 1, 9, 13},
    {FONT_THEME_1_FONT_REGULAR_18_1BPP_char_3a, 10, 0, 4, 1, 2, 10},
    {FONT_THEME_1_FONT_REGULAR_18_1BPP_char_3b, 10, 3, 4, 0, 3, 12},
    {FONT_THEME_1_FONT_REGULAR_18_1BPP_char_3c, 10, -2, 10, 1, 6, 8},
    {FONT_THEME_1_FONT_REGULAR_18_1BPP_char_3d, 10, -3, 13, 2, 9, 5},
    {FONT_THEME_1_FONT_REGULAR_18_1BPP_char_3e, 10, -2, 10, 1, 6, 8},
    {FONT_THEME_1_FONT_REGULAR_18_1BPP_char_3f, 13, 0, 10, 1, 8, 13},
    {FONT_THEME_1_FONT_REGULAR_18_1BPP_char_40, 13, 4, 18, 1, 16, 15},
    {FONT_THEME_1_FONT_REGULAR_18_1BPP_char_41, 13, 0, 12, 0, 11, 13},
    {FONT_THEME_1_FONT_REGULAR_18_1BPP_char_42, 13, 0, 11, 1, 9, 13},
    {FONT_THEME_1_FONT_REGULAR_18_1BPP_char_43, 13, 0, 14, 1, 12, 13},
    {FONT_THEME_1_FONT_REGULAR_18_1BPP_char_44, 13, 0, 12, 1, 11, 13},
    {FONT_THEME_1_FONT_REGULAR_18_1BPP_char_45, 13, 0, 9, 1, 7, 13},
    {FONT_THEME_1_FONT_REGULAR_18_1BPP_char_46, 13, 0, 9, 1, 7, 13},
    {FONT_THEME_1_FONT_REGULAR_18_1BPP_char_47, 13, 0, 15, 1, 13, 13},
    {FONT_THEME_1_FONT_REGULAR_18_1BPP_char_48, 13, 0, 12, 1, 10, 13},
    {FONT_THEME_1_FONT_REGULAR_18_1BPP_char_49, 13, 0, 4, 1, 2, 13},
    {FONT_THEME_1_FONT_REGULAR_18_1BPP_char_4a, 13, 0, 10, 1, 7, 13},
    {FONT_THEME_1_FONT_REGULAR_18_1BPP_char_4b, 13, 0, 10, 1, 9, 13},
    {FONT_THEME_1_FONT_REGULAR_18_1BPP_char_4c, 13, 0, 7, 1, 6, 13},
    {FONT_THEME_1_FONT_REGULAR_18_1BPP_char_4d, 13, 0, 15, 1, 13, 13},
    {FONT_THEME_1_FONT_REGULAR_18_1BPP_char_4e, 13, 0, 12, 1, 10, 13},
    {FONT_THEME_1_FONT_REGULAR_18_1BPP_char_4f, 13, 0, 14, 1, 13, 13},
    {FONT_THEME_1_FONT_REGULAR_18_1BPP_char_50, 13, 0, 10, 1, 9, 13},
    {FONT_THEME_1_FONT_REGULAR_18_1BPP_char_51, 13, 2, 14, 1, 13, 15},
    {FONT_THEME_1_FONT_REGULAR_18_1BPP_char_52, 13, 0, 11, 1, 9, 13},
    {FONT_THEME_1_FONT_REGULAR_18_1BPP_char_53, 13, 0, 11, 1, 9, 13},
    {FONT_THEME_1_FONT_REGULAR_18_1BPP_char_54, 13, 0, 11, 1, 9, 13},
    {FONT_THEME_1_FONT_REGULAR_18_1BPP_char_55, 13, 0, 12, 1, 10, 13},
    {FONT_THEME_1_FONT_REGULAR_18_1BPP_char_56, 13, 0, 12, 0, 12, 13},
    {FONT_THEME_1_FONT_REGULAR_18_1BPP_char_57, 13, 0, 18, 0, 17, 13},
    {FONT_THEME_1_FONT_REGULAR_18_1BPP_char_58, 13, 0, 11, 0, 9, 13},
    {FONT_THEME_1_FONT_REGULAR_18_1BPP_char_59, 13, 0, 10, -1, 10, 13},
    {FONT_THEME_1_FONT_REGULAR_18_1BPP_char_5a, 13, 0, 10, 1, 8, 13},
    {FONT_THEME_1_FONT_REGULAR_18_1BPP_char_5b, 18, 4, 7, 2, 3, 20},
    {FONT_THEME_1_FONT_REGULAR_18_1BPP_char_5c, 17, 3, 12, 2, 8, 20},
    {FONT_THEME_1_FONT_REGULAR_18_1BPP_char_5d, 18, 4, 8, 2, 4, 20},
    {FONT_THEME_1_FONT_REGULAR_18_1BPP_char_5e, 13, -3, 11, 0, 10, 10},
    {FONT_THEME_1_FONT_REGULAR_18_1BPP_char_5f, 0, 3, 14, 2, 10, 1},
    {FONT_THEME_1_FONT_REGULAR_18_1BPP_char_60, 15, -10, 6, 1, 4, 3},
    {FONT_THEME_1_FONT_REGULAR_18_1BPP_char_61, 10, 0, 12, 1, 10, 10},
    {FONT_THEME_1_FONT_REGULAR_18_1BPP_char_62, 13, 0, 12, 1, 10, 13},
    {FONT_THEME_1_FONT_REGULAR_18_1BPP_char_63, 10, 0, 11, 1, 9, 10},
    {FONT_THEME_1_FONT_REGULAR_18_1BPP_char_64, 13, 0, 12, 1, 10, 13},
    {FONT_THEME_1_FONT_REGULAR_18_1BPP_char_65, 10, 0, 11, 1, 10, 10},
    {FONT_THEME_1_FONT_REGULAR_18_1BPP_char_66, 13, 0, 7, 1, 5, 13},
    {FONT_THEME_1_FONT_REGULAR_18_1BPP_char_67, 10, 5, 12, 1, 10, 15},
    {FONT_THEME_1_FONT_REGULAR_18_1BPP_char_68, 13, 0, 11, 1, 9, 13},
    {FONT_THEME_1_FONT_REGULAR_18_1BPP_char_69, 13, 0, 4, 1, 2, 13},
    {FONT_THEME_1_FONT_REGULAR_18_1BPP_char_6a, 13, 5, 4, -1, 4, 18},
    {FONT_THEME_1_FONT_REGULAR_18_1BPP_char_6b, 13, 0, 9, 1, 8, 13},
    {FONT_THEME_1_FONT_REGULAR_18_1BPP_char_6c, 13, 0, 4, 1, 2, 13},
    {FONT_THEME_1_FONT_REGULAR_18_1BPP_char_6d, 10, 0, 18, 1, 16, 10},
    {FONT_THEME_1_FONT_REGULAR_18_1BPP_char_6e, 10, 0, 11, 1, 9, 10},
    {FONT_THEME_1_FONT_REGULAR_18_1BPP_char_6f, 10, 0, 12, 1, 10, 10},
    {FONT_THEME_1_FONT_REGULAR_18_1BPP_char_70, 10, 5, 12, 1, 10, 15},
    {FONT_THEME_1_FONT_REGULAR_18_1BPP_char_71, 10, 5, 12, 1, 10, 15},
    {FONT_THEME_1_FONT_REGULAR_18_1BPP_char_72, 10, 0, 7, 1, 5, 10},
    {FONT_THEME_1_FONT_REGULAR_18_1BPP_char_73, 10, 0, 10, 1, 8, 10},
    {FONT_THEME_1_FONT_REGULAR_18_1BPP_char_74, 13, 0, 7, 1, 5, 13},
    {FONT_THEME_1_FONT_REGULAR_18_1BPP_char_75, 10, 0, 11, 1, 9, 10},
    {FONT_THEME_1_FONT_REGULAR_18_1BPP_char_76, 10, 0, 10, 0, 10, 10},
    {FONT_THEME_1_FONT_REGULAR_18_1BPP_char_77, 10, 0, 15, 0, 15, 10},
    {FONT_THEME_1_FONT_REGULAR_18_1BPP_char_78, 10, 0, 9, 0, 8, 10},
    {FONT_THEME_1_FONT_REGULAR_18_1BPP_char_79, 10, 5, 10, 0, 10, 15},
    {FONT_THEME_1_FONT_REGULAR_18_1BPP_char_7a, 10, 0, 9, 1, 7, 10},
    {FONT_THEME_1_FONT_REGULAR_18_1BPP_char_7b, 18, 4, 8, 1, 6, 20},
    {FONT_THEME_1_FONT_REGULAR_18_1BPP_char_7c, 14, 2, 5, 2, 2, 16},
    {FONT_THEME_1_FONT_REGULAR_18_1BPP_char_7d, 18, 4, 8, 1, 6, 20},
    {FONT_THEME_1_FONT_REGULAR_18_1BPP_char_7e, 8, -4, 9, 0, 8, 2}
};

static GX_CONST GX_FONT THEME_1_FONT_REGULAR_18_1BPP = 
{
    GX_FONT_FORMAT_1BPP,                     /* format                         */
    0,                                       /* line pre-space                 */
    0,                                       /* line post-space                */ 
    23,                                      /* font data height               */
    18,                                      /* font baseline offset           */
    0x20,                                    /* first glyph within data page   */
    0x7e,                                    /* last glyph within data page    */
    {THEME_1_FONT_REGULAR_18_1BPP_FONT_PAGE_1_GLYPHS},    /* pointer to glyph data */
    GX_NULL                                  /* next font page                 */
};


/* Font THEME_1_FONT_BOLD_38_1BPP Data Definition                              */

static GX_CONST GX_UBYTE FONT_THEME_1_FONT_BOLD_38_1BPP_char_20[1] =
{
    0x00
};
static GX_CONST GX_UBYTE FONT_THEME_1_FONT_BOLD_38_1BPP_char_21[29] =
{
    0xfe, 0xfe, 0xfe, 0xfe, 0xfe, 0xfe, 0xfe, 0xfe, 0xfe, 0xfe, 0xfe, 0xfe, 0xfe, 
    0xfe, 0xfe, 0xfe, 0xfe, 0xfe, 0xfe, 0x00, 0x00, 0x00, 0x3c, 0x7e, 0xff, 0xff, 
    0xff, 0x7e, 0x3c
};
static GX_CONST GX_UBYTE FONT_THEME_1_FONT_BOLD_38_1BPP_char_22[18] =
{
    0xf9, 0xf0, 0xf9, 0xf0, 0xf9, 0xf0, 0xf9, 0xf0, 0xf9, 0xf0, 0xf9, 0xf0, 0xf9, 
    0xf0, 0xf9, 0xf0, 0xf9, 0xf0
};
static GX_CONST GX_UBYTE FONT_THEME_1_FONT_BOLD_38_1BPP_char_23[116] =
{
    0x00, 0x3f, 0x01, 0xf8, 0x00, 0x3f, 0x03, 0xf8, 0x00, 0x3f, 0x03, 0xf0, 0x00, 
    0x7f, 0x03, 0xf0, 0x00, 0x7e, 0x03, 0xf0, 0x00, 0x7e, 0x03, 0xf0, 0x3f, 0xff, 
    0xff, 0xff, 0x3f, 0xff, 0xff, 0xff, 0x3f, 0xff, 0xff, 0xff, 0x3f, 0xff, 0xff, 
    0xff, 0x3f, 0xff, 0xff, 0xff, 0x3f, 0xff, 0xff, 0xff, 0x01, 0xfc, 0x0f, 0xc0, 
    0x01, 0xf8, 0x0f, 0xc0, 0x01, 0xf8, 0x0f, 0xc0, 0x01, 0xf8, 0x1f, 0xc0, 0x01, 
    0xf8, 0x1f, 0xc0, 0xff, 0xff, 0xff, 0xfc, 0xff, 0xff, 0xff, 0xfc, 0xff, 0xff, 
    0xff, 0xfc, 0xff, 0xff, 0xff, 0xfc, 0xff, 0xff, 0xff, 0xfc, 0xff, 0xff, 0xff, 
    0xfc, 0x07, 0xe0, 0x3f, 0x00, 0x07, 0xe0, 0x3f, 0x00, 0x07, 0xe0, 0x7f, 0x00, 
    0x0f, 0xe0, 0x7e, 0x00, 0x0f, 0xe0, 0x7e, 0x00, 0x0f, 0xc0, 0x7e, 0x00
};
static GX_CONST GX_UBYTE FONT_THEME_1_FONT_BOLD_38_1BPP_char_24[102] =
{
    0x00, 0x60, 0x00, 0x00, 0x60, 0x00, 0x00, 0x60, 0x00, 0x00, 0x60, 0x00, 0x03, 
    0xfe, 0x00, 0x1f, 0xff, 0x80, 0x3f, 0xff, 0xc0, 0x7f, 0xff, 0xe0, 0x7f, 0xff, 
    0xe0, 0xff, 0x6f, 0xf0, 0xfe, 0x67, 0xf0, 0xfe, 0x67, 0xf0, 0xfe, 0x60, 0x00, 
    0xff, 0x60, 0x00, 0xff, 0xe0, 0x00, 0x7f, 0xf8, 0x00, 0x3f, 0xff, 0x00, 0x1f, 
    0xff, 0xc0, 0x07, 0xff, 0xe0, 0x00, 0xff, 0xf0, 0x00, 0x7f, 0xf0, 0x00, 0x67, 
    0xf0, 0x00, 0x63, 0xf8, 0xfe, 0x63, 0xf8, 0xfe, 0x63, 0xf0, 0xff, 0x67, 0xf0, 
    0x7f, 0xff, 0xf0, 0x7f, 0xff, 0xe0, 0x3f, 0xff, 0xc0, 0x0f, 0xff, 0x80, 0x03, 
    0xfe, 0x00, 0x00, 0x60, 0x00, 0x00, 0x60, 0x00, 0x00, 0x60, 0x00
};
static GX_CONST GX_UBYTE FONT_THEME_1_FONT_BOLD_38_1BPP_char_25[108] =
{
    0x1f, 0x80, 0x1f, 0x80, 0x3f, 0xc0, 0x3f, 0x80, 0x7f, 0xe0, 0x3f, 0x00, 0xff, 
    0xf0, 0x7f, 0x00, 0xf1, 0xf0, 0x7e, 0x00, 0xf0, 0xf0, 0xfe, 0x00, 0xf0, 0xf0, 
    0xfc, 0x00, 0xf1, 0xf1, 0xf8, 0x00, 0xff, 0xf1, 0xf8, 0x00, 0x7f, 0xe3, 0xf0, 
    0x00, 0x3f, 0xc3, 0xf0, 0x00, 0x1f, 0x87, 0xe0, 0x00, 0x00, 0x0f, 0xe0, 0x00, 
    0x00, 0x0f, 0xc0, 0x00, 0x00, 0x1f, 0xc7, 0xe0, 0x00, 0x1f, 0x8f, 0xf0, 0x00, 
    0x3f, 0x1f, 0xf8, 0x00, 0x3f, 0x3f, 0xf8, 0x00, 0x7e, 0x3e, 0x7c, 0x00, 0x7e, 
    0x3c, 0x3c, 0x00, 0xfc, 0x3c, 0x3c, 0x01, 0xfc, 0x3c, 0x3c, 0x01, 0xf8, 0x3e, 
    0x7c, 0x03, 0xf8, 0x3f, 0xf8, 0x03, 0xf0, 0x1f, 0xf8, 0x07, 0xf0, 0x0f, 0xf0, 
    0x07, 0xe0, 0x07, 0xe0
};
static GX_CONST GX_UBYTE FONT_THEME_1_FONT_BOLD_38_1BPP_char_26[108] =
{
    0x00, 0xfe, 0x00, 0x00, 0x03, 0xff, 0x80, 0x00, 0x07, 0xff, 0xc0, 0x00, 0x0f, 
    0xff, 0xe0, 0x00, 0x0f, 0xff, 0xf0, 0x00, 0x1f, 0xe7, 0xf0, 0x00, 0x1f, 0xc7, 
    0xf0, 0x00, 0x1f, 0xc0, 0x00, 0x00, 0x0f, 0xe0, 0x00, 0x00, 0x0f, 0xe0, 0x00, 
    0x00, 0x07, 0xf0, 0x00, 0x00, 0x07, 0xf8, 0x00, 0x00, 0x1f, 0xfc, 0x00, 0x00, 
    0x3f, 0xfe, 0x0f, 0xc0, 0x7f, 0xff, 0x9f, 0xc0, 0x7f, 0x3f, 0xdf, 0x80, 0xfe, 
    0x1f, 0xff, 0x80, 0xfe, 0x0f, 0xff, 0x00, 0xfe, 0x07, 0xff, 0x00, 0xfe, 0x03, 
    0xfe, 0x00, 0xff, 0x03, 0xfe, 0x00, 0xff, 0xff, 0xff, 0x00, 0x7f, 0xff, 0xff, 
    0x80, 0x7f, 0xff, 0xff, 0xc0, 0x3f, 0xff, 0xdf, 0xe0, 0x0f, 0xff, 0x8f, 0xf0, 
    0x03, 0xfc, 0x07, 0xf8
};
static GX_CONST GX_UBYTE FONT_THEME_1_FONT_BOLD_38_1BPP_char_27[9] =
{
    0xf8, 0xf8, 0xf8, 0xf8, 0xf8, 0xf8, 0xf8, 0xf8, 0xf8
};
static GX_CONST GX_UBYTE FONT_THEME_1_FONT_BOLD_38_1BPP_char_28[88] =
{
    0x00, 0xfe, 0x01, 0xfc, 0x03, 0xf8, 0x07, 0xf0, 0x07, 0xf0, 0x0f, 0xe0, 0x0f, 
    0xc0, 0x1f, 0xc0, 0x1f, 0x80, 0x3f, 0x80, 0x3f, 0x80, 0x3f, 0x00, 0x7f, 0x00, 
    0x7f, 0x00, 0x7e, 0x00, 0x7e, 0x00, 0xfe, 0x00, 0xfe, 0x00, 0xfe, 0x00, 0xfe, 
    0x00, 0xfe, 0x00, 0xfe, 0x00, 0xfe, 0x00, 0xfe, 0x00, 0xfe, 0x00, 0xfe, 0x00, 
    0xfe, 0x00, 0xfe, 0x00, 0xfe, 0x00, 0x7e, 0x00, 0x7f, 0x00, 0x7f, 0x00, 0x7f, 
    0x00, 0x3f, 0x00, 0x3f, 0x80, 0x3f, 0x80, 0x1f, 0xc0, 0x1f, 0xc0, 0x0f, 0xe0, 
    0x0f, 0xe0, 0x07, 0xf0, 0x03, 0xf8, 0x01, 0xf8, 0x00, 0xfc
};
static GX_CONST GX_UBYTE FONT_THEME_1_FONT_BOLD_38_1BPP_char_29[88] =
{
    0xff, 0x00, 0x7f, 0x80, 0x3f, 0x80, 0x1f, 0xc0, 0x0f, 0xe0, 0x0f, 0xe0, 0x07, 
    0xf0, 0x07, 0xf0, 0x03, 0xf8, 0x03, 0xf8, 0x01, 0xfc, 0x01, 0xfc, 0x01, 0xfc, 
    0x00, 0xfe, 0x00, 0xfe, 0x00, 0xfe, 0x00, 0xfe, 0x00, 0x7e, 0x00, 0x7e, 0x00, 
    0x7f, 0x00, 0x7f, 0x00, 0x7f, 0x00, 0x7f, 0x00, 0x7f, 0x00, 0x7f, 0x00, 0x7e, 
    0x00, 0x7e, 0x00, 0x7e, 0x00, 0xfe, 0x00, 0xfe, 0x00, 0xfe, 0x00, 0xfc, 0x01, 
    0xfc, 0x01, 0xfc, 0x01, 0xf8, 0x03, 0xf8, 0x03, 0xf8, 0x07, 0xf0, 0x07, 0xf0, 
    0x0f, 0xe0, 0x1f, 0xc0, 0x3f, 0xc0, 0x3f, 0x80, 0x7f, 0x00
};
static GX_CONST GX_UBYTE FONT_THEME_1_FONT_BOLD_38_1BPP_char_2a[30] =
{
    0x07, 0x80, 0x07, 0x80, 0x27, 0x88, 0x73, 0xb8, 0x7b, 0xfc, 0xff, 0xfc, 0x3f, 
    0xf8, 0x0f, 0xc0, 0x3f, 0xf8, 0xff, 0xfc, 0x7b, 0xfc, 0x73, 0xb8, 0x27, 0x98, 
    0x07, 0x80, 0x07, 0x80
};
static GX_CONST GX_UBYTE FONT_THEME_1_FONT_BOLD_38_1BPP_char_2b[60] =
{
    0x03, 0xf8, 0x00, 0x03, 0xf8, 0x00, 0x03, 0xf8, 0x00, 0x03, 0xf8, 0x00, 0x03, 
    0xf8, 0x00, 0x03, 0xf8, 0x00, 0x03, 0xf8, 0x00, 0xff, 0xff, 0xe0, 0xff, 0xff, 
    0xe0, 0xff, 0xff, 0xe0, 0xff, 0xff, 0xe0, 0xff, 0xff, 0xe0, 0xff, 0xff, 0xe0, 
    0x03, 0xf8, 0x00, 0x03, 0xf8, 0x00, 0x03, 0xf8, 0x00, 0x03, 0xf8, 0x00, 0x03, 
    0xf8, 0x00, 0x03, 0xf8, 0x00, 0x03, 0xf8, 0x00
};
static GX_CONST GX_UBYTE FONT_THEME_1_FONT_BOLD_38_1BPP_char_2c[11] =
{
    0x3f, 0x3f, 0x3e, 0x7e, 0x7e, 0x7c, 0x7c, 0x78, 0xf8, 0xf8, 0xf0
};
static GX_CONST GX_UBYTE FONT_THEME_1_FONT_BOLD_38_1BPP_char_2d[18] =
{
    0xff, 0xff, 0x80, 0xff, 0xff, 0x80, 0xff, 0xff, 0x80, 0xff, 0xff, 0x80, 0xff, 
    0xff, 0x80, 0xff, 0xff, 0x80
};
static GX_CONST GX_UBYTE FONT_THEME_1_FONT_BOLD_38_1BPP_char_2e[7] =
{
    0x3c, 0x7e, 0xff, 0xff, 0xff, 0x7e, 0x3c
};
static GX_CONST GX_UBYTE FONT_THEME_1_FONT_BOLD_38_1BPP_char_2f[132] =
{
    0x00, 0x3f, 0x80, 0x00, 0x3f, 0x80, 0x00, 0x3f, 0x00, 0x00, 0x3f, 0x00, 0x00, 
    0x7f, 0x00, 0x00, 0x7f, 0x00, 0x00, 0x7e, 0x00, 0x00, 0x7e, 0x00, 0x00, 0x7e, 
    0x00, 0x00, 0xfe, 0x00, 0x00, 0xfc, 0x00, 0x00, 0xfc, 0x00, 0x00, 0xfc, 0x00, 
    0x01, 0xfc, 0x00, 0x01, 0xf8, 0x00, 0x01, 0xf8, 0x00, 0x01, 0xf8, 0x00, 0x03, 
    0xf8, 0x00, 0x03, 0xf8, 0x00, 0x03, 0xf0, 0x00, 0x03, 0xf0, 0x00, 0x03, 0xf0, 
    0x00, 0x07, 0xf0, 0x00, 0x07, 0xe0, 0x00, 0x07, 0xe0, 0x00, 0x07, 0xe0, 0x00, 
    0x0f, 0xe0, 0x00, 0x0f, 0xc0, 0x00, 0x0f, 0xc0, 0x00, 0x0f, 0xc0, 0x00, 0x1f, 
    0xc0, 0x00, 0x1f, 0xc0, 0x00, 0x1f, 0x80, 0x00, 0x1f, 0x80, 0x00, 0x1f, 0x80, 
    0x00, 0x3f, 0x80, 0x00, 0x3f, 0x00, 0x00, 0x3f, 0x00, 0x00, 0x3f, 0x00, 0x00, 
    0x7f, 0x00, 0x00, 0x7e, 0x00, 0x00, 0x7e, 0x00, 0x00, 0x7e, 0x00, 0x00, 0xfe, 
    0x00, 0x00
};
static GX_CONST GX_UBYTE FONT_THEME_1_FONT_BOLD_38_1BPP_char_30[87] =
{
    0x00, 0xfc, 0x00, 0x07, 0xff, 0x00, 0x0f, 0xff, 0xc0, 0x1f, 0xff, 0xe0, 0x3f, 
    0xff, 0xe0, 0x3f, 0xff, 0xf0, 0x7f, 0x87, 0xf0, 0x7f, 0x03, 0xf8, 0x7e, 0x03, 
    0xf8, 0xfe, 0x01, 0xf8, 0xfe, 0x01, 0xf8, 0xfe, 0x01, 0xf8, 0xfe, 0x01, 0xfc, 
    0xfe, 0x01, 0xfc, 0xfe, 0x01, 0xfc, 0xfe, 0x01, 0xfc, 0xfe, 0x01, 0xfc, 0xfe, 
    0x01, 0xf8, 0xfe, 0x01, 0xf8, 0xfe, 0x01, 0xf8, 0x7e, 0x03, 0xf8, 0x7f, 0x03, 
    0xf8, 0x7f, 0x07, 0xf0, 0x3f, 0xff, 0xf0, 0x3f, 0xff, 0xe0, 0x1f, 0xff, 0xe0, 
    0x0f, 0xff, 0xc0, 0x07, 0xff, 0x80, 0x01, 0xfc, 0x00
};
static GX_CONST GX_UBYTE FONT_THEME_1_FONT_BOLD_38_1BPP_char_31[56] =
{
    0xff, 0xe0, 0xff, 0xe0, 0xff, 0xe0, 0xff, 0xe0, 0xff, 0xe0, 0xff, 0xe0, 0x0f, 
    0xe0, 0x0f, 0xe0, 0x0f, 0xe0, 0x0f, 0xe0, 0x0f, 0xe0, 0x0f, 0xe0, 0x0f, 0xe0, 
    0x0f, 0xe0, 0x0f, 0xe0, 0x0f, 0xe0, 0x0f, 0xe0, 0x0f, 0xe0, 0x0f, 0xe0, 0x0f, 
    0xe0, 0x0f, 0xe0, 0x0f, 0xe0, 0x0f, 0xe0, 0x0f, 0xe0, 0x0f, 0xe0, 0x0f, 0xe0, 
    0x0f, 0xe0, 0x0f, 0xe0
};
static GX_CONST GX_UBYTE FONT_THEME_1_FONT_BOLD_38_1BPP_char_32[87] =
{
    0x01, 0xf0, 0x00, 0x0f, 0xfe, 0x00, 0x1f, 0xff, 0x00, 0x3f, 0xff, 0x80, 0x7f, 
    0xff, 0xc0, 0x7f, 0xff, 0xc0, 0xff, 0x1f, 0xc0, 0xfe, 0x0f, 0xe0, 0xfe, 0x0f, 
    0xe0, 0xfe, 0x0f, 0xe0, 0x00, 0x0f, 0xc0, 0x00, 0x0f, 0xc0, 0x00, 0x1f, 0xc0, 
    0x00, 0x1f, 0xc0, 0x00, 0x3f, 0x80, 0x00, 0x7f, 0x80, 0x00, 0xff, 0x00, 0x01, 
    0xfe, 0x00, 0x03, 0xfc, 0x00, 0x07, 0xf8, 0x00, 0x0f, 0xf0, 0x00, 0x1f, 0xe0, 
    0x00, 0x3f, 0xc0, 0x00, 0xff, 0xff, 0xe0, 0xff, 0xff, 0xe0, 0xff, 0xff, 0xe0, 
    0xff, 0xff, 0xe0, 0xff, 0xff, 0xe0, 0xff, 0xff, 0xe0
};
static GX_CONST GX_UBYTE FONT_THEME_1_FONT_BOLD_38_1BPP_char_33[87] =
{
    0x03, 0xfc, 0x00, 0x0f, 0xff, 0x00, 0x1f, 0xff, 0x80, 0x3f, 0xff, 0xc0, 0x7f, 
    0xff, 0xc0, 0x7f, 0xff, 0xe0, 0x7f, 0x0f, 0xe0, 0xfe, 0x0f, 0xe0, 0xfe, 0x0f, 
    0xe0, 0x00, 0x0f, 0xe0, 0x00, 0x1f, 0xc0, 0x01, 0xff, 0xc0, 0x01, 0xff, 0x80, 
    0x01, 0xfe, 0x00, 0x01, 0xff, 0x00, 0x01, 0xff, 0x80, 0x01, 0xff, 0xc0, 0x00, 
    0x1f, 0xe0, 0x00, 0x07, 0xe0, 0x00, 0x07, 0xf0, 0xfe, 0x07, 0xf0, 0xfe, 0x07, 
    0xf0, 0xff, 0x0f, 0xe0, 0x7f, 0xff, 0xe0, 0x7f, 0xff, 0xe0, 0x3f, 0xff, 0xc0, 
    0x1f, 0xff, 0x80, 0x0f, 0xff, 0x00, 0x03, 0xfc, 0x00
};
static GX_CONST GX_UBYTE FONT_THEME_1_FONT_BOLD_38_1BPP_char_34[84] =
{
    0x00, 0x0f, 0xf0, 0x00, 0x1f, 0xf0, 0x00, 0x3f, 0xf0, 0x00, 0x3f, 0xf0, 0x00, 
    0x7f, 0xf0, 0x00, 0xff, 0xf0, 0x00, 0xff, 0xf0, 0x01, 0xff, 0xf0, 0x03, 0xf7, 
    0xf0, 0x03, 0xf7, 0xf0, 0x07, 0xe7, 0xf0, 0x0f, 0xc7, 0xf0, 0x0f, 0xc7, 0xf0, 
    0x1f, 0x87, 0xf0, 0x3f, 0x87, 0xf0, 0x7f, 0x07, 0xf0, 0x7e, 0x07, 0xf0, 0xff, 
    0xff, 0xfc, 0xff, 0xff, 0xfc, 0xff, 0xff, 0xfc, 0xff, 0xff, 0xfc, 0xff, 0xff, 
    0xfc, 0xff, 0xff, 0xfc, 0x00, 0x07, 0xf0, 0x00, 0x07, 0xf0, 0x00, 0x07, 0xf0, 
    0x00, 0x07, 0xf0, 0x00, 0x07, 0xf0
};
static GX_CONST GX_UBYTE FONT_THEME_1_FONT_BOLD_38_1BPP_char_35[84] =
{
    0x7f, 0xff, 0xe0, 0x7f, 0xff, 0xe0, 0x7f, 0xff, 0xe0, 0x7f, 0xff, 0xe0, 0x7f, 
    0xff, 0xe0, 0x7f, 0xff, 0xe0, 0x7e, 0x00, 0x00, 0x7e, 0x00, 0x00, 0x7e, 0x00, 
    0x00, 0x7e, 0x7e, 0x00, 0x7e, 0xff, 0x80, 0x7f, 0xff, 0xc0, 0x7f, 0xff, 0xe0, 
    0x7f, 0xff, 0xf0, 0x7f, 0xff, 0xf0, 0x7f, 0x07, 0xf0, 0x7f, 0x03, 0xf0, 0x00, 
    0x03, 0xf8, 0x00, 0x03, 0xf8, 0x00, 0x03, 0xf8, 0x7e, 0x03, 0xf0, 0x7f, 0x07, 
    0xf0, 0x7f, 0xff, 0xf0, 0x7f, 0xff, 0xe0, 0x3f, 0xff, 0xe0, 0x1f, 0xff, 0xc0, 
    0x0f, 0xff, 0x80, 0x01, 0xfe, 0x00
};
static GX_CONST GX_UBYTE FONT_THEME_1_FONT_BOLD_38_1BPP_char_36[87] =
{
    0x01, 0xfc, 0x00, 0x0f, 0xff, 0x00, 0x1f, 0xff, 0x80, 0x3f, 0xff, 0xc0, 0x3f, 
    0xff, 0xc0, 0x7f, 0xff, 0xe0, 0x7f, 0x0f, 0xe0, 0x7e, 0x07, 0xe0, 0xfe, 0x00, 
    0x00, 0xfc, 0x00, 0x00, 0xfc, 0x7e, 0x00, 0xfd, 0xff, 0x80, 0xff, 0xff, 0xc0, 
    0xff, 0xff, 0xe0, 0xff, 0xff, 0xe0, 0xff, 0xff, 0xe0, 0xff, 0x0f, 0xf0, 0xfe, 
    0x07, 0xf0, 0xfe, 0x07, 0xf0, 0xfe, 0x07, 0xf0, 0x7e, 0x07, 0xf0, 0x7e, 0x07, 
    0xf0, 0x7f, 0x0f, 0xf0, 0x7f, 0xff, 0xe0, 0x3f, 0xff, 0xe0, 0x3f, 0xff, 0xc0, 
    0x1f, 0xff, 0x80, 0x0f, 0xff, 0x00, 0x01, 0xfc, 0x00
};
static GX_CONST GX_UBYTE FONT_THEME_1_FONT_BOLD_38_1BPP_char_37[84] =
{
    0xff, 0xff, 0xc0, 0xff, 0xff, 0xc0, 0xff, 0xff, 0xc0, 0xff, 0xff, 0xc0, 0xff, 
    0xff, 0xc0, 0xff, 0xff, 0xc0, 0x00, 0x1f, 0x80, 0x00, 0x1f, 0x80, 0x00, 0x3f, 
    0x80, 0x00, 0x3f, 0x00, 0x00, 0x3f, 0x00, 0x00, 0x7e, 0x00, 0x00, 0x7e, 0x00, 
    0x00, 0xfe, 0x00, 0x00, 0xfc, 0x00, 0x01, 0xfc, 0x00, 0x01, 0xf8, 0x00, 0x01, 
    0xf8, 0x00, 0x03, 0xf8, 0x00, 0x03, 0xf0, 0x00, 0x07, 0xf0, 0x00, 0x07, 0xe0, 
    0x00, 0x0f, 0xe0, 0x00, 0x0f, 0xc0, 0x00, 0x0f, 0xc0, 0x00, 0x1f, 0xc0, 0x00, 
    0x1f, 0x80, 0x00, 0x3f, 0x80, 0x00
};
static GX_CONST GX_UBYTE FONT_THEME_1_FONT_BOLD_38_1BPP_char_38[90] =
{
    0x01, 0xf8, 0x00, 0x0f, 0xff, 0x00, 0x1f, 0xff, 0xc0, 0x3f, 0xff, 0xe0, 0x7f, 
    0xff, 0xe0, 0x7f, 0xff, 0xf0, 0xff, 0x0f, 0xf0, 0xfe, 0x07, 0xf0, 0xfe, 0x07, 
    0xf0, 0x7e, 0x07, 0xf0, 0x7e, 0x07, 0xe0, 0x7f, 0x0f, 0xe0, 0x3f, 0xff, 0xc0, 
    0x0f, 0xff, 0x80, 0x1f, 0xff, 0x80, 0x3f, 0xff, 0xc0, 0x7f, 0xff, 0xe0, 0x7f, 
    0x0f, 0xf0, 0xfe, 0x07, 0xf0, 0xfe, 0x03, 0xf0, 0xfe, 0x03, 0xf8, 0xfe, 0x03, 
    0xf8, 0xfe, 0x03, 0xf0, 0xff, 0x07, 0xf0, 0x7f, 0xff, 0xf0, 0x7f, 0xff, 0xe0, 
    0x3f, 0xff, 0xe0, 0x1f, 0xff, 0xc0, 0x0f, 0xff, 0x00, 0x01, 0xfc, 0x00
};
static GX_CONST GX_UBYTE FONT_THEME_1_FONT_BOLD_38_1BPP_char_39[87] =
{
    0x03, 0xfc, 0x00, 0x0f, 0xff, 0x00, 0x1f, 0xff, 0x80, 0x3f, 0xff, 0xc0, 0x7f, 
    0xff, 0xc0, 0x7f, 0xff, 0xe0, 0xff, 0x0f, 0xe0, 0xfe, 0x07, 0xe0, 0xfe, 0x07, 
    0xf0, 0xfe, 0x07, 0xf0, 0xfe, 0x07, 0xf0, 0xfe, 0x07, 0xf0, 0xff, 0x0f, 0xf0, 
    0x7f, 0xff, 0xf0, 0x7f, 0xff, 0xf0, 0x3f, 0xff, 0xf0, 0x3f, 0xff, 0xf0, 0x0f, 
    0xf3, 0xf0, 0x03, 0xc3, 0xf0, 0x00, 0x03, 0xf0, 0x00, 0x07, 0xf0, 0x7e, 0x07, 
    0xe0, 0x7f, 0x0f, 0xe0, 0x7f, 0xff, 0xe0, 0x3f, 0xff, 0xc0, 0x3f, 0xff, 0xc0, 
    0x1f, 0xff, 0x80, 0x07, 0xff, 0x00, 0x01, 0xfc, 0x00
};
static GX_CONST GX_UBYTE FONT_THEME_1_FONT_BOLD_38_1BPP_char_3a[23] =
{
    0x3c, 0x7e, 0xff, 0xff, 0xff, 0x7e, 0x3c, 0x00, 0x00, 0x00, 0x00, 0x00, 0x00, 
    0x00, 0x00, 0x00, 0x3c, 0x7e, 0xff, 0xff, 0xff, 0x7e, 0x3c
};
static GX_CONST GX_UBYTE FONT_THEME_1_FONT_BOLD_38_1BPP_char_3b[54] =
{
    0x1e, 0x00, 0x3f, 0x00, 0x7f, 0x80, 0x7f, 0x80, 0x7f, 0x80, 0x3f, 0x00, 0x1e, 
    0x00, 0x00, 0x00, 0x00, 0x00, 0x00, 0x00, 0x00, 0x00, 0x00, 0x00, 0x00, 0x00, 
    0x00, 0x00, 0x00, 0x00, 0x00, 0x00, 0x3f, 0x80, 0x3f, 0x00, 0x3f, 0x00, 0x3f, 
    0x00, 0x3e, 0x00, 0x7e, 0x00, 0x7c, 0x00, 0x7c, 0x00, 0x7c, 0x00, 0x78, 0x00, 
    0xf8, 0x00
};
static GX_CONST GX_UBYTE FONT_THEME_1_FONT_BOLD_38_1BPP_char_3c[34] =
{
    0x01, 0xff, 0x01, 0xfe, 0x03, 0xfc, 0x07, 0xf8, 0x0f, 0xf0, 0x1f, 0xe0, 0x3f, 
    0xc0, 0x7f, 0x80, 0xff, 0x00, 0x7f, 0x80, 0x3f, 0xc0, 0x1f, 0xe0, 0x0f, 0xf0, 
    0x07, 0xf8, 0x03, 0xfc, 0x03, 0xfe, 0x01, 0xff
};
static GX_CONST GX_UBYTE FONT_THEME_1_FONT_BOLD_38_1BPP_char_3d[48] =
{
    0xff, 0xff, 0xf8, 0xff, 0xff, 0xf8, 0xff, 0xff, 0xf8, 0xff, 0xff, 0xf8, 0xff, 
    0xff, 0xf8, 0xff, 0xff, 0xf8, 0x00, 0x00, 0x00, 0x00, 0x00, 0x00, 0x00, 0x00, 
    0x00, 0x00, 0x00, 0x00, 0xff, 0xff, 0xf8, 0xff, 0xff, 0xf8, 0xff, 0xff, 0xf8, 
    0xff, 0xff, 0xf8, 0xff, 0xff, 0xf8, 0xff, 0xff, 0xf8
};
static GX_CONST GX_UBYTE FONT_THEME_1_FONT_BOLD_38_1BPP_char_3e[34] =
{
    0x7f, 0x80, 0x3f, 0xc0, 0x1f, 0xe0, 0x0f, 0xf0, 0x0f, 0xf8, 0x07, 0xfc, 0x03, 
    0xfc, 0x01, 0xfe, 0x00, 0xff, 0x01, 0xfe, 0x03, 0xfc, 0x07, 0xfc, 0x0f, 0xf8, 
    0x0f, 0xf0, 0x1f, 0xe0, 0x3f, 0xc0, 0x7f, 0x80
};
static GX_CONST GX_UBYTE FONT_THEME_1_FONT_BOLD_38_1BPP_char_3f[87] =
{
    0x03, 0xf8, 0x00, 0x0f, 0xfe, 0x00, 0x3f, 0xff, 0x00, 0x7f, 0xff, 0x80, 0x7f, 
    0xff, 0x80, 0xff, 0xff, 0xc0, 0xfe, 0x1f, 0xc0, 0xfe, 0x1f, 0xc0, 0xfe, 0x1f, 
    0xc0, 0x00, 0x1f, 0xc0, 0x00, 0x1f, 0xc0, 0x00, 0x7f, 0x80, 0x1f, 0xff, 0x80, 
    0x1f, 0xff, 0x00, 0x1f, 0xfe, 0x00, 0x1f, 0xf8, 0x00, 0x1f, 0x80, 0x00, 0x1f, 
    0x80, 0x00, 0x1f, 0x80, 0x00, 0x00, 0x00, 0x00, 0x00, 0x00, 0x00, 0x00, 0x00, 
    0x00, 0x07, 0x80, 0x00, 0x0f, 0xc0, 0x00, 0x1f, 0xe0, 0x00, 0x1f, 0xe0, 0x00, 
    0x1f, 0xe0, 0x00, 0x0f, 0xc0, 0x00, 0x07, 0x80, 0x00
};
static GX_CONST GX_UBYTE FONT_THEME_1_FONT_BOLD_38_1BPP_char_40[175] =
{
    0x00, 0x00, 0xff, 0xc0, 0x00, 0x00, 0x07, 0xff, 0xf0, 0x00, 0x00, 0x1f, 0xff, 
    0xfc, 0x00, 0x00, 0x7f, 0xff, 0xff, 0x00, 0x00, 0xff, 0x00, 0xff, 0x80, 0x03, 
    0xfc, 0x00, 0x1f, 0x80, 0x07, 0xf0, 0x00, 0x0f, 0xc0, 0x07, 0xe0, 0x00, 0x07, 
    0xe0, 0x0f, 0xc0, 0x00, 0x03, 0xe0, 0x1f, 0x83, 0xf3, 0xe3, 0xe0, 0x1f, 0x0f, 
    0xfb, 0xe1, 0xf0, 0x3e, 0x1f, 0xff, 0xe1, 0xf0, 0x3e, 0x3f, 0xff, 0xe1, 0xf0, 
    0x7c, 0x3f, 0xff, 0xe1, 0xf0, 0x7c, 0x7f, 0x0f, 0xe1, 0xf0, 0x7c, 0x7e, 0x0f, 
    0xc1, 0xf0, 0xf8, 0xfc, 0x07, 0xc1, 0xf0, 0xf8, 0xfc, 0x07, 0xc1, 0xf0, 0xf8, 
    0xfc, 0x0f, 0xc3, 0xe0, 0xf8, 0xfc, 0x0f, 0xc3, 0xe0, 0xf8, 0xfe, 0x3f, 0xc7, 
    0xe0, 0xf8, 0xff, 0xff, 0xc7, 0xc0, 0xf8, 0xff, 0xff, 0xff, 0x80, 0xf8, 0x7f, 
    0xff, 0xff, 0x00, 0xfc, 0x3f, 0xe3, 0xfe, 0x00, 0x7c, 0x1f, 0x81, 0xf8, 0x00, 
    0x7e, 0x00, 0x00, 0x00, 0x00, 0x7f, 0x00, 0x00, 0x00, 0x00, 0x3f, 0x80, 0x00, 
    0x00, 0x00, 0x3f, 0xf0, 0x1c, 0x00, 0x00, 0x1f, 0xff, 0xfc, 0x00, 0x00, 0x0f, 
    0xff, 0xfe, 0x00, 0x00, 0x03, 0xff, 0xfe, 0x00, 0x00, 0x01, 0xff, 0xfc, 0x00, 
    0x00, 0x00, 0x3f, 0xe0, 0x00, 0x00
};
static GX_CONST GX_UBYTE FONT_THEME_1_FONT_BOLD_38_1BPP_char_41[108] =
{
    0x00, 0x7f, 0x80, 0x00, 0x00, 0x7f, 0x80, 0x00, 0x00, 0xff, 0xc0, 0x00, 0x00, 
    0xff, 0xc0, 0x00, 0x00, 0xff, 0xc0, 0x00, 0x01, 0xff, 0xe0, 0x00, 0x01, 0xff, 
    0xe0, 0x00, 0x01, 0xff, 0xe0, 0x00, 0x03, 0xff, 0xf0, 0x00, 0x03, 0xf3, 0xf0, 
    0x00, 0x07, 0xf3, 0xf8, 0x00, 0x07, 0xf3, 0xf8, 0x00, 0x07, 0xe1, 0xf8, 0x00, 
    0x0f, 0xe1, 0xfc, 0x00, 0x0f, 0xe1, 0xfc, 0x00, 0x0f, 0xc0, 0xfc, 0x00, 0x1f, 
    0xc0, 0xfe, 0x00, 0x1f, 0xff, 0xfe, 0x00, 0x1f, 0xff, 0xfe, 0x00, 0x3f, 0xff, 
    0xff, 0x00, 0x3f, 0xff, 0xff, 0x00, 0x3f, 0xff, 0xff, 0x00, 0x7f, 0xff, 0xff, 
    0x80, 0x7f, 0x00, 0x3f, 0x80, 0xfe, 0x00, 0x1f, 0xc0, 0xfe, 0x00, 0x1f, 0xc0, 
    0xfe, 0x00, 0x1f, 0xc0
};
static GX_CONST GX_UBYTE FONT_THEME_1_FONT_BOLD_38_1BPP_char_42[81] =
{
    0xff, 0xff, 0x00, 0xff, 0xff, 0xc0, 0xff, 0xff, 0xe0, 0xff, 0xff, 0xf0, 0xff, 
    0xff, 0xf0, 0xff, 0xff, 0xf0, 0xfe, 0x07, 0xf8, 0xfe, 0x03, 0xf8, 0xfe, 0x03, 
    0xf0, 0xfe, 0x03, 0xf0, 0xfe, 0x07, 0xf0, 0xff, 0xff, 0xe0, 0xff, 0xff, 0xc0, 
    0xff, 0xff, 0x80, 0xff, 0xff, 0xc0, 0xff, 0xff, 0xf0, 0xfe, 0x07, 0xf0, 0xfe, 
    0x03, 0xf8, 0xfe, 0x03, 0xf8, 0xfe, 0x03, 0xf8, 0xfe, 0x03, 0xf8, 0xff, 0xff, 
    0xf8, 0xff, 0xff, 0xf8, 0xff, 0xff, 0xf0, 0xff, 0xff, 0xe0, 0xff, 0xff, 0xc0, 
    0xff, 0xff, 0x00
};
static GX_CONST GX_UBYTE FONT_THEME_1_FONT_BOLD_38_1BPP_char_43[108] =
{
    0x00, 0x3f, 0x80, 0x00, 0x01, 0xff, 0xf0, 0x00, 0x07, 0xff, 0xfc, 0x00, 0x0f, 
    0xff, 0xfe, 0x00, 0x1f, 0xff, 0xff, 0x00, 0x3f, 0xff, 0xff, 0x00, 0x3f, 0xc0, 
    0xff, 0x80, 0x7f, 0x80, 0x3f, 0x80, 0x7f, 0x00, 0x1f, 0xc0, 0xfe, 0x00, 0x00, 
    0x00, 0xfe, 0x00, 0x00, 0x00, 0xfe, 0x00, 0x00, 0x00, 0xfe, 0x00, 0x00, 0x00, 
    0xfe, 0x00, 0x00, 0x00, 0xfe, 0x00, 0x00, 0x00, 0xfe, 0x00, 0x00, 0x00, 0xfe, 
    0x00, 0x00, 0x00, 0xfe, 0x00, 0x00, 0x00, 0x7f, 0x00, 0x1f, 0xc0, 0x7f, 0x80, 
    0x3f, 0x80, 0x3f, 0xc0, 0xff, 0x80, 0x3f, 0xff, 0xff, 0x00, 0x1f, 0xff, 0xff, 
    0x00, 0x0f, 0xff, 0xfe, 0x00, 0x07, 0xff, 0xfc, 0x00, 0x01, 0xff, 0xf0, 0x00, 
    0x00, 0x7f, 0x80, 0x00
};
static GX_CONST GX_UBYTE FONT_THEME_1_FONT_BOLD_38_1BPP_char_44[81] =
{
    0xff, 0xfc, 0x00, 0xff, 0xff, 0x80, 0xff, 0xff, 0xe0, 0xff, 0xff, 0xf0, 0xff, 
    0xff, 0xf8, 0xff, 0xff, 0xfc, 0xfe, 0x07, 0xfc, 0xfe, 0x01, 0xfe, 0xfe, 0x00, 
    0xfe, 0xfe, 0x00, 0x7e, 0xfe, 0x00, 0x7f, 0xfe, 0x00, 0x7f, 0xfe, 0x00, 0x7f, 
    0xfe, 0x00, 0x7f, 0xfe, 0x00, 0x7f, 0xfe, 0x00, 0x7f, 0xfe, 0x00, 0x7f, 0xfe, 
    0x00, 0x7e, 0xfe, 0x00, 0xfe, 0xfe, 0x01, 0xfe, 0xfe, 0x03, 0xfc, 0xff, 0xff, 
    0xfc, 0xff, 0xff, 0xf8, 0xff, 0xff, 0xf0, 0xff, 0xff, 0xe0, 0xff, 0xff, 0x80, 
    0xff, 0xfc, 0x00
};
static GX_CONST GX_UBYTE FONT_THEME_1_FONT_BOLD_38_1BPP_char_45[81] =
{
    0xff, 0xff, 0x80, 0xff, 0xff, 0x80, 0xff, 0xff, 0x80, 0xff, 0xff, 0x80, 0xff, 
    0xff, 0x80, 0xff, 0xff, 0x80, 0xfe, 0x00, 0x00, 0xfe, 0x00, 0x00, 0xfe, 0x00, 
    0x00, 0xfe, 0x00, 0x00, 0xfe, 0x00, 0x00, 0xff, 0xfe, 0x00, 0xff, 0xfe, 0x00, 
    0xff, 0xfe, 0x00, 0xff, 0xfe, 0x00, 0xff, 0xfe, 0x00, 0xfe, 0x00, 0x00, 0xfe, 
    0x00, 0x00, 0xfe, 0x00, 0x00, 0xfe, 0x00, 0x00, 0xfe, 0x00, 0x00, 0xff, 0xff, 
    0x80, 0xff, 0xff, 0x80, 0xff, 0xff, 0x80, 0xff, 0xff, 0x80, 0xff, 0xff, 0x80, 
    0xff, 0xff, 0x80
};
static GX_CONST GX_UBYTE FONT_THEME_1_FONT_BOLD_38_1BPP_char_46[81] =
{
    0xff, 0xff, 0xc0, 0xff, 0xff, 0xc0, 0xff, 0xff, 0xc0, 0xff, 0xff, 0xc0, 0xff, 
    0xff, 0xc0, 0xff, 0xff, 0xc0, 0xfe, 0x00, 0x00, 0xfe, 0x00, 0x00, 0xfe, 0x00, 
    0x00, 0xfe, 0x00, 0x00, 0xff, 0xfe, 0x00, 0xff, 0xfe, 0x00, 0xff, 0xfe, 0x00, 
    0xff, 0xfe, 0x00, 0xff, 0xfe, 0x00, 0xff, 0xfe, 0x00, 0xfe, 0x00, 0x00, 0xfe, 
    0x00, 0x00, 0xfe, 0x00, 0x00, 0xfe, 0x00, 0x00, 0xfe, 0x00, 0x00, 0xfe, 0x00, 
    0x00, 0xfe, 0x00, 0x00, 0xfe, 0x00, 0x00, 0xfe, 0x00, 0x00, 0xfe, 0x00, 0x00, 
    0xfe, 0x00, 0x00
};
static GX_CONST GX_UBYTE FONT_THEME_1_FONT_BOLD_38_1BPP_char_47[108] =
{
    0x00, 0x7f, 0xc0, 0x00, 0x01, 0xff, 0xf0, 0x00, 0x07, 0xff, 0xfc, 0x00, 0x0f, 
    0xff, 0xfe, 0x00, 0x1f, 0xff, 0xff, 0x00, 0x3f, 0xff, 0xff, 0x00, 0x3f, 0xc0, 
    0x7f, 0x80, 0x7f, 0x80, 0x3f, 0x80, 0x7f, 0x00, 0x00, 0x00, 0xfe, 0x00, 0x00, 
    0x00, 0xfe, 0x00, 0x00, 0x00, 0xfe, 0x0f, 0xff, 0xc0, 0xfe, 0x0f, 0xff, 0xc0, 
    0xfe, 0x0f, 0xff, 0xc0, 0xfe, 0x0f, 0xff, 0xc0, 0xfe, 0x0f, 0xff, 0xc0, 0xfe, 
    0x00, 0x0f, 0xc0, 0xfe, 0x00, 0x0f, 0xc0, 0x7f, 0x00, 0x1f, 0xc0, 0x7f, 0x80, 
    0x3f, 0x80, 0x3f, 0xc0, 0x7f, 0x80, 0x3f, 0xff, 0xff, 0x00, 0x1f, 0xff, 0xfe, 
    0x00, 0x0f, 0xff, 0xfc, 0x00, 0x07, 0xff, 0xf8, 0x00, 0x01, 0xff, 0xf0, 0x00, 
    0x00, 0x7f, 0x80, 0x00
};
static GX_CONST GX_UBYTE FONT_THEME_1_FONT_BOLD_38_1BPP_char_48[81] =
{
    0xfe, 0x00, 0xfe, 0xfe, 0x00, 0xfe, 0xfe, 0x00, 0xfe, 0xfe, 0x00, 0xfe, 0xfe, 
    0x00, 0xfe, 0xfe, 0x00, 0xfe, 0xfe, 0x00, 0xfe, 0xfe, 0x00, 0xfe, 0xfe, 0x00, 
    0xfe, 0xfe, 0x00, 0xfe, 0xff, 0xff, 0xfe, 0xff, 0xff, 0xfe, 0xff, 0xff, 0xfe, 
    0xff, 0xff, 0xfe, 0xff, 0xff, 0xfe, 0xff, 0xff, 0xfe, 0xfe, 0x00, 0xfe, 0xfe, 
    0x00, 0xfe, 0xfe, 0x00, 0xfe, 0xfe, 0x00, 0xfe, 0xfe, 0x00, 0xfe, 0xfe, 0x00, 
    0xfe, 0xfe, 0x00, 0xfe, 0xfe, 0x00, 0xfe, 0xfe, 0x00, 0xfe, 0xfe, 0x00, 0xfe, 
    0xfe, 0x00, 0xfe
};
static GX_CONST GX_UBYTE FONT_THEME_1_FONT_BOLD_38_1BPP_char_49[27] =
{
    0xfe, 0xfe, 0xfe, 0xfe, 0xfe, 0xfe, 0xfe, 0xfe, 0xfe, 0xfe, 0xfe, 0xfe, 0xfe, 
    0xfe, 0xfe, 0xfe, 0xfe, 0xfe, 0xfe, 0xfe, 0xfe, 0xfe, 0xfe, 0xfe, 0xfe, 0xfe, 
    0xfe
};
static GX_CONST GX_UBYTE FONT_THEME_1_FONT_BOLD_38_1BPP_char_4a[81] =
{
    0x00, 0x1f, 0xc0, 0x00, 0x1f, 0xc0, 0x00, 0x1f, 0xc0, 0x00, 0x1f, 0xc0, 0x00, 
    0x1f, 0xc0, 0x00, 0x1f, 0xc0, 0x00, 0x1f, 0xc0, 0x00, 0x1f, 0xc0, 0x00, 0x1f, 
    0xc0, 0x00, 0x1f, 0xc0, 0x00, 0x1f, 0xc0, 0x00, 0x1f, 0xc0, 0x00, 0x1f, 0xc0, 
    0x00, 0x1f, 0xc0, 0x00, 0x1f, 0xc0, 0x00, 0x1f, 0xc0, 0x00, 0x1f, 0xc0, 0x00, 
    0x1f, 0xc0, 0xfe, 0x1f, 0xc0, 0xfe, 0x1f, 0xc0, 0xfe, 0x1f, 0xc0, 0x7f, 0xff, 
    0xc0, 0x7f, 0xff, 0x80, 0x3f, 0xff, 0x80, 0x3f, 0xff, 0x00, 0x0f, 0xfe, 0x00, 
    0x03, 0xf8, 0x00
};
static GX_CONST GX_UBYTE FONT_THEME_1_FONT_BOLD_38_1BPP_char_4b[81] =
{
    0xfe, 0x01, 0xfe, 0xfe, 0x03, 0xfc, 0xfe, 0x03, 0xf8, 0xfe, 0x07, 0xf0, 0xfe, 
    0x0f, 0xf0, 0xfe, 0x1f, 0xe0, 0xfe, 0x1f, 0xc0, 0xfe, 0x3f, 0x80, 0xfe, 0x7f, 
    0x80, 0xfe, 0xff, 0x00, 0xfe, 0xfe, 0x00, 0xff, 0xfc, 0x00, 0xff, 0xf8, 0x00, 
    0xff, 0xf8, 0x00, 0xff, 0xfc, 0x00, 0xff, 0xfe, 0x00, 0xfe, 0xfe, 0x00, 0xfe, 
    0xff, 0x00, 0xfe, 0x7f, 0x80, 0xfe, 0x3f, 0xc0, 0xfe, 0x1f, 0xc0, 0xfe, 0x1f, 
    0xe0, 0xfe, 0x0f, 0xf0, 0xfe, 0x07, 0xf8, 0xfe, 0x03, 0xfc, 0xfe, 0x03, 0xfc, 
    0xfe, 0x01, 0xfe
};
static GX_CONST GX_UBYTE FONT_THEME_1_FONT_BOLD_38_1BPP_char_4c[54] =
{
    0xfe, 0x00, 0xfe, 0x00, 0xfe, 0x00, 0xfe, 0x00, 0xfe, 0x00, 0xfe, 0x00, 0xfe, 
    0x00, 0xfe, 0x00, 0xfe, 0x00, 0xfe, 0x00, 0xfe, 0x00, 0xfe, 0x00, 0xfe, 0x00, 
    0xfe, 0x00, 0xfe, 0x00, 0xfe, 0x00, 0xfe, 0x00, 0xfe, 0x00, 0xfe, 0x00, 0xfe, 
    0x00, 0xfe, 0x00, 0xfe, 0x00, 0xff, 0xfe, 0xff, 0xfe, 0xff, 0xfe, 0xff, 0xfe, 
    0xff, 0xfe
};
static GX_CONST GX_UBYTE FONT_THEME_1_FONT_BOLD_38_1BPP_char_4d[108] =
{
    0xff, 0x00, 0x03, 0xfc, 0xff, 0x00, 0x03, 0xfc, 0xff, 0x80, 0x07, 0xfc, 0xff, 
    0x80, 0x07, 0xfc, 0xff, 0xc0, 0x07, 0xfc, 0xff, 0xc0, 0x0f, 0xfc, 0xff, 0xc0, 
    0x0f, 0xfc, 0xff, 0xe0, 0x1f, 0xfc, 0xff, 0xe0, 0x1f, 0xfc, 0xff, 0xe0, 0x1f, 
    0xfc, 0xff, 0xf0, 0x3f, 0xfc, 0xff, 0xf0, 0x3f, 0xfc, 0xff, 0xf8, 0x7f, 0xfc, 
    0xfe, 0xf8, 0x7d, 0xfc, 0xfe, 0xf8, 0x7d, 0xfc, 0xfe, 0xfc, 0xfd, 0xfc, 0xfe, 
    0x7c, 0xf9, 0xfc, 0xfe, 0x7e, 0xf9, 0xfc, 0xfe, 0x7f, 0xf9, 0xfc, 0xfe, 0x3f, 
    0xf1, 0xfc, 0xfe, 0x3f, 0xf1, 0xfc, 0xfe, 0x3f, 0xf1, 0xfc, 0xfe, 0x1f, 0xe1, 
    0xfc, 0xfe, 0x1f, 0xe1, 0xfc, 0xfe, 0x0f, 0xc1, 0xfc, 0xfe, 0x0f, 0xc1, 0xfc, 
    0xfe, 0x0f, 0xc1, 0xfc
};
static GX_CONST GX_UBYTE FONT_THEME_1_FONT_BOLD_38_1BPP_char_4e[81] =
{
    0xfe, 0x00, 0x7f, 0xff, 0x00, 0x7f, 0xff, 0x00, 0x7f, 0xff, 0x80, 0x7f, 0xff, 
    0xc0, 0x7f, 0xff, 0xc0, 0x7f, 0xff, 0xe0, 0x7f, 0xff, 0xe0, 0x7f, 0xff, 0xf0, 
    0x7f, 0xff, 0xf8, 0x7f, 0xff, 0xf8, 0x7f, 0xff, 0xfc, 0x7f, 0xfe, 0xfe, 0x7f, 
    0xfe, 0x7e, 0x7f, 0xfe, 0x7f, 0x7f, 0xfe, 0x3f, 0xff, 0xfe, 0x1f, 0xff, 0xfe, 
    0x1f, 0xff, 0xfe, 0x0f, 0xff, 0xfe, 0x07, 0xff, 0xfe, 0x07, 0xff, 0xfe, 0x03, 
    0xff, 0xfe, 0x03, 0xff, 0xfe, 0x01, 0xff, 0xfe, 0x00, 0xff, 0xfe, 0x00, 0xff, 
    0xfe, 0x00, 0x7f
};
static GX_CONST GX_UBYTE FONT_THEME_1_FONT_BOLD_38_1BPP_char_4f[108] =
{
    0x00, 0x3f, 0xc0, 0x00, 0x01, 0xff, 0xf0, 0x00, 0x03, 0xff, 0xfc, 0x00, 0x0f, 
    0xff, 0xfe, 0x00, 0x1f, 0xff, 0xff, 0x00, 0x1f, 0xff, 0xff, 0x80, 0x3f, 0xc0, 
    0x7f, 0xc0, 0x7f, 0x80, 0x1f, 0xc0, 0x7f, 0x00, 0x0f, 0xe0, 0x7e, 0x00, 0x0f, 
    0xe0, 0xfe, 0x00, 0x07, 0xe0, 0xfe, 0x00, 0x07, 0xe0, 0xfe, 0x00, 0x07, 0xf0, 
    0xfe, 0x00, 0x07, 0xf0, 0xfe, 0x00, 0x07, 0xf0, 0xfe, 0x00, 0x07, 0xe0, 0xfe, 
    0x00, 0x07, 0xe0, 0x7e, 0x00, 0x0f, 0xe0, 0x7f, 0x00, 0x0f, 0xe0, 0x7f, 0x80, 
    0x1f, 0xc0, 0x3f, 0xc0, 0x7f, 0xc0, 0x1f, 0xff, 0xff, 0x80, 0x1f, 0xff, 0xff, 
    0x00, 0x0f, 0xff, 0xfe, 0x00, 0x03, 0xff, 0xfc, 0x00, 0x01, 0xff, 0xf0, 0x00, 
    0x00, 0x3f, 0xc0, 0x00
};
static GX_CONST GX_UBYTE FONT_THEME_1_FONT_BOLD_38_1BPP_char_50[81] =
{
    0xff, 0xfc, 0x00, 0xff, 0xff, 0x80, 0xff, 0xff, 0xc0, 0xff, 0xff, 0xe0, 0xff, 
    0xff, 0xf0, 0xff, 0xff, 0xf0, 0xfe, 0x07, 0xf0, 0xfe, 0x03, 0xf8, 0xfe, 0x03, 
    0xf8, 0xfe, 0x03, 0xf8, 0xfe, 0x03, 0xf0, 0xfe, 0x07, 0xf0, 0xff, 0xff, 0xf0, 
    0xff, 0xff, 0xe0, 0xff, 0xff, 0xe0, 0xff, 0xff, 0xc0, 0xff, 0xff, 0x00, 0xff, 
    0xfc, 0x00, 0xfe, 0x00, 0x00, 0xfe, 0x00, 0x00, 0xfe, 0x00, 0x00, 0xfe, 0x00, 
    0x00, 0xfe, 0x00, 0x00, 0xfe, 0x00, 0x00, 0xfe, 0x00, 0x00, 0xfe, 0x00, 0x00, 
    0xfe, 0x00, 0x00
};
static GX_CONST GX_UBYTE FONT_THEME_1_FONT_BOLD_38_1BPP_char_51[128] =
{
    0x00, 0x3f, 0xc0, 0x00, 0x01, 0xff, 0xf0, 0x00, 0x03, 0xff, 0xfc, 0x00, 0x0f, 
    0xff, 0xfe, 0x00, 0x1f, 0xff, 0xff, 0x00, 0x1f, 0xff, 0xff, 0x80, 0x3f, 0xc0, 
    0x7f, 0xc0, 0x7f, 0x80, 0x1f, 0xc0, 0x7f, 0x00, 0x0f, 0xe0, 0x7e, 0x00, 0x0f, 
    0xe0, 0xfe, 0x00, 0x07, 0xe0, 0xfe, 0x00, 0x07, 0xe0, 0xfe, 0x00, 0x07, 0xf0, 
    0xfe, 0x00, 0x07, 0xf0, 0xfe, 0x00, 0x07, 0xf0, 0xfe, 0x00, 0x07, 0xe0, 0xfe, 
    0x00, 0x07, 0xe0, 0x7e, 0x00, 0x0f, 0xe0, 0x7f, 0x00, 0x0f, 0xe0, 0x7f, 0x80, 
    0x1f, 0xc0, 0x3f, 0xc0, 0x7f, 0xc0, 0x1f, 0xff, 0xff, 0x80, 0x1f, 0xff, 0xff, 
    0x00, 0x0f, 0xff, 0xfe, 0x00, 0x03, 0xff, 0xfe, 0x00, 0x01, 0xff, 0xfe, 0x00, 
    0x00, 0x3f, 0xff, 0x00, 0x00, 0x00, 0x7f, 0x80, 0x00, 0x00, 0x3f, 0xc0, 0x00, 
    0x00, 0x1f, 0xe0, 0x00, 0x00, 0x0f, 0xe0, 0x00, 0x00, 0x0f, 0xf0
};
static GX_CONST GX_UBYTE FONT_THEME_1_FONT_BOLD_38_1BPP_char_52[81] =
{
    0xff, 0xfe, 0x00, 0xff, 0xff, 0x80, 0xff, 0xff, 0xc0, 0xff, 0xff, 0xe0, 0xff, 
    0xff, 0xf0, 0xff, 0xff, 0xf0, 0xfe, 0x07, 0xf0, 0xfe, 0x03, 0xf8, 0xfe, 0x03, 
    0xf8, 0xfe, 0x03, 0xf8, 0xfe, 0x03, 0xf0, 0xfe, 0x07, 0xf0, 0xff, 0xff, 0xf0, 
    0xff, 0xff, 0xe0, 0xff, 0xff, 0xc0, 0xff, 0xff, 0x80, 0xff, 0xfe, 0x00, 0xfe, 
    0xfe, 0x00, 0xfe, 0x7f, 0x00, 0xfe, 0x7f, 0x00, 0xfe, 0x3f, 0x80, 0xfe, 0x1f, 
    0xc0, 0xfe, 0x1f, 0xc0, 0xfe, 0x0f, 0xe0, 0xfe, 0x0f, 0xe0, 0xfe, 0x07, 0xf0, 
    0xfe, 0x07, 0xf8
};
static GX_CONST GX_UBYTE FONT_THEME_1_FONT_BOLD_38_1BPP_char_53[81] =
{
    0x03, 0xfc, 0x00, 0x1f, 0xff, 0x00, 0x3f, 0xff, 0x80, 0x7f, 0xff, 0xc0, 0x7f, 
    0xff, 0xe0, 0xff, 0xff, 0xe0, 0xfe, 0x0f, 0xe0, 0xfe, 0x07, 0xf0, 0xfe, 0x00, 
    0x00, 0xfe, 0x00, 0x00, 0x7f, 0x80, 0x00, 0x7f, 0xf0, 0x00, 0x3f, 0xfe, 0x00, 
    0x1f, 0xff, 0x80, 0x03, 0xff, 0xc0, 0x00, 0x7f, 0xe0, 0x00, 0x0f, 0xe0, 0x00, 
    0x07, 0xf0, 0xfe, 0x07, 0xf0, 0xfe, 0x07, 0xf0, 0xff, 0x07, 0xf0, 0x7f, 0xff, 
    0xf0, 0x7f, 0xff, 0xe0, 0x3f, 0xff, 0xe0, 0x1f, 0xff, 0xc0, 0x0f, 0xff, 0x00, 
    0x03, 0xfc, 0x00
};
static GX_CONST GX_UBYTE FONT_THEME_1_FONT_BOLD_38_1BPP_char_54[81] =
{
    0xff, 0xff, 0xf8, 0xff, 0xff, 0xf8, 0xff, 0xff, 0xf8, 0xff, 0xff, 0xf8, 0xff, 
    0xff, 0xf8, 0xff, 0xff, 0xf8, 0x01, 0xfc, 0x00, 0x01, 0xfc, 0x00, 0x01, 0xfc, 
    0x00, 0x01, 0xfc, 0x00, 0x01, 0xfc, 0x00, 0x01, 0xfc, 0x00, 0x01, 0xfc, 0x00, 
    0x01, 0xfc, 0x00, 0x01, 0xfc, 0x00, 0x01, 0xfc, 0x00, 0x01, 0xfc, 0x00, 0x01, 
    0xfc, 0x00, 0x01, 0xfc, 0x00, 0x01, 0xfc, 0x00, 0x01, 0xfc, 0x00, 0x01, 0xfc, 
    0x00, 0x01, 0xfc, 0x00, 0x01, 0xfc, 0x00, 0x01, 0xfc, 0x00, 0x01, 0xfc, 0x00, 
    0x01, 0xfc, 0x00
};
static GX_CONST GX_UBYTE FONT_THEME_1_FONT_BOLD_38_1BPP_char_55[81] =
{
    0xfe, 0x00, 0xfe, 0xfe, 0x00, 0xfe, 0xfe, 0x00, 0xfe, 0xfe, 0x00, 0xfe, 0xfe, 
    0x00, 0xfe, 0xfe, 0x00, 0xfe, 0xfe, 0x00, 0xfe, 0xfe, 0x00, 0xfe, 0xfe, 0x00, 
    0xfe, 0xfe, 0x00, 0xfe, 0xfe, 0x00, 0xfe, 0xfe, 0x00, 0xfe, 0xfe, 0x00, 0xfe, 
    0xfe, 0x00, 0xfe, 0xfe, 0x00, 0xfe, 0xfe, 0x00, 0xfe, 0xfe, 0x00, 0xfe, 0xfe, 
    0x00, 0xfe, 0xfe, 0x00, 0xfc, 0xfe, 0x01, 0xfc, 0x7f, 0x03, 0xfc, 0x7f, 0xff, 
    0xf8, 0x3f, 0xff, 0xf8, 0x3f, 0xff, 0xf0, 0x1f, 0xff, 0xe0, 0x07, 0xff, 0x80, 
    0x01, 0xfe, 0x00
};
static GX_CONST GX_UBYTE FONT_THEME_1_FONT_BOLD_38_1BPP_char_56[108] =
{
    0x7e, 0x00, 0x0f, 0xe0, 0x7f, 0x00, 0x0f, 0xe0, 0x7f, 0x00, 0x0f, 0xe0, 0x3f, 
    0x00, 0x1f, 0xc0, 0x3f, 0x80, 0x1f, 0xc0, 0x3f, 0x80, 0x1f, 0x80, 0x1f, 0x80, 
    0x3f, 0x80, 0x1f, 0xc0, 0x3f, 0x80, 0x1f, 0xc0, 0x3f, 0x00, 0x0f, 0xc0, 0x7f, 
    0x00, 0x0f, 0xe0, 0x7f, 0x00, 0x0f, 0xe0, 0x7e, 0x00, 0x07, 0xe0, 0xfe, 0x00, 
    0x07, 0xf0, 0xfe, 0x00, 0x07, 0xf0, 0xfc, 0x00, 0x03, 0xf1, 0xfc, 0x00, 0x03, 
    0xf9, 0xfc, 0x00, 0x03, 0xf9, 0xf8, 0x00, 0x01, 0xfb, 0xf8, 0x00, 0x01, 0xff, 
    0xf8, 0x00, 0x00, 0xff, 0xf0, 0x00, 0x00, 0xff, 0xf0, 0x00, 0x00, 0xff, 0xf0, 
    0x00, 0x00, 0x7f, 0xe0, 0x00, 0x00, 0x7f, 0xe0, 0x00, 0x00, 0x7f, 0xc0, 0x00, 
    0x00, 0x3f, 0xc0, 0x00
};
static GX_CONST GX_UBYTE FONT_THEME_1_FONT_BOLD_38_1BPP_char_57[135] =
{
    0xfe, 0x01, 0xfe, 0x01, 0xfc, 0xfe, 0x01, 0xfe, 0x01, 0xfc, 0x7e, 0x01, 0xfe, 
    0x01, 0xf8, 0x7f, 0x01, 0xfe, 0x03, 0xf8, 0x7f, 0x03, 0xff, 0x03, 0xf8, 0x7f, 
    0x03, 0xff, 0x03, 0xf8, 0x3f, 0x03, 0xff, 0x03, 0xf0, 0x3f, 0x03, 0xff, 0x03, 
    0xf0, 0x3f, 0x87, 0xff, 0x87, 0xf0, 0x3f, 0x87, 0xff, 0x87, 0xf0, 0x1f, 0x87, 
    0xff, 0x87, 0xe0, 0x1f, 0x87, 0xcf, 0x87, 0xe0, 0x1f, 0x8f, 0xcf, 0xc7, 0xe0, 
    0x1f, 0xcf, 0xcf, 0xcf, 0xe0, 0x0f, 0xcf, 0xcf, 0xcf, 0xc0, 0x0f, 0xcf, 0x8f, 
    0xcf, 0xc0, 0x0f, 0xdf, 0x87, 0xcf, 0xc0, 0x0f, 0xdf, 0x87, 0xef, 0xc0, 0x07, 
    0xff, 0x87, 0xff, 0x80, 0x07, 0xff, 0x07, 0xff, 0x80, 0x07, 0xff, 0x03, 0xff, 
    0x80, 0x07, 0xff, 0x03, 0xff, 0x80, 0x03, 0xff, 0x03, 0xff, 0x00, 0x03, 0xfe, 
    0x03, 0xff, 0x00, 0x03, 0xfe, 0x01, 0xff, 0x00, 0x03, 0xfe, 0x01, 0xff, 0x00, 
    0x01, 0xfe, 0x01, 0xfe, 0x00
};
static GX_CONST GX_UBYTE FONT_THEME_1_FONT_BOLD_38_1BPP_char_58[108] =
{
    0xff, 0x00, 0x7f, 0x80, 0x7f, 0x00, 0x7f, 0x00, 0x3f, 0x80, 0xfe, 0x00, 0x3f, 
    0xc0, 0xfe, 0x00, 0x1f, 0xc1, 0xfc, 0x00, 0x0f, 0xe3, 0xfc, 0x00, 0x0f, 0xf3, 
    0xf8, 0x00, 0x07, 0xf7, 0xf0, 0x00, 0x03, 0xff, 0xf0, 0x00, 0x03, 0xff, 0xe0, 
    0x00, 0x01, 0xff, 0xc0, 0x00, 0x01, 0xff, 0xc0, 0x00, 0x00, 0xff, 0x80, 0x00, 
    0x00, 0xff, 0x80, 0x00, 0x00, 0xff, 0x80, 0x00, 0x01, 0xff, 0xc0, 0x00, 0x01, 
    0xff, 0xc0, 0x00, 0x03, 0xff, 0xe0, 0x00, 0x07, 0xff, 0xf0, 0x00, 0x07, 0xf7, 
    0xf0, 0x00, 0x0f, 0xe7, 0xf8, 0x00, 0x0f, 0xe3, 0xfc, 0x00, 0x1f, 0xc1, 0xfc, 
    0x00, 0x3f, 0xc1, 0xfe, 0x00, 0x3f, 0x80, 0xff, 0x00, 0x7f, 0x00, 0x7f, 0x00, 
    0xff, 0x00, 0x7f, 0x80
};
static GX_CONST GX_UBYTE FONT_THEME_1_FONT_BOLD_38_1BPP_char_59[108] =
{
    0xfe, 0x00, 0x7f, 0x80, 0x7f, 0x00, 0x7f, 0x00, 0x7f, 0x00, 0xff, 0x00, 0x3f, 
    0x80, 0xfe, 0x00, 0x3f, 0x81, 0xfe, 0x00, 0x1f, 0xc1, 0xfc, 0x00, 0x1f, 0xc1, 
    0xfc, 0x00, 0x0f, 0xe3, 0xf8, 0x00, 0x0f, 0xe3, 0xf8, 0x00, 0x07, 0xf7, 0xf0, 
    0x00, 0x07, 0xf7, 0xf0, 0x00, 0x03, 0xff, 0xe0, 0x00, 0x03, 0xff, 0xc0, 0x00, 
    0x01, 0xff, 0xc0, 0x00, 0x01, 0xff, 0x80, 0x00, 0x00, 0xff, 0x80, 0x00, 0x00, 
    0xff, 0x00, 0x00, 0x00, 0x7f, 0x00, 0x00, 0x00, 0x7f, 0x00, 0x00, 0x00, 0x7f, 
    0x00, 0x00, 0x00, 0x7f, 0x00, 0x00, 0x00, 0x7f, 0x00, 0x00, 0x00, 0x7f, 0x00, 
    0x00, 0x00, 0x7f, 0x00, 0x00, 0x00, 0x7f, 0x00, 0x00, 0x00, 0x7f, 0x00, 0x00, 
    0x00, 0x7f, 0x00, 0x00
};
static GX_CONST GX_UBYTE FONT_THEME_1_FONT_BOLD_38_1BPP_char_5a[81] =
{
    0xff, 0xff, 0xe0, 0xff, 0xff, 0xe0, 0xff, 0xff, 0xe0, 0xff, 0xff, 0xe0, 0xff, 
    0xff, 0xe0, 0xff, 0xff, 0xe0, 0x00, 0x1f, 0xc0, 0x00, 0x3f, 0x80, 0x00, 0x7f, 
    0x80, 0x00, 0x7f, 0x00, 0x00, 0xfe, 0x00, 0x01, 0xfe, 0x00, 0x01, 0xfc, 0x00, 
    0x03, 0xf8, 0x00, 0x07, 0xf0, 0x00, 0x0f, 0xf0, 0x00, 0x0f, 0xe0, 0x00, 0x1f, 
    0xc0, 0x00, 0x3f, 0x80, 0x00, 0x3f, 0x80, 0x00, 0x7f, 0x00, 0x00, 0xff, 0xff, 
    0xe0, 0xff, 0xff, 0xe0, 0xff, 0xff, 0xe0, 0xff, 0xff, 0xe0, 0xff, 0xff, 0xe0, 
    0xff, 0xff, 0xe0
};
static GX_CONST GX_UBYTE FONT_THEME_1_FONT_BOLD_38_1BPP_char_5b[88] =
{
    0xff, 0xf0, 0xff, 0xf0, 0xff, 0xf0, 0xff, 0xf0, 0xff, 0xf0, 0xff, 0xf0, 0xfe, 
    0x00, 0xfe, 0x00, 0xfe, 0x00, 0xfe, 0x00, 0xfe, 0x00, 0xfe, 0x00, 0xfe, 0x00, 
    0xfe, 0x00, 0xfe, 0x00, 0xfe, 0x00, 0xfe, 0x00, 0xfe, 0x00, 0xfe, 0x00, 0xfe, 
    0x00, 0xfe, 0x00, 0xfe, 0x00, 0xfe, 0x00, 0xfe, 0x00, 0xfe, 0x00, 0xfe, 0x00, 
    0xfe, 0x00, 0xfe, 0x00, 0xfe, 0x00, 0xfe, 0x00, 0xfe, 0x00, 0xfe, 0x00, 0xfe, 
    0x00, 0xfe, 0x00, 0xfe, 0x00, 0xfe, 0x00, 0xfe, 0x00, 0xfe, 0x00, 0xff, 0xf0, 
    0xff, 0xf0, 0xff, 0xf0, 0xff, 0xf0, 0xff, 0xf0, 0xff, 0xf0
};
static GX_CONST GX_UBYTE FONT_THEME_1_FONT_BOLD_38_1BPP_char_5c[88] =
{
    0xfc, 0x00, 0xfe, 0x00, 0x7e, 0x00, 0x7e, 0x00, 0x7e, 0x00, 0x7e, 0x00, 0x7f, 
    0x00, 0x3f, 0x00, 0x3f, 0x00, 0x3f, 0x00, 0x3f, 0x80, 0x1f, 0x80, 0x1f, 0x80, 
    0x1f, 0x80, 0x1f, 0xc0, 0x0f, 0xc0, 0x0f, 0xc0, 0x0f, 0xc0, 0x0f, 0xc0, 0x0f, 
    0xe0, 0x07, 0xe0, 0x07, 0xe0, 0x07, 0xe0, 0x07, 0xf0, 0x03, 0xf0, 0x03, 0xf0, 
    0x03, 0xf0, 0x03, 0xf8, 0x01, 0xf8, 0x01, 0xf8, 0x01, 0xf8, 0x01, 0xfc, 0x01, 
    0xfc, 0x00, 0xfc, 0x00, 0xfc, 0x00, 0xfc, 0x00, 0xfe, 0x00, 0x7e, 0x00, 0x7e, 
    0x00, 0x7e, 0x00, 0x7f, 0x00, 0x3f, 0x00, 0x3f, 0x00, 0x3f
};
static GX_CONST GX_UBYTE FONT_THEME_1_FONT_BOLD_38_1BPP_char_5d[88] =
{
    0xff, 0xf8, 0xff, 0xf8, 0xff, 0xf8, 0xff, 0xf8, 0xff, 0xf8, 0xff, 0xf8, 0x03, 
    0xf8, 0x03, 0xf8, 0x03, 0xf8, 0x03, 0xf8, 0x03, 0xf8, 0x03, 0xf8, 0x03, 0xf8, 
    0x03, 0xf8, 0x03, 0xf8, 0x03, 0xf8, 0x03, 0xf8, 0x03, 0xf8, 0x03, 0xf8, 0x03, 
    0xf8, 0x03, 0xf8, 0x03, 0xf8, 0x03, 0xf8, 0x03, 0xf8, 0x03, 0xf8, 0x03, 0xf8, 
    0x03, 0xf8, 0x03, 0xf8, 0x03, 0xf8, 0x03, 0xf8, 0x03, 0xf8, 0x03, 0xf8, 0x03, 
    0xf8, 0x03, 0xf8, 0x03, 0xf8, 0x03, 0xf8, 0x03, 0xf8, 0x03, 0xf8, 0xff, 0xf8, 
    0xff, 0xf8, 0xff, 0xf8, 0xff, 0xf8, 0xff, 0xf8, 0xff, 0xf8
};
static GX_CONST GX_UBYTE FONT_THEME_1_FONT_BOLD_38_1BPP_char_5e[84] =
{
    0x00, 0x7f, 0x00, 0x00, 0x00, 0x7f, 0x00, 0x00, 0x00, 0xff, 0x80, 0x00, 0x00, 
    0xff, 0x80, 0x00, 0x01, 0xff, 0xc0, 0x00, 0x01, 0xff, 0xc0, 0x00, 0x03, 0xff, 
    0xc0, 0x00, 0x03, 0xff, 0xe0, 0x00, 0x03, 0xf7, 0xe0, 0x00, 0x07, 0xf7, 0xf0, 
    0x00, 0x07, 0xe3, 0xf0, 0x00, 0x0f, 0xe3, 0xf8, 0x00, 0x0f, 0xc1, 0xf8, 0x00, 
    0x1f, 0xc1, 0xfc, 0x00, 0x1f, 0xc1, 0xfc, 0x00, 0x1f, 0x80, 0xfc, 0x00, 0x3f, 
    0x80, 0xfe, 0x00, 0x3f, 0x00, 0x7e, 0x00, 0x7f, 0x00, 0x7f, 0x00, 0x7e, 0x00, 
    0x3f, 0x00, 0xfe, 0x00, 0x3f, 0x80
};
static GX_CONST GX_UBYTE FONT_THEME_1_FONT_BOLD_38_1BPP_char_5f[18] =
{
    0xff, 0xff, 0xff, 0xff, 0xff, 0xff, 0xff, 0xff, 0xff, 0xff, 0xff, 0xff, 0xff, 
    0xff, 0xff, 0xff, 0xff, 0xff
};
static GX_CONST GX_UBYTE FONT_THEME_1_FONT_BOLD_38_1BPP_char_60[18] =
{
    0xc0, 0x00, 0xf0, 0x00, 0xfc, 0x00, 0xff, 0x00, 0xff, 0x80, 0x7f, 0x80, 0x0f, 
    0x80, 0x03, 0x80, 0x00, 0x80
};
static GX_CONST GX_UBYTE FONT_THEME_1_FONT_BOLD_38_1BPP_char_61[66] =
{
    0x03, 0xf8, 0xfe, 0x0f, 0xfc, 0xfe, 0x1f, 0xfe, 0xfe, 0x3f, 0xff, 0xfe, 0x3f, 
    0xff, 0xfe, 0x7f, 0xff, 0xfe, 0x7f, 0x83, 0xfe, 0xff, 0x01, 0xfe, 0xfe, 0x01, 
    0xfe, 0xfe, 0x00, 0xfe, 0xfe, 0x00, 0xfe, 0xfe, 0x00, 0xfe, 0xfe, 0x00, 0xfe, 
    0xfe, 0x00, 0xfe, 0xff, 0x01, 0xfe, 0x7f, 0x83, 0xfe, 0x7f, 0xff, 0xfe, 0x3f, 
    0xff, 0xfe, 0x3f, 0xff, 0xfe, 0x1f, 0xfe, 0xfe, 0x0f, 0xfc, 0xfe, 0x03, 0xf0, 
    0xfe
};
static GX_CONST GX_UBYTE FONT_THEME_1_FONT_BOLD_38_1BPP_char_62[87] =
{
    0xfe, 0x00, 0x00, 0xfe, 0x00, 0x00, 0xfe, 0x00, 0x00, 0xfe, 0x00, 0x00, 0xfe, 
    0x00, 0x00, 0xfe, 0x00, 0x00, 0xfe, 0x00, 0x00, 0xfe, 0x3f, 0x00, 0xfe, 0xff, 
    0xc0, 0xff, 0xff, 0xe0, 0xff, 0xff, 0xf0, 0xff, 0xff, 0xf8, 0xff, 0xff, 0xfc, 
    0xff, 0x83, 0xfc, 0xff, 0x01, 0xfc, 0xfe, 0x00, 0xfc, 0xfe, 0x00, 0xfe, 0xfe, 
    0x00, 0xfe, 0xfe, 0x00, 0xfe, 0xfe, 0x00, 0xfe, 0xfe, 0x01, 0xfc, 0xff, 0x01, 
    0xfc, 0xff, 0x83, 0xfc, 0xff, 0xff, 0xf8, 0xff, 0xff, 0xf8, 0xff, 0xff, 0xf0, 
    0xff, 0xff, 0xe0, 0xfe, 0xff, 0xc0, 0xfe, 0x3f, 0x00
};
static GX_CONST GX_UBYTE FONT_THEME_1_FONT_BOLD_38_1BPP_char_63[66] =
{
    0x01, 0xfc, 0x00, 0x07, 0xff, 0x00, 0x1f, 0xff, 0xc0, 0x3f, 0xff, 0xe0, 0x3f, 
    0xff, 0xe0, 0x7f, 0xff, 0xf0, 0x7f, 0x07, 0xf0, 0xfe, 0x03, 0xf8, 0xfe, 0x00, 
    0x00, 0xfe, 0x00, 0x00, 0xfe, 0x00, 0x00, 0xfe, 0x00, 0x00, 0xfe, 0x00, 0x00, 
    0xfe, 0x00, 0x00, 0xfe, 0x03, 0xf8, 0x7f, 0x07, 0xf0, 0x7f, 0xff, 0xf0, 0x3f, 
    0xff, 0xe0, 0x3f, 0xff, 0xe0, 0x1f, 0xff, 0xc0, 0x07, 0xff, 0x00, 0x01, 0xfc, 
    0x00
};
static GX_CONST GX_UBYTE FONT_THEME_1_FONT_BOLD_38_1BPP_char_64[87] =
{
    0x00, 0x00, 0xfe, 0x00, 0x00, 0xfe, 0x00, 0x00, 0xfe, 0x00, 0x00, 0xfe, 0x00, 
    0x00, 0xfe, 0x00, 0x00, 0xfe, 0x00, 0x00, 0xfe, 0x03, 0xf0, 0xfe, 0x0f, 0xfc, 
    0xfe, 0x1f, 0xfe, 0xfe, 0x3f, 0xff, 0xfe, 0x3f, 0xff, 0xfe, 0x7f, 0xff, 0xfe, 
    0x7f, 0x83, 0xfe, 0xff, 0x01, 0xfe, 0xfe, 0x01, 0xfe, 0xfe, 0x00, 0xfe, 0xfe, 
    0x00, 0xfe, 0xfe, 0x00, 0xfe, 0xfe, 0x00, 0xfe, 0xfe, 0x00, 0xfe, 0xff, 0x01, 
    0xfe, 0x7f, 0x83, 0xfe, 0x7f, 0xff, 0xfe, 0x3f, 0xff, 0xfe, 0x3f, 0xff, 0xfe, 
    0x1f, 0xfe, 0xfe, 0x0f, 0xfc, 0xfe, 0x03, 0xf0, 0xfe
};
static GX_CONST GX_UBYTE FONT_THEME_1_FONT_BOLD_38_1BPP_char_65[66] =
{
    0x00, 0xfe, 0x00, 0x07, 0xff, 0x80, 0x0f, 0xff, 0xc0, 0x1f, 0xff, 0xe0, 0x3f, 
    0xff, 0xf0, 0x3f, 0xff, 0xf0, 0x7f, 0x03, 0xf8, 0x7e, 0x01, 0xf8, 0x7e, 0x01, 
    0xf8, 0x7f, 0xff, 0xfc, 0xff, 0xff, 0xfc, 0x7f, 0xff, 0xfc, 0x7f, 0xff, 0xfc, 
    0x7e, 0x00, 0x00, 0x7e, 0x00, 0x00, 0x7f, 0x07, 0xf8, 0x3f, 0xff, 0xf0, 0x3f, 
    0xff, 0xf0, 0x1f, 0xff, 0xe0, 0x0f, 0xff, 0xc0, 0x07, 0xff, 0x80, 0x00, 0xfe, 
    0x00
};
static GX_CONST GX_UBYTE FONT_THEME_1_FONT_BOLD_38_1BPP_char_66[62] =
{
    0x00, 0xf0, 0x03, 0xf0, 0x0f, 0xf0, 0x0f, 0xf0, 0x1f, 0xf0, 0x1f, 0xf0, 0x1f, 
    0xc0, 0x3f, 0x80, 0x3f, 0x80, 0xff, 0xf0, 0xff, 0xf0, 0xff, 0xf0, 0xff, 0xf0, 
    0xff, 0xf0, 0xff, 0xf0, 0x3f, 0x80, 0x3f, 0x80, 0x3f, 0x80, 0x3f, 0x80, 0x3f, 
    0x80, 0x3f, 0x80, 0x3f, 0x80, 0x3f, 0x80, 0x3f, 0x80, 0x3f, 0x80, 0x3f, 0x80, 
    0x3f, 0x80, 0x3f, 0x80, 0x3f, 0x80, 0x3f, 0x80, 0x3f, 0x80
};
static GX_CONST GX_UBYTE FONT_THEME_1_FONT_BOLD_38_1BPP_char_67[96] =
{
    0x03, 0xf8, 0xfe, 0x0f, 0xfc, 0xfe, 0x1f, 0xfe, 0xfe, 0x3f, 0xff, 0xfe, 0x3f, 
    0xff, 0xfe, 0x7f, 0xff, 0xfe, 0x7f, 0x83, 0xfe, 0xff, 0x01, 0xfe, 0xfe, 0x01, 
    0xfe, 0xfe, 0x00, 0xfe, 0xfe, 0x00, 0xfe, 0xfe, 0x00, 0xfe, 0xfe, 0x00, 0xfe, 
    0xfe, 0x00, 0xfe, 0xff, 0x01, 0xfe, 0x7f, 0x83, 0xfe, 0x7f, 0xff, 0xfe, 0x3f, 
    0xff, 0xfe, 0x3f, 0xff, 0xfe, 0x1f, 0xfe, 0xfe, 0x0f, 0xfc, 0xfe, 0x03, 0xf0, 
    0xfe, 0x00, 0x00, 0xfe, 0x00, 0x00, 0xfc, 0x7f, 0x01, 0xfc, 0x7f, 0x83, 0xfc, 
    0x7f, 0xff, 0xfc, 0x3f, 0xff, 0xf8, 0x1f, 0xff, 0xf0, 0x0f, 0xff, 0xe0, 0x07, 
    0xff, 0xc0, 0x00, 0xff, 0x00
};
static GX_CONST GX_UBYTE FONT_THEME_1_FONT_BOLD_38_1BPP_char_68[87] =
{
    0xfe, 0x00, 0x00, 0xfe, 0x00, 0x00, 0xfe, 0x00, 0x00, 0xfe, 0x00, 0x00, 0xfe, 
    0x00, 0x00, 0xfe, 0x00, 0x00, 0xfe, 0x00, 0x00, 0xfe, 0x3f, 0x00, 0xfe, 0xff, 
    0xc0, 0xff, 0xff, 0xe0, 0xff, 0xff, 0xf0, 0xff, 0xff, 0xf0, 0xff, 0xff, 0xf0, 
    0xff, 0x07, 0xf8, 0xfe, 0x03, 0xf8, 0xfe, 0x03, 0xf8, 0xfe, 0x03, 0xf8, 0xfe, 
    0x03, 0xf8, 0xfe, 0x03, 0xf8, 0xfe, 0x03, 0xf8, 0xfe, 0x03, 0xf8, 0xfe, 0x03, 
    0xf8, 0xfe, 0x03, 0xf8, 0xfe, 0x03, 0xf8, 0xfe, 0x03, 0xf8, 0xfe, 0x03, 0xf8, 
    0xfe, 0x03, 0xf8, 0xfe, 0x03, 0xf8, 0xfe, 0x03, 0xf8
};
static GX_CONST GX_UBYTE FONT_THEME_1_FONT_BOLD_38_1BPP_char_69[31] =
{
    0x3c, 0x7e, 0xff, 0xff, 0xff, 0x7e, 0x3c, 0x00, 0x00, 0xfe, 0xfe, 0xfe, 0xfe, 
    0xfe, 0xfe, 0xfe, 0xfe, 0xfe, 0xfe, 0xfe, 0xfe, 0xfe, 0xfe, 0xfe, 0xfe, 0xfe, 
    0xfe, 0xfe, 0xfe, 0xfe, 0xfe
};
static GX_CONST GX_UBYTE FONT_THEME_1_FONT_BOLD_38_1BPP_char_6a[82] =
{
    0x07, 0x80, 0x0f, 0xc0, 0x1f, 0xe0, 0x1f, 0xe0, 0x1f, 0xe0, 0x0f, 0xc0, 0x07, 
    0x80, 0x00, 0x00, 0x00, 0x00, 0x1f, 0xc0, 0x1f, 0xc0, 0x1f, 0xc0, 0x1f, 0xc0, 
    0x1f, 0xc0, 0x1f, 0xc0, 0x1f, 0xc0, 0x1f, 0xc0, 0x1f, 0xc0, 0x1f, 0xc0, 0x1f, 
    0xc0, 0x1f, 0xc0, 0x1f, 0xc0, 0x1f, 0xc0, 0x1f, 0xc0, 0x1f, 0xc0, 0x1f, 0xc0, 
    0x1f, 0xc0, 0x1f, 0xc0, 0x1f, 0xc0, 0x1f, 0xc0, 0x1f, 0xc0, 0x1f, 0xc0, 0x1f, 
    0xc0, 0x1f, 0xc0, 0x1f, 0xc0, 0xff, 0xc0, 0xff, 0xc0, 0xff, 0x80, 0xff, 0x80, 
    0xff, 0x00, 0xfc, 0x00
};
static GX_CONST GX_UBYTE FONT_THEME_1_FONT_BOLD_38_1BPP_char_6b[87] =
{
    0xfe, 0x00, 0x00, 0xfe, 0x00, 0x00, 0xfe, 0x00, 0x00, 0xfe, 0x00, 0x00, 0xfe, 
    0x00, 0x00, 0xfe, 0x00, 0x00, 0xfe, 0x00, 0x00, 0xfe, 0x07, 0xf8, 0xfe, 0x0f, 
    0xf0, 0xfe, 0x1f, 0xe0, 0xfe, 0x1f, 0xc0, 0xfe, 0x3f, 0x80, 0xfe, 0x7f, 0x80, 
    0xfe, 0xff, 0x00, 0xfe, 0xfe, 0x00, 0xff, 0xfc, 0x00, 0xff, 0xf8, 0x00, 0xff, 
    0xf8, 0x00, 0xff, 0xf8, 0x00, 0xff, 0xf8, 0x00, 0xff, 0xfc, 0x00, 0xfe, 0xfe, 
    0x00, 0xfe, 0xff, 0x00, 0xfe, 0x7f, 0x80, 0xfe, 0x3f, 0x80, 0xfe, 0x1f, 0xc0, 
    0xfe, 0x1f, 0xe0, 0xfe, 0x0f, 0xf0, 0xfe, 0x07, 0xf8
};
static GX_CONST GX_UBYTE FONT_THEME_1_FONT_BOLD_38_1BPP_char_6c[29] =
{
    0xfe, 0xfe, 0xfe, 0xfe, 0xfe, 0xfe, 0xfe, 0xfe, 0xfe, 0xfe, 0xfe, 0xfe, 0xfe, 
    0xfe, 0xfe, 0xfe, 0xfe, 0xfe, 0xfe, 0xfe, 0xfe, 0xfe, 0xfe, 0xfe, 0xfe, 0xfe, 
    0xfe, 0xfe, 0xfe
};
static GX_CONST GX_UBYTE FONT_THEME_1_FONT_BOLD_38_1BPP_char_6d[110] =
{
    0xfe, 0x3f, 0x00, 0xfc, 0x00, 0xfe, 0xff, 0xc3, 0xff, 0x00, 0xff, 0xff, 0xe7, 
    0xff, 0x80, 0xff, 0xff, 0xff, 0xff, 0xc0, 0xff, 0xff, 0xff, 0xff, 0xc0, 0xff, 
    0xff, 0xff, 0xff, 0xe0, 0xff, 0x07, 0xfc, 0x1f, 0xe0, 0xfe, 0x03, 0xfc, 0x0f, 
    0xe0, 0xfe, 0x03, 0xf8, 0x07, 0xe0, 0xfe, 0x03, 0xf8, 0x07, 0xe0, 0xfe, 0x03, 
    0xf8, 0x07, 0xe0, 0xfe, 0x03, 0xf8, 0x07, 0xe0, 0xfe, 0x03, 0xf8, 0x07, 0xe0, 
    0xfe, 0x03, 0xf8, 0x07, 0xe0, 0xfe, 0x03, 0xf8, 0x07, 0xe0, 0xfe, 0x03, 0xf8, 
    0x07, 0xe0, 0xfe, 0x03, 0xf8, 0x07, 0xe0, 0xfe, 0x03, 0xf8, 0x07, 0xe0, 0xfe, 
    0x03, 0xf8, 0x07, 0xe0, 0xfe, 0x03, 0xf8, 0x07, 0xe0, 0xfe, 0x03, 0xf8, 0x07, 
    0xe0, 0xfe, 0x03, 0xf8, 0x07, 0xe0
};
static GX_CONST GX_UBYTE FONT_THEME_1_FONT_BOLD_38_1BPP_char_6e[66] =
{
    0xfe, 0x3f, 0x00, 0xfe, 0xff, 0xc0, 0xff, 0xff, 0xe0, 0xff, 0xff, 0xf0, 0xff, 
    0xff, 0xf0, 0xff, 0xff, 0xf0, 0xff, 0x07, 0xf8, 0xfe, 0x03, 0xf8, 0xfe, 0x03, 
    0xf8, 0xfe, 0x03, 0xf8, 0xfe, 0x03, 0xf8, 0xfe, 0x03, 0xf8, 0xfe, 0x03, 0xf8, 
    0xfe, 0x03, 0xf8, 0xfe, 0x03, 0xf8, 0xfe, 0x03, 0xf8, 0xfe, 0x03, 0xf8, 0xfe, 
    0x03, 0xf8, 0xfe, 0x03, 0xf8, 0xfe, 0x03, 0xf8, 0xfe, 0x03, 0xf8, 0xfe, 0x03, 
    0xf8
};
static GX_CONST GX_UBYTE FONT_THEME_1_FONT_BOLD_38_1BPP_char_6f[66] =
{
    0x01, 0xfe, 0x00, 0x07, 0xff, 0x80, 0x0f, 0xff, 0xc0, 0x1f, 0xff, 0xe0, 0x3f, 
    0xff, 0xf0, 0x7f, 0xff, 0xf8, 0x7f, 0x87, 0xf8, 0xff, 0x03, 0xfc, 0xfe, 0x01, 
    0xfc, 0xfe, 0x01, 0xfc, 0xfe, 0x01, 0xfc, 0xfe, 0x01, 0xfc, 0xfe, 0x01, 0xfc, 
    0xfe, 0x01, 0xfc, 0xff, 0x03, 0xfc, 0x7f, 0x87, 0xf8, 0x7f, 0xff, 0xf8, 0x3f, 
    0xff, 0xf0, 0x1f, 0xff, 0xe0, 0x0f, 0xff, 0xc0, 0x07, 0xff, 0x80, 0x01, 0xfe, 
    0x00
};
static GX_CONST GX_UBYTE FONT_THEME_1_FONT_BOLD_38_1BPP_char_70[96] =
{
    0xfe, 0x3f, 0x00, 0xfe, 0xff, 0xc0, 0xff, 0xff, 0xe0, 0xff, 0xff, 0xf0, 0xff, 
    0xff, 0xf8, 0xff, 0xff, 0xfc, 0xff, 0x83, 0xfc, 0xff, 0x01, 0xfc, 0xfe, 0x00, 
    0xfc, 0xfe, 0x00, 0xfe, 0xfe, 0x00, 0xfe, 0xfe, 0x00, 0xfe, 0xfe, 0x00, 0xfe, 
    0xfe, 0x01, 0xfc, 0xff, 0x01, 0xfc, 0xff, 0x83, 0xfc, 0xff, 0xff, 0xf8, 0xff, 
    0xff, 0xf8, 0xff, 0xff, 0xf0, 0xff, 0xff, 0xe0, 0xfe, 0xff, 0xc0, 0xfe, 0x3f, 
    0x00, 0xfe, 0x00, 0x00, 0xfe, 0x00, 0x00, 0xfe, 0x00, 0x00, 0xfe, 0x00, 0x00, 
    0xfe, 0x00, 0x00, 0xfe, 0x00, 0x00, 0xfe, 0x00, 0x00, 0xfe, 0x00, 0x00, 0xfe, 
    0x00, 0x00, 0xfe, 0x00, 0x00
};
static GX_CONST GX_UBYTE FONT_THEME_1_FONT_BOLD_38_1BPP_char_71[96] =
{
    0x01, 0xf8, 0xfe, 0x07, 0xfe, 0xfe, 0x1f, 0xff, 0xfe, 0x3f, 0xff, 0xfe, 0x3f, 
    0xff, 0xfe, 0x7f, 0xff, 0xfe, 0x7f, 0x83, 0xfe, 0xff, 0x01, 0xfe, 0xfe, 0x00, 
    0xfe, 0xfe, 0x00, 0xfe, 0xfe, 0x00, 0xfe, 0xfe, 0x00, 0xfe, 0xfe, 0x00, 0xfe, 
    0xfe, 0x01, 0xfe, 0xff, 0x01, 0xfe, 0x7f, 0x83, 0xfe, 0x7f, 0xff, 0xfe, 0x3f, 
    0xff, 0xfe, 0x3f, 0xff, 0xfe, 0x1f, 0xff, 0xfe, 0x07, 0xfc, 0xfe, 0x01, 0xf8, 
    0xfe, 0x00, 0x00, 0xfe, 0x00, 0x00, 0xfe, 0x00, 0x00, 0xfe, 0x00, 0x00, 0xfe, 
    0x00, 0x00, 0xfe, 0x00, 0x00, 0xfe, 0x00, 0x00, 0xfe, 0x00, 0x00, 0xfe, 0x00, 
    0x00, 0xfe, 0x00, 0x00, 0xfe
};
static GX_CONST GX_UBYTE FONT_THEME_1_FONT_BOLD_38_1BPP_char_72[44] =
{
    0xfe, 0x38, 0xfe, 0x78, 0xff, 0xf8, 0xff, 0xf8, 0xff, 0xf8, 0xff, 0xf8, 0xff, 
    0xf8, 0xff, 0x80, 0xfe, 0x00, 0xfe, 0x00, 0xfe, 0x00, 0xfe, 0x00, 0xfe, 0x00, 
    0xfe, 0x00, 0xfe, 0x00, 0xfe, 0x00, 0xfe, 0x00, 0xfe, 0x00, 0xfe, 0x00, 0xfe, 
    0x00, 0xfe, 0x00, 0xfe, 0x00
};
static GX_CONST GX_UBYTE FONT_THEME_1_FONT_BOLD_38_1BPP_char_73[66] =
{
    0x03, 0xf8, 0x00, 0x0f, 0xff, 0x00, 0x1f, 0xff, 0x80, 0x3f, 0xff, 0xc0, 0x7f, 
    0xff, 0xc0, 0x7f, 0x1f, 0xe0, 0x7f, 0x0f, 0xe0, 0x7f, 0x00, 0x00, 0x7f, 0xc0, 
    0x00, 0x3f, 0xfc, 0x00, 0x1f, 0xff, 0x00, 0x0f, 0xff, 0x80, 0x01, 0xff, 0xc0, 
    0x00, 0x3f, 0xe0, 0x00, 0x0f, 0xe0, 0xfe, 0x0f, 0xe0, 0x7f, 0x0f, 0xe0, 0x7f, 
    0xff, 0xe0, 0x3f, 0xff, 0xc0, 0x1f, 0xff, 0x80, 0x0f, 0xff, 0x00, 0x03, 0xfc, 
    0x00
};
static GX_CONST GX_UBYTE FONT_THEME_1_FONT_BOLD_38_1BPP_char_74[54] =
{
    0x3f, 0x80, 0x3f, 0x80, 0x3f, 0x80, 0x3f, 0x80, 0x3f, 0x80, 0xff, 0xf8, 0xff, 
    0xf8, 0xff, 0xf8, 0xff, 0xf8, 0xff, 0xf8, 0xff, 0xf8, 0x3f, 0x80, 0x3f, 0x80, 
    0x3f, 0x80, 0x3f, 0x80, 0x3f, 0x80, 0x3f, 0x80, 0x3f, 0x80, 0x3f, 0x80, 0x3f, 
    0x80, 0x3f, 0x80, 0x1f, 0xf8, 0x1f, 0xf8, 0x1f, 0xf8, 0x0f, 0xf8, 0x07, 0xf8, 
    0x03, 0xf8
};
static GX_CONST GX_UBYTE FONT_THEME_1_FONT_BOLD_38_1BPP_char_75[66] =
{
    0xfe, 0x03, 0xf8, 0xfe, 0x03, 0xf8, 0xfe, 0x03, 0xf8, 0xfe, 0x03, 0xf8, 0xfe, 
    0x03, 0xf8, 0xfe, 0x03, 0xf8, 0xfe, 0x03, 0xf8, 0xfe, 0x03, 0xf8, 0xfe, 0x03, 
    0xf8, 0xfe, 0x03, 0xf8, 0xfe, 0x03, 0xf8, 0xfe, 0x03, 0xf8, 0xfe, 0x03, 0xf8, 
    0xfe, 0x03, 0xf8, 0xfe, 0x03, 0xf8, 0xff, 0x07, 0xf8, 0x7f, 0xff, 0xf8, 0x7f, 
    0xff, 0xf8, 0x7f, 0xff, 0xf8, 0x3f, 0xff, 0xf8, 0x1f, 0xfb, 0xf8, 0x07, 0xe3, 
    0xf8
};
static GX_CONST GX_UBYTE FONT_THEME_1_FONT_BOLD_38_1BPP_char_76[66] =
{
    0x7e, 0x00, 0xfe, 0x7f, 0x00, 0xfe, 0x7f, 0x00, 0xfe, 0x3f, 0x01, 0xfc, 0x3f, 
    0x81, 0xfc, 0x3f, 0x81, 0xfc, 0x1f, 0x81, 0xf8, 0x1f, 0xc3, 0xf8, 0x1f, 0xc3, 
    0xf8, 0x0f, 0xc3, 0xf0, 0x0f, 0xc7, 0xf0, 0x0f, 0xe7, 0xe0, 0x07, 0xe7, 0xe0, 
    0x07, 0xef, 0xe0, 0x07, 0xff, 0xc0, 0x03, 0xff, 0xc0, 0x03, 0xff, 0xc0, 0x03, 
    0xff, 0x80, 0x01, 0xff, 0x80, 0x01, 0xff, 0x80, 0x01, 0xff, 0x00, 0x00, 0xff, 
    0x00
};
static GX_CONST GX_UBYTE FONT_THEME_1_FONT_BOLD_38_1BPP_char_77[110] =
{
    0xfe, 0x07, 0xf0, 0x1f, 0x80, 0x7e, 0x07, 0xf0, 0x3f, 0x00, 0x7e, 0x07, 0xf8, 
    0x3f, 0x00, 0x7e, 0x0f, 0xf8, 0x3f, 0x00, 0x7f, 0x0f, 0xf8, 0x3f, 0x00, 0x3f, 
    0x0f, 0xf8, 0x3e, 0x00, 0x3f, 0x0f, 0xfc, 0x7e, 0x00, 0x3f, 0x1f, 0xfc, 0x7e, 
    0x00, 0x3f, 0x1f, 0x7c, 0x7e, 0x00, 0x1f, 0x1f, 0x7c, 0x7c, 0x00, 0x1f, 0x9f, 
    0x7e, 0x7c, 0x00, 0x1f, 0x9f, 0x7e, 0xfc, 0x00, 0x1f, 0xbe, 0x3e, 0xfc, 0x00, 
    0x0f, 0xbe, 0x3e, 0xf8, 0x00, 0x0f, 0xbe, 0x3e, 0xf8, 0x00, 0x0f, 0xfe, 0x3f, 
    0xf8, 0x00, 0x0f, 0xfc, 0x1f, 0xf8, 0x00, 0x07, 0xfc, 0x1f, 0xf0, 0x00, 0x07, 
    0xfc, 0x1f, 0xf0, 0x00, 0x07, 0xfc, 0x1f, 0xf0, 0x00, 0x03, 0xf8, 0x0f, 0xe0, 
    0x00, 0x03, 0xf8, 0x0f, 0xe0, 0x00
};
static GX_CONST GX_UBYTE FONT_THEME_1_FONT_BOLD_38_1BPP_char_78[66] =
{
    0x7f, 0x01, 0xfc, 0x7f, 0x83, 0xf8, 0x3f, 0x83, 0xf0, 0x1f, 0xc7, 0xf0, 0x1f, 
    0xef, 0xe0, 0x0f, 0xef, 0xc0, 0x07, 0xff, 0xc0, 0x07, 0xff, 0x80, 0x03, 0xff, 
    0x80, 0x01, 0xff, 0x00, 0x01, 0xfe, 0x00, 0x01, 0xfe, 0x00, 0x03, 0xff, 0x00, 
    0x03, 0xff, 0x80, 0x07, 0xff, 0x80, 0x0f, 0xff, 0xc0, 0x0f, 0xdf, 0xe0, 0x1f, 
    0xcf, 0xe0, 0x1f, 0x87, 0xf0, 0x3f, 0x87, 0xf8, 0x7f, 0x03, 0xf8, 0x7f, 0x01, 
    0xfc
};
static GX_CONST GX_UBYTE FONT_THEME_1_FONT_BOLD_38_1BPP_char_79[96] =
{
    0xfe, 0x00, 0x7f, 0x7f, 0x00, 0xfe, 0x7f, 0x00, 0xfe, 0x7f, 0x00, 0xfe, 0x3f, 
    0x81, 0xfc, 0x3f, 0x81, 0xfc, 0x1f, 0xc1, 0xf8, 0x1f, 0xc3, 0xf8, 0x1f, 0xc3, 
    0xf8, 0x0f, 0xe3, 0xf0, 0x0f, 0xe7, 0xf0, 0x07, 0xe7, 0xe0, 0x07, 0xff, 0xe0, 
    0x03, 0xff, 0xc0, 0x03, 0xff, 0xc0, 0x03, 0xff, 0xc0, 0x01, 0xff, 0x80, 0x01, 
    0xff, 0x80, 0x00, 0xff, 0x00, 0x00, 0xff, 0x00, 0x00, 0xff, 0x00, 0x00, 0xfe, 
    0x00, 0x00, 0xfe, 0x00, 0x01, 0xfc, 0x00, 0x01, 0xfc, 0x00, 0x01, 0xf8, 0x00, 
    0x03, 0xf8, 0x00, 0x03, 0xf8, 0x00, 0x07, 0xf0, 0x00, 0x07, 0xf0, 0x00, 0x0f, 
    0xe0, 0x00, 0x0f, 0xe0, 0x00
};
static GX_CONST GX_UBYTE FONT_THEME_1_FONT_BOLD_38_1BPP_char_7a[44] =
{
    0xff, 0xff, 0xff, 0xff, 0xff, 0xff, 0xff, 0xff, 0xff, 0xff, 0xff, 0xff, 0x00, 
    0xfe, 0x01, 0xfc, 0x03, 0xfc, 0x03, 0xf8, 0x07, 0xf0, 0x0f, 0xe0, 0x1f, 0xc0, 
    0x3f, 0x80, 0x3f, 0x80, 0x7f, 0x00, 0xff, 0xff, 0xff, 0xff, 0xff, 0xff, 0xff, 
    0xff, 0xff, 0xff, 0xff, 0xff
};
static GX_CONST GX_UBYTE FONT_THEME_1_FONT_BOLD_38_1BPP_char_7b[88] =
{
    0x01, 0xf8, 0x07, 0xf8, 0x0f, 0xf8, 0x0f, 0xf8, 0x1f, 0xf8, 0x1f, 0xf8, 0x1f, 
    0xc0, 0x1f, 0xc0, 0x1f, 0xc0, 0x1f, 0xc0, 0x1f, 0xc0, 0x1f, 0xc0, 0x1f, 0xc0, 
    0x1f, 0xc0, 0x1f, 0xc0, 0x1f, 0xc0, 0x1f, 0xc0, 0x1f, 0xc0, 0x1f, 0xc0, 0xff, 
    0x80, 0xff, 0x80, 0xfe, 0x00, 0xfe, 0x00, 0xff, 0x80, 0xff, 0x80, 0x3f, 0xc0, 
    0x1f, 0xc0, 0x1f, 0xc0, 0x1f, 0xc0, 0x1f, 0xc0, 0x1f, 0xc0, 0x1f, 0xc0, 0x1f, 
    0xc0, 0x1f, 0xc0, 0x1f, 0xc0, 0x1f, 0xc0, 0x1f, 0xc0, 0x1f, 0xc0, 0x1f, 0xf8, 
    0x1f, 0xf8, 0x0f, 0xf8, 0x0f, 0xf8, 0x07, 0xf8, 0x01, 0xf8
};
static GX_CONST GX_UBYTE FONT_THEME_1_FONT_BOLD_38_1BPP_char_7c[37] =
{
    0xfe, 0xfe, 0xfe, 0xfe, 0xfe, 0xfe, 0xfe, 0xfe, 0xfe, 0xfe, 0xfe, 0xfe, 0xfe, 
    0xfe, 0xfe, 0xfe, 0xfe, 0xfe, 0xfe, 0xfe, 0xfe, 0xfe, 0xfe, 0xfe, 0xfe, 0xfe, 
    0xfe, 0xfe, 0xfe, 0xfe, 0xfe, 0xfe, 0xfe, 0xfe, 0xfe, 0xfe, 0xfe
};
static GX_CONST GX_UBYTE FONT_THEME_1_FONT_BOLD_38_1BPP_char_7d[88] =
{
    0xfc, 0x00, 0xff, 0x00, 0xff, 0x80, 0xff, 0x80, 0xff, 0xc0, 0xff, 0xc0, 0x1f, 
    0xc0, 0x1f, 0xc0, 0x1f, 0xc0, 0x1f, 0xc0, 0x1f, 0xc0, 0x1f, 0xc0, 0x1f, 0xc0, 
    0x1f, 0xc0, 0x1f, 0xc0, 0x1f, 0xc0, 0x1f, 0xc0, 0x1f, 0xc0, 0x1f, 0xc0, 0x0f, 
    0xf8, 0x0f, 0xf8, 0x07, 0xf8, 0x03, 0xf8, 0x0f, 0xf8, 0x0f, 0xf8, 0x1f, 0xe0, 
    0x1f, 0xc0, 0x1f, 0xc0, 0x1f, 0xc0, 0x1f, 0xc0, 0x1f, 0xc0, 0x1f, 0xc0, 0x1f, 
    0xc0, 0x1f, 0xc0, 0x1f, 0xc0, 0x1f, 0xc0, 0x1f, 0xc0, 0x1f, 0xc0, 0xff, 0xc0, 
    0xff, 0xc0, 0xff, 0x80, 0xff, 0x80, 0xff, 0x00, 0xfc, 0x00
};
static GX_CONST GX_UBYTE FONT_THEME_1_FONT_BOLD_38_1BPP_char_7e[24] =
{
    0x07, 0xc0, 0x7c, 0x1f, 0xf0, 0x7c, 0x3f, 0xff, 0xfc, 0x3f, 0xff, 0xf8, 0x7f, 
    0xff, 0xf8, 0x7f, 0xff, 0xf0, 0xf8, 0x3f, 0xe0, 0xf8, 0x0f, 0x80
};
static GX_CONST GX_GLYPH THEME_1_FONT_BOLD_38_1BPP_FONT_PAGE_1_GLYPHS[95] =
{
    {FONT_THEME_1_FONT_BOLD_38_1BPP_char_20, 0, 0, 8, 0, 1, 1},
    {FONT_THEME_1_FONT_BOLD_38_1BPP_char_21, 29, 0, 16, 4, 8, 29},
    {FONT_THEME_1_FONT_BOLD_38_1BPP_char_22, 32, -23, 16, 2, 12, 9},
    {FONT_THEME_1_FONT_BOLD_38_1BPP_char_23, 29, 0, 34, 1, 32, 29},
    {FONT_THEME_1_FONT_BOLD_38_1BPP_char_24, 31, 3, 25, 2, 21, 34},
    {FONT_THEME_1_FONT_BOLD_38_1BPP_char_25, 27, 0, 32, 1, 30, 27},
    {FONT_THEME_1_FONT_BOLD_38_1BPP_char_26, 27, 0, 30, 1, 29, 27},
    {FONT_THEME_1_FONT_BOLD_38_1BPP_char_27, 32, -23, 9, 2, 5, 9},
    {FONT_THEME_1_FONT_BOLD_38_1BPP_char_28, 36, 8, 18, 3, 15, 44},
    {FONT_THEME_1_FONT_BOLD_38_1BPP_char_29, 36, 8, 19, 0, 16, 44},
    {FONT_THEME_1_FONT_BOLD_38_1BPP_char_2a, 29, -14, 20, 2, 15, 15},
    {FONT_THEME_1_FONT_BOLD_38_1BPP_char_2b, 24, -4, 23, 2, 19, 20},
    {FONT_THEME_1_FONT_BOLD_38_1BPP_char_2c, 6, 5, 11, 0, 8, 11},
    {FONT_THEME_1_FONT_BOLD_38_1BPP_char_2d, 17, -11, 22, 2, 17, 6},
    {FONT_THEME_1_FONT_BOLD_38_1BPP_char_2e, 7, 0, 11, 2, 8, 7},
    {FONT_THEME_1_FONT_BOLD_38_1BPP_char_2f, 37, 7, 17, 0, 17, 44},
    {FONT_THEME_1_FONT_BOLD_38_1BPP_char_30, 29, 0, 25, 2, 22, 29},
    {FONT_THEME_1_FONT_BOLD_38_1BPP_char_31, 28, 0, 14, 1, 11, 28},
    {FONT_THEME_1_FONT_BOLD_38_1BPP_char_32, 29, 0, 21, 1, 19, 29},
    {FONT_THEME_1_FONT_BOLD_38_1BPP_char_33, 29, 0, 24, 2, 20, 29},
    {FONT_THEME_1_FONT_BOLD_38_1BPP_char_34, 28, 0, 25, 2, 22, 28},
    {FONT_THEME_1_FONT_BOLD_38_1BPP_char_35, 28, 0, 25, 3, 21, 28},
    {FONT_THEME_1_FONT_BOLD_38_1BPP_char_36, 29, 0, 24, 2, 20, 29},
    {FONT_THEME_1_FONT_BOLD_38_1BPP_char_37, 28, 0, 20, 1, 18, 28},
    {FONT_THEME_1_FONT_BOLD_38_1BPP_char_38, 30, 0, 25, 2, 21, 30},
    {FONT_THEME_1_FONT_BOLD_38_1BPP_char_39, 29, 0, 24, 2, 20, 29},
    {FONT_THEME_1_FONT_BOLD_38_1BPP_char_3a, 23, 0, 12, 2, 8, 23},
    {FONT_THEME_1_FONT_BOLD_38_1BPP_char_3b, 22, 5, 14, 2, 9, 27},
    {FONT_THEME_1_FONT_BOLD_38_1BPP_char_3c, 22, -5, 21, 2, 16, 17},
    {FONT_THEME_1_FONT_BOLD_38_1BPP_char_3d, 22, -6, 27, 3, 21, 16},
    {FONT_THEME_1_FONT_BOLD_38_1BPP_char_3e, 22, -5, 21, 2, 16, 17},
    {FONT_THEME_1_FONT_BOLD_38_1BPP_char_3f, 29, 0, 20, 1, 18, 29},
    {FONT_THEME_1_FONT_BOLD_38_1BPP_char_40, 26, 9, 42, 3, 36, 35},
    {FONT_THEME_1_FONT_BOLD_38_1BPP_char_41, 27, 0, 28, 0, 26, 27},
    {FONT_THEME_1_FONT_BOLD_38_1BPP_char_42, 27, 0, 24, 2, 21, 27},
    {FONT_THEME_1_FONT_BOLD_38_1BPP_char_43, 27, 0, 29, 1, 26, 27},
    {FONT_THEME_1_FONT_BOLD_38_1BPP_char_44, 27, 0, 27, 2, 24, 27},
    {FONT_THEME_1_FONT_BOLD_38_1BPP_char_45, 27, 0, 20, 2, 17, 27},
    {FONT_THEME_1_FONT_BOLD_38_1BPP_char_46, 27, 0, 21, 2, 18, 27},
    {FONT_THEME_1_FONT_BOLD_38_1BPP_char_47, 27, 0, 28, 1, 26, 27},
    {FONT_THEME_1_FONT_BOLD_38_1BPP_char_48, 27, 0, 27, 2, 23, 27},
    {FONT_THEME_1_FONT_BOLD_38_1BPP_char_49, 27, 0, 11, 2, 7, 27},
    {FONT_THEME_1_FONT_BOLD_38_1BPP_char_4a, 27, 0, 22, 1, 18, 27},
    {FONT_THEME_1_FONT_BOLD_38_1BPP_char_4b, 27, 0, 26, 2, 24, 27},
    {FONT_THEME_1_FONT_BOLD_38_1BPP_char_4c, 27, 0, 18, 2, 15, 27},
    {FONT_THEME_1_FONT_BOLD_38_1BPP_char_4d, 27, 0, 34, 2, 30, 27},
    {FONT_THEME_1_FONT_BOLD_38_1BPP_char_4e, 27, 0, 28, 2, 24, 27},
    {FONT_THEME_1_FONT_BOLD_38_1BPP_char_4f, 27, 0, 30, 1, 28, 27},
    {FONT_THEME_1_FONT_BOLD_38_1BPP_char_50, 27, 0, 24, 2, 21, 27},
    {FONT_THEME_1_FONT_BOLD_38_1BPP_char_51, 27, 5, 30, 1, 28, 32},
    {FONT_THEME_1_FONT_BOLD_38_1BPP_char_52, 27, 0, 24, 2, 21, 27},
    {FONT_THEME_1_FONT_BOLD_38_1BPP_char_53, 27, 0, 24, 2, 20, 27},
    {FONT_THEME_1_FONT_BOLD_38_1BPP_char_54, 27, 0, 23, 1, 21, 27},
    {FONT_THEME_1_FONT_BOLD_38_1BPP_char_55, 27, 0, 27, 2, 23, 27},
    {FONT_THEME_1_FONT_BOLD_38_1BPP_char_56, 27, 0, 28, 0, 27, 27},
    {FONT_THEME_1_FONT_BOLD_38_1BPP_char_57, 27, 0, 40, 0, 38, 27},
    {FONT_THEME_1_FONT_BOLD_38_1BPP_char_58, 27, 0, 27, 0, 25, 27},
    {FONT_THEME_1_FONT_BOLD_38_1BPP_char_59, 27, 0, 25, -1, 25, 27},
    {FONT_THEME_1_FONT_BOLD_38_1BPP_char_5a, 27, 0, 23, 2, 19, 27},
    {FONT_THEME_1_FONT_BOLD_38_1BPP_char_5b, 36, 8, 20, 5, 12, 44},
    {FONT_THEME_1_FONT_BOLD_38_1BPP_char_5c, 37, 7, 30, 6, 16, 44},
    {FONT_THEME_1_FONT_BOLD_38_1BPP_char_5d, 36, 8, 20, 3, 13, 44},
    {FONT_THEME_1_FONT_BOLD_38_1BPP_char_5e, 27, -6, 27, 1, 25, 21},
    {FONT_THEME_1_FONT_BOLD_38_1BPP_char_5f, -2, 8, 30, 3, 24, 6},
    {FONT_THEME_1_FONT_BOLD_38_1BPP_char_60, 33, -23, 12, 1, 9, 9},
    {FONT_THEME_1_FONT_BOLD_38_1BPP_char_61, 22, 0, 26, 1, 23, 22},
    {FONT_THEME_1_FONT_BOLD_38_1BPP_char_62, 29, 0, 26, 2, 23, 29},
    {FONT_THEME_1_FONT_BOLD_38_1BPP_char_63, 22, 0, 23, 1, 21, 22},
    {FONT_THEME_1_FONT_BOLD_38_1BPP_char_64, 29, 0, 26, 1, 23, 29},
    {FONT_THEME_1_FONT_BOLD_38_1BPP_char_65, 22, 0, 24, 1, 22, 22},
    {FONT_THEME_1_FONT_BOLD_38_1BPP_char_66, 31, 0, 14, 1, 12, 31},
    {FONT_THEME_1_FONT_BOLD_38_1BPP_char_67, 22, 10, 26, 1, 23, 32},
    {FONT_THEME_1_FONT_BOLD_38_1BPP_char_68, 29, 0, 25, 2, 21, 29},
    {FONT_THEME_1_FONT_BOLD_38_1BPP_char_69, 31, 0, 12, 2, 8, 31},
    {FONT_THEME_1_FONT_BOLD_38_1BPP_char_6a, 31, 10, 12, -1, 11, 41},
    {FONT_THEME_1_FONT_BOLD_38_1BPP_char_6b, 29, 0, 23, 2, 21, 29},
    {FONT_THEME_1_FONT_BOLD_38_1BPP_char_6c, 29, 0, 11, 2, 7, 29},
    {FONT_THEME_1_FONT_BOLD_38_1BPP_char_6d, 22, 0, 40, 2, 35, 22},
    {FONT_THEME_1_FONT_BOLD_38_1BPP_char_6e, 22, 0, 25, 2, 21, 22},
    {FONT_THEME_1_FONT_BOLD_38_1BPP_char_6f, 22, 0, 24, 1, 22, 22},
    {FONT_THEME_1_FONT_BOLD_38_1BPP_char_70, 22, 10, 26, 2, 23, 32},
    {FONT_THEME_1_FONT_BOLD_38_1BPP_char_71, 22, 10, 26, 1, 23, 32},
    {FONT_THEME_1_FONT_BOLD_38_1BPP_char_72, 22, 0, 16, 2, 13, 22},
    {FONT_THEME_1_FONT_BOLD_38_1BPP_char_73, 22, 0, 22, 1, 19, 22},
    {FONT_THEME_1_FONT_BOLD_38_1BPP_char_74, 27, 0, 15, 1, 13, 27},
    {FONT_THEME_1_FONT_BOLD_38_1BPP_char_75, 22, 0, 25, 2, 21, 22},
    {FONT_THEME_1_FONT_BOLD_38_1BPP_char_76, 22, 0, 24, 0, 23, 22},
    {FONT_THEME_1_FONT_BOLD_38_1BPP_char_77, 22, 0, 33, 0, 33, 22},
    {FONT_THEME_1_FONT_BOLD_38_1BPP_char_78, 22, 0, 22, 0, 22, 22},
    {FONT_THEME_1_FONT_BOLD_38_1BPP_char_79, 22, 10, 24, -1, 24, 32},
    {FONT_THEME_1_FONT_BOLD_38_1BPP_char_7a, 22, 0, 18, 1, 16, 22},
    {FONT_THEME_1_FONT_BOLD_38_1BPP_char_7b, 36, 8, 19, 3, 13, 44},
    {FONT_THEME_1_FONT_BOLD_38_1BPP_char_7c, 32, 5, 11, 2, 7, 37},
    {FONT_THEME_1_FONT_BOLD_38_1BPP_char_7d, 36, 8, 19, 3, 13, 44},
    {FONT_THEME_1_FONT_BOLD_38_1BPP_char_7e, 16, -8, 24, 1, 22, 8}
};

static GX_CONST GX_FONT THEME_1_FONT_BOLD_38_1BPP = 
{
    GX_FONT_FORMAT_1BPP,                     /* format                         */
    0,                                       /* line pre-space                 */
    0,                                       /* line post-space                */ 
    47,                                      /* font data height               */
    37,                                      /* font baseline offset           */
    0x20,                                    /* first glyph within data page   */
    0x7e,                                    /* last glyph within data page    */
    {THEME_1_FONT_BOLD_38_1BPP_FONT_PAGE_1_GLYPHS},    /* pointer to glyph data */
    GX_NULL                                  /* next font page                 */
};


/* Font THEME_1_FONT_REGULAR_36_1BPP Data Definition                           */

static GX_CONST GX_UBYTE FONT_THEME_1_FONT_REGULAR_36_1BPP_char_20[1] =
{
    0x00
};
static GX_CONST GX_UBYTE FONT_THEME_1_FONT_REGULAR_36_1BPP_char_21[25] =
{
    0xf0, 0xf0, 0xf0, 0xf0, 0xf0, 0xf0, 0xf0, 0xf0, 0xf0, 0xf0, 0xf0, 0xf0, 0xf0, 
    0xf0, 0xf0, 0xf0, 0xf0, 0x00, 0x00, 0x00, 0x70, 0xf8, 0xf8, 0xf8, 0x70
};
static GX_CONST GX_UBYTE FONT_THEME_1_FONT_REGULAR_36_1BPP_char_22[14] =
{
    0xe3, 0x80, 0xe3, 0x80, 0xe3, 0x80, 0xe3, 0x80, 0xe3, 0x80, 0xe3, 0x80, 0xe3, 
    0x80
};
static GX_CONST GX_UBYTE FONT_THEME_1_FONT_REGULAR_36_1BPP_char_23[108] =
{
    0x00, 0x3c, 0x07, 0x80, 0x00, 0x38, 0x07, 0x80, 0x00, 0x78, 0x0f, 0x00, 0x00, 
    0x78, 0x0f, 0x00, 0x00, 0x78, 0x0f, 0x00, 0x00, 0x78, 0x0f, 0x00, 0x00, 0xf0, 
    0x1e, 0x00, 0x3f, 0xff, 0xff, 0xf0, 0x3f, 0xff, 0xff, 0xf0, 0x3f, 0xff, 0xff, 
    0xf0, 0x3f, 0xff, 0xff, 0xf0, 0x01, 0xe0, 0x3c, 0x00, 0x01, 0xe0, 0x3c, 0x00, 
    0x01, 0xe0, 0x3c, 0x00, 0x01, 0xe0, 0x3c, 0x00, 0x01, 0xe0, 0x3c, 0x00, 0x03, 
    0xc0, 0x78, 0x00, 0xff, 0xff, 0xff, 0xc0, 0xff, 0xff, 0xff, 0xc0, 0xff, 0xff, 
    0xff, 0xc0, 0xff, 0xff, 0xff, 0xc0, 0x07, 0x80, 0xf0, 0x00, 0x07, 0x80, 0xf0, 
    0x00, 0x07, 0x80, 0xf0, 0x00, 0x07, 0x80, 0xf0, 0x00, 0x0f, 0x01, 0xe0, 0x00, 
    0x0f, 0x01, 0xe0, 0x00
};
static GX_CONST GX_UBYTE FONT_THEME_1_FONT_REGULAR_36_1BPP_char_24[93] =
{
    0x00, 0xc0, 0x00, 0x00, 0xc0, 0x00, 0x00, 0xc0, 0x00, 0x07, 0xf8, 0x00, 0x1f, 
    0xfc, 0x00, 0x3f, 0xfe, 0x00, 0x7e, 0xff, 0x00, 0xf8, 0xcf, 0x80, 0xf0, 0xcf, 
    0x80, 0xf0, 0xc7, 0x80, 0xf0, 0xc0, 0x00, 0xf8, 0xc0, 0x00, 0xfc, 0xc0, 0x00, 
    0x7f, 0xc0, 0x00, 0x3f, 0xf0, 0x00, 0x1f, 0xfc, 0x00, 0x03, 0xff, 0x00, 0x00, 
    0xff, 0x00, 0x00, 0xcf, 0x80, 0x00, 0xc7, 0x80, 0x00, 0xc7, 0x80, 0xf0, 0xc7, 
    0x80, 0xf8, 0xc7, 0x80, 0xf8, 0xcf, 0x80, 0x7e, 0xdf, 0x00, 0x3f, 0xfe, 0x00, 
    0x1f, 0xfc, 0x00, 0x07, 0xf8, 0x00, 0x00, 0xc0, 0x00, 0x00, 0xc0, 0x00, 0x00, 
    0xc0, 0x00
};
static GX_CONST GX_UBYTE FONT_THEME_1_FONT_REGULAR_36_1BPP_char_25[100] =
{
    0x1f, 0x00, 0x38, 0x00, 0x7f, 0xc0, 0x78, 0x00, 0x71, 0xc0, 0x70, 0x00, 0xe0, 
    0xe0, 0xf0, 0x00, 0xe0, 0xe1, 0xe0, 0x00, 0xe0, 0xe1, 0xe0, 0x00, 0xe0, 0xe3, 
    0xc0, 0x00, 0x71, 0xc3, 0xc0, 0x00, 0x7f, 0xc7, 0x80, 0x00, 0x1f, 0x0f, 0x00, 
    0x00, 0x00, 0x0f, 0x00, 0x00, 0x00, 0x1e, 0x00, 0x00, 0x00, 0x1e, 0x00, 0x00, 
    0x00, 0x3c, 0x00, 0x00, 0x00, 0x3c, 0x3c, 0x00, 0x00, 0x78, 0xff, 0x00, 0x00, 
    0xf8, 0xff, 0x00, 0x00, 0xf1, 0xc3, 0x80, 0x01, 0xe1, 0xc3, 0x80, 0x01, 0xe1, 
    0xc3, 0x80, 0x03, 0xc1, 0xc3, 0x80, 0x07, 0xc1, 0xe7, 0x80, 0x07, 0x80, 0xff, 
    0x00, 0x0f, 0x80, 0xff, 0x00, 0x0f, 0x00, 0x3c, 0x00
};
static GX_CONST GX_UBYTE FONT_THEME_1_FONT_REGULAR_36_1BPP_char_26[100] =
{
    0x00, 0xfc, 0x00, 0x00, 0x03, 0xff, 0x00, 0x00, 0x07, 0xff, 0x80, 0x00, 0x0f, 
    0xff, 0x80, 0x00, 0x0f, 0x87, 0xc0, 0x00, 0x0f, 0x07, 0xc0, 0x00, 0x0f, 0x00, 
    0x00, 0x00, 0x0f, 0x80, 0x00, 0x00, 0x07, 0x80, 0x00, 0x00, 0x07, 0xc0, 0x00, 
    0x00, 0x07, 0xe0, 0x00, 0x00, 0x1f, 0xf8, 0x00, 0x00, 0x3f, 0xfc, 0x0f, 0x00, 
    0x7e, 0x7e, 0x1f, 0x00, 0x78, 0x1f, 0x3e, 0x00, 0xf8, 0x0f, 0xbc, 0x00, 0xf0, 
    0x07, 0xfc, 0x00, 0xf0, 0x03, 0xf8, 0x00, 0xf0, 0x01, 0xf0, 0x00, 0xf8, 0x03, 
    0xf8, 0x00, 0x7c, 0x07, 0xfc, 0x00, 0x7f, 0xff, 0xfe, 0x00, 0x3f, 0xff, 0x9f, 
    0x00, 0x1f, 0xfe, 0x0f, 0x80, 0x07, 0xf8, 0x07, 0xc0
};
static GX_CONST GX_UBYTE FONT_THEME_1_FONT_REGULAR_36_1BPP_char_27[7] =
{
    0xe0, 0xe0, 0xe0, 0xe0, 0xe0, 0xe0, 0xe0
};
static GX_CONST GX_UBYTE FONT_THEME_1_FONT_REGULAR_36_1BPP_char_28[80] =
{
    0x00, 0xf0, 0x01, 0xe0, 0x03, 0xc0, 0x07, 0xc0, 0x0f, 0x80, 0x0f, 0x00, 0x1f, 
    0x00, 0x1e, 0x00, 0x3e, 0x00, 0x3c, 0x00, 0x7c, 0x00, 0x7c, 0x00, 0x78, 0x00, 
    0x78, 0x00, 0xf8, 0x00, 0xf8, 0x00, 0xf0, 0x00, 0xf0, 0x00, 0xf0, 0x00, 0xf0, 
    0x00, 0xf0, 0x00, 0xf0, 0x00, 0xf0, 0x00, 0xf0, 0x00, 0xf0, 0x00, 0xf8, 0x00, 
    0x78, 0x00, 0x78, 0x00, 0x78, 0x00, 0x7c, 0x00, 0x3c, 0x00, 0x3c, 0x00, 0x3e, 
    0x00, 0x1e, 0x00, 0x1f, 0x00, 0x0f, 0x00, 0x0f, 0x80, 0x07, 0xc0, 0x03, 0xe0, 
    0x01, 0xe0
};
static GX_CONST GX_UBYTE FONT_THEME_1_FONT_REGULAR_36_1BPP_char_29[80] =
{
    0x78, 0x00, 0x3c, 0x00, 0x1e, 0x00, 0x1f, 0x00, 0x0f, 0x80, 0x07, 0x80, 0x07, 
    0xc0, 0x03, 0xc0, 0x03, 0xe0, 0x01, 0xe0, 0x01, 0xf0, 0x00, 0xf0, 0x00, 0xf0, 
    0x00, 0xf0, 0x00, 0xf8, 0x00, 0x78, 0x00, 0x78, 0x00, 0x78, 0x00, 0x78, 0x00, 
    0x78, 0x00, 0x78, 0x00, 0x78, 0x00, 0x78, 0x00, 0x78, 0x00, 0x78, 0x00, 0x78, 
    0x00, 0xf8, 0x00, 0xf0, 0x00, 0xf0, 0x01, 0xf0, 0x01, 0xf0, 0x01, 0xe0, 0x03, 
    0xe0, 0x03, 0xc0, 0x07, 0xc0, 0x07, 0x80, 0x0f, 0x80, 0x1f, 0x00, 0x3e, 0x00, 
    0x7c, 0x00
};
static GX_CONST GX_UBYTE FONT_THEME_1_FONT_REGULAR_36_1BPP_char_2a[26] =
{
    0x07, 0x80, 0x03, 0x80, 0x23, 0x10, 0x73, 0x38, 0xfb, 0x7c, 0x3f, 0xf0, 0x07, 
    0x80, 0x3f, 0xf0, 0xfb, 0x7c, 0x73, 0x38, 0x23, 0x10, 0x03, 0x80, 0x07, 0x80

};
static GX_CONST GX_UBYTE FONT_THEME_1_FONT_REGULAR_36_1BPP_char_2b[54] =
{
    0x01, 0xe0, 0x00, 0x01, 0xe0, 0x00, 0x01, 0xe0, 0x00, 0x01, 0xe0, 0x00, 0x01, 
    0xe0, 0x00, 0x01, 0xe0, 0x00, 0x01, 0xe0, 0x00, 0xff, 0xff, 0xc0, 0xff, 0xff, 
    0xc0, 0xff, 0xff, 0xc0, 0xff, 0xff, 0xc0, 0x01, 0xe0, 0x00, 0x01, 0xe0, 0x00, 
    0x01, 0xe0, 0x00, 0x01, 0xe0, 0x00, 0x01, 0xe0, 0x00, 0x01, 0xe0, 0x00, 0x01, 
    0xe0, 0x00
};
static GX_CONST GX_UBYTE FONT_THEME_1_FONT_REGULAR_36_1BPP_char_2c[10] =
{
    0x1e, 0x3e, 0x3c, 0x3c, 0x38, 0x78, 0x70, 0x70, 0x70, 0xe0
};
static GX_CONST GX_UBYTE FONT_THEME_1_FONT_REGULAR_36_1BPP_char_2d[8] =
{
    0xff, 0xfe, 0xff, 0xfe, 0xff, 0xfe, 0xff, 0xfe
};
static GX_CONST GX_UBYTE FONT_THEME_1_FONT_REGULAR_36_1BPP_char_2e[5] =
{
    0x70, 0xf8, 0xf8, 0xf8, 0x70
};
static GX_CONST GX_UBYTE FONT_THEME_1_FONT_REGULAR_36_1BPP_char_2f[80] =
{
    0x00, 0x3c, 0x00, 0x3c, 0x00, 0x78, 0x00, 0x78, 0x00, 0x78, 0x00, 0x78, 0x00, 
    0xf0, 0x00, 0xf0, 0x00, 0xf0, 0x00, 0xf0, 0x01, 0xe0, 0x01, 0xe0, 0x01, 0xe0, 
    0x01, 0xe0, 0x03, 0xc0, 0x03, 0xc0, 0x03, 0xc0, 0x03, 0xc0, 0x07, 0xc0, 0x07, 
    0x80, 0x07, 0x80, 0x07, 0x80, 0x0f, 0x80, 0x0f, 0x00, 0x0f, 0x00, 0x0f, 0x00, 
    0x1f, 0x00, 0x1e, 0x00, 0x1e, 0x00, 0x1e, 0x00, 0x1e, 0x00, 0x3c, 0x00, 0x3c, 
    0x00, 0x3c, 0x00, 0x3c, 0x00, 0x78, 0x00, 0x78, 0x00, 0x78, 0x00, 0x78, 0x00, 
    0xf0, 0x00
};
static GX_CONST GX_UBYTE FONT_THEME_1_FONT_REGULAR_36_1BPP_char_30[81] =
{
    0x00, 0x40, 0x00, 0x07, 0xfc, 0x00, 0x1f, 0xff, 0x00, 0x3f, 0xff, 0x80, 0x3e, 
    0x0f, 0x80, 0x7c, 0x07, 0xc0, 0x78, 0x03, 0xc0, 0x78, 0x03, 0xc0, 0xf8, 0x03, 
    0xe0, 0xf0, 0x01, 0xe0, 0xf0, 0x01, 0xe0, 0xf0, 0x01, 0xe0, 0xf0, 0x01, 0xe0, 
    0xf0, 0x01, 0xe0, 0xf0, 0x01, 0xe0, 0xf0, 0x01, 0xe0, 0xf0, 0x01, 0xe0, 0xf0, 
    0x01, 0xe0, 0xf0, 0x03, 0xe0, 0x78, 0x03, 0xc0, 0x78, 0x03, 0xc0, 0x7c, 0x07, 
    0xc0, 0x3c, 0x07, 0x80, 0x3f, 0xff, 0x80, 0x1f, 0xff, 0x00, 0x0f, 0xfe, 0x00, 
    0x03, 0xf8, 0x00
};
static GX_CONST GX_UBYTE FONT_THEME_1_FONT_REGULAR_36_1BPP_char_31[26] =
{
    0xff, 0xff, 0xff, 0xff, 0x0f, 0x0f, 0x0f, 0x0f, 0x0f, 0x0f, 0x0f, 0x0f, 0x0f, 
    0x0f, 0x0f, 0x0f, 0x0f, 0x0f, 0x0f, 0x0f, 0x0f, 0x0f, 0x0f, 0x0f, 0x0f, 0x0f

};
static GX_CONST GX_UBYTE FONT_THEME_1_FONT_REGULAR_36_1BPP_char_32[78] =
{
    0x07, 0xf0, 0x00, 0x1f, 0xfc, 0x00, 0x3f, 0xfe, 0x00, 0x7f, 0xff, 0x00, 0x7c, 
    0x0f, 0x00, 0xf8, 0x0f, 0x80, 0xf0, 0x07, 0x80, 0xf0, 0x07, 0x80, 0x00, 0x07, 
    0x80, 0x00, 0x07, 0x80, 0x00, 0x0f, 0x80, 0x00, 0x0f, 0x00, 0x00, 0x1f, 0x00, 
    0x00, 0x3e, 0x00, 0x00, 0x3c, 0x00, 0x00, 0x7c, 0x00, 0x00, 0xf8, 0x00, 0x03, 
    0xf0, 0x00, 0x07, 0xe0, 0x00, 0x0f, 0xc0, 0x00, 0x1f, 0x80, 0x00, 0x3e, 0x00, 
    0x00, 0x7f, 0xff, 0x80, 0xff, 0xff, 0x80, 0xff, 0xff, 0x80, 0xff, 0xff, 0x80

};
static GX_CONST GX_UBYTE FONT_THEME_1_FONT_REGULAR_36_1BPP_char_33[81] =
{
    0x07, 0xf0, 0x00, 0x1f, 0xfc, 0x00, 0x3f, 0xff, 0x00, 0x7f, 0xff, 0x00, 0x7c, 
    0x0f, 0x80, 0x78, 0x07, 0x80, 0xf0, 0x07, 0x80, 0x00, 0x07, 0x80, 0x00, 0x07, 
    0x80, 0x00, 0x0f, 0x80, 0x00, 0x1f, 0x00, 0x03, 0xfe, 0x00, 0x03, 0xfc, 0x00, 
    0x03, 0xfc, 0x00, 0x03, 0xfe, 0x00, 0x00, 0x3f, 0x00, 0x00, 0x0f, 0x00, 0x00, 
    0x07, 0x80, 0x00, 0x07, 0x80, 0xf0, 0x07, 0x80, 0xf0, 0x07, 0x80, 0xf8, 0x0f, 
    0x80, 0x7c, 0x0f, 0x80, 0x7f, 0xff, 0x00, 0x3f, 0xfe, 0x00, 0x1f, 0xfc, 0x00, 
    0x07, 0xf0, 0x00
};
static GX_CONST GX_UBYTE FONT_THEME_1_FONT_REGULAR_36_1BPP_char_34[78] =
{
    0x00, 0x0f, 0x80, 0x00, 0x1f, 0x80, 0x00, 0x1f, 0x80, 0x00, 0x3f, 0x80, 0x00, 
    0x7f, 0x80, 0x00, 0xf7, 0x80, 0x00, 0xf7, 0x80, 0x01, 0xe7, 0x80, 0x03, 0xc7, 
    0x80, 0x03, 0xc7, 0x80, 0x07, 0x87, 0x80, 0x0f, 0x07, 0x80, 0x0f, 0x07, 0x80, 
    0x1e, 0x07, 0x80, 0x3c, 0x07, 0x80, 0x7c, 0x07, 0x80, 0x78, 0x07, 0x80, 0xff, 
    0xff, 0xf0, 0xff, 0xff, 0xf0, 0xff, 0xff, 0xf0, 0xff, 0xff, 0xf0, 0x00, 0x07, 
    0x80, 0x00, 0x07, 0x80, 0x00, 0x07, 0x80, 0x00, 0x07, 0x80, 0x00, 0x07, 0x80

};
static GX_CONST GX_UBYTE FONT_THEME_1_FONT_REGULAR_36_1BPP_char_35[78] =
{
    0x7f, 0xff, 0x80, 0x7f, 0xff, 0x80, 0x7f, 0xff, 0x80, 0x7f, 0xff, 0x80, 0x78, 
    0x00, 0x00, 0x78, 0x00, 0x00, 0x78, 0x00, 0x00, 0x78, 0x00, 0x00, 0x78, 0xfc, 
    0x00, 0x7b, 0xff, 0x00, 0x7f, 0xff, 0x80, 0x7f, 0xff, 0xc0, 0x7e, 0x07, 0xc0, 
    0x7c, 0x03, 0xe0, 0x78, 0x03, 0xe0, 0x00, 0x01, 0xe0, 0x00, 0x01, 0xe0, 0x00, 
    0x01, 0xe0, 0x00, 0x01, 0xe0, 0x78, 0x03, 0xe0, 0x7c, 0x03, 0xc0, 0x7e, 0x07, 
    0xc0, 0x3f, 0xff, 0x80, 0x1f, 0xff, 0x80, 0x0f, 0xfe, 0x00, 0x03, 0xf8, 0x00

};
static GX_CONST GX_UBYTE FONT_THEME_1_FONT_REGULAR_36_1BPP_char_36[81] =
{
    0x00, 0x00, 0x00, 0x07, 0xfc, 0x00, 0x1f, 0xfe, 0x00, 0x3f, 0xff, 0x00, 0x3e, 
    0x0f, 0x80, 0x7c, 0x07, 0x80, 0x78, 0x07, 0x80, 0x78, 0x00, 0x00, 0xf8, 0x00, 
    0x00, 0xf0, 0x20, 0x00, 0xf1, 0xfe, 0x00, 0xf7, 0xff, 0x00, 0xff, 0xff, 0x80, 
    0xfe, 0x0f, 0x80, 0xfc, 0x07, 0xc0, 0xf8, 0x07, 0xc0, 0xf8, 0x03, 0xc0, 0xf8, 
    0x03, 0xc0, 0xf8, 0x03, 0xc0, 0x78, 0x03, 0xc0, 0x78, 0x03, 0xc0, 0x78, 0x07, 
    0xc0, 0x7c, 0x0f, 0x80, 0x3f, 0xff, 0x80, 0x1f, 0xff, 0x00, 0x0f, 0xfe, 0x00, 
    0x03, 0xf8, 0x00
};
static GX_CONST GX_UBYTE FONT_THEME_1_FONT_REGULAR_36_1BPP_char_37[78] =
{
    0xff, 0xff, 0x80, 0xff, 0xff, 0x80, 0xff, 0xff, 0x80, 0xff, 0xff, 0x80, 0x00, 
    0x07, 0x00, 0x00, 0x0f, 0x00, 0x00, 0x0f, 0x00, 0x00, 0x1e, 0x00, 0x00, 0x1e, 
    0x00, 0x00, 0x3c, 0x00, 0x00, 0x3c, 0x00, 0x00, 0x38, 0x00, 0x00, 0x78, 0x00, 
    0x00, 0x78, 0x00, 0x00, 0xf0, 0x00, 0x00, 0xf0, 0x00, 0x01, 0xe0, 0x00, 0x01, 
    0xe0, 0x00, 0x03, 0xc0, 0x00, 0x03, 0xc0, 0x00, 0x03, 0xc0, 0x00, 0x07, 0x80, 
    0x00, 0x07, 0x80, 0x00, 0x0f, 0x00, 0x00, 0x0f, 0x00, 0x00, 0x1e, 0x00, 0x00

};
static GX_CONST GX_UBYTE FONT_THEME_1_FONT_REGULAR_36_1BPP_char_38[81] =
{
    0x03, 0xf8, 0x00, 0x0f, 0xfe, 0x00, 0x3f, 0xff, 0x00, 0x3f, 0xff, 0x80, 0x7c, 
    0x07, 0xc0, 0x78, 0x07, 0xc0, 0x78, 0x03, 0xc0, 0x78, 0x03, 0xc0, 0x78, 0x03, 
    0xc0, 0x7c, 0x07, 0x80, 0x3e, 0x0f, 0x80, 0x1f, 0xff, 0x00, 0x07, 0xfc, 0x00, 
    0x1f, 0xff, 0x00, 0x3f, 0xff, 0x80, 0x7c, 0x07, 0xc0, 0xf8, 0x03, 0xe0, 0xf0, 
    0x01, 0xe0, 0xf0, 0x01, 0xe0, 0xf0, 0x01, 0xe0, 0xf0, 0x01, 0xe0, 0xf8, 0x03, 
    0xe0, 0x7c, 0x07, 0xc0, 0x7f, 0xff, 0xc0, 0x3f, 0xff, 0x80, 0x0f, 0xfe, 0x00, 
    0x03, 0xf8, 0x00
};
static GX_CONST GX_UBYTE FONT_THEME_1_FONT_REGULAR_36_1BPP_char_39[81] =
{
    0x00, 0x80, 0x00, 0x0f, 0xfc, 0x00, 0x1f, 0xfe, 0x00, 0x3f, 0xff, 0x00, 0x7e, 
    0x1f, 0x00, 0x78, 0x07, 0x80, 0xf8, 0x07, 0x80, 0xf0, 0x03, 0x80, 0xf0, 0x03, 
    0xc0, 0xf0, 0x03, 0xc0, 0xf0, 0x03, 0xc0, 0xf8, 0x07, 0xc0, 0xf8, 0x07, 0xc0, 
    0x7e, 0x1f, 0xc0, 0x3f, 0xff, 0xc0, 0x1f, 0xff, 0xc0, 0x0f, 0xfb, 0xc0, 0x00, 
    0x83, 0xc0, 0x00, 0x03, 0xc0, 0x00, 0x03, 0xc0, 0x78, 0x03, 0x80, 0x78, 0x07, 
    0x80, 0x7c, 0x0f, 0x80, 0x3f, 0xff, 0x00, 0x1f, 0xff, 0x00, 0x0f, 0xfe, 0x00, 
    0x03, 0xf8, 0x00
};
static GX_CONST GX_UBYTE FONT_THEME_1_FONT_REGULAR_36_1BPP_char_3a[20] =
{
    0x70, 0xf8, 0xf8, 0xf8, 0x70, 0x00, 0x00, 0x00, 0x00, 0x00, 0x00, 0x00, 0x00, 
    0x00, 0x00, 0x70, 0xf8, 0xf8, 0xf8, 0x70
};
static GX_CONST GX_UBYTE FONT_THEME_1_FONT_REGULAR_36_1BPP_char_3b[25] =
{
    0x38, 0x7c, 0x7c, 0x7c, 0x38, 0x00, 0x00, 0x00, 0x00, 0x00, 0x00, 0x00, 0x00, 
    0x00, 0x00, 0x3c, 0x3c, 0x38, 0x78, 0x78, 0x70, 0x70, 0xe0, 0xe0, 0xc0
};
static GX_CONST GX_UBYTE FONT_THEME_1_FONT_REGULAR_36_1BPP_char_3c[32] =
{
    0x01, 0xf0, 0x03, 0xe0, 0x07, 0xc0, 0x0f, 0x80, 0x1f, 0x00, 0x3e, 0x00, 0x7c, 
    0x00, 0xf8, 0x00, 0xf8, 0x00, 0x7c, 0x00, 0x3e, 0x00, 0x1f, 0x00, 0x0f, 0x80, 
    0x07, 0xc0, 0x03, 0xe0, 0x01, 0xf0
};
static GX_CONST GX_UBYTE FONT_THEME_1_FONT_REGULAR_36_1BPP_char_3d[36] =
{
    0xff, 0xff, 0xe0, 0xff, 0xff, 0xe0, 0xff, 0xff, 0xe0, 0xff, 0xff, 0xe0, 0x00, 
    0x00, 0x00, 0x00, 0x00, 0x00, 0x00, 0x00, 0x00, 0x00, 0x00, 0x00, 0xff, 0xff, 
    0xe0, 0xff, 0xff, 0xe0, 0xff, 0xff, 0xe0, 0xff, 0xff, 0xe0
};
static GX_CONST GX_UBYTE FONT_THEME_1_FONT_REGULAR_36_1BPP_char_3e[32] =
{
    0x7c, 0x00, 0x3e, 0x00, 0x1f, 0x00, 0x0f, 0x80, 0x07, 0xc0, 0x03, 0xe0, 0x01, 
    0xf0, 0x00, 0xf8, 0x00, 0xf8, 0x01, 0xf0, 0x03, 0xe0, 0x07, 0xc0, 0x0f, 0x80, 
    0x1f, 0x00, 0x3e, 0x00, 0x7c, 0x00
};
static GX_CONST GX_UBYTE FONT_THEME_1_FONT_REGULAR_36_1BPP_char_3f[50] =
{
    0x07, 0xe0, 0x1f, 0xf8, 0x3f, 0xfe, 0x7f, 0xfe, 0xf8, 0x1f, 0xf0, 0x0f, 0xf0, 
    0x0f, 0x00, 0x0f, 0x00, 0x0f, 0x00, 0x1f, 0x00, 0x3e, 0x0f, 0xfe, 0x0f, 0xfc, 
    0x0f, 0xf0, 0x0f, 0x00, 0x0f, 0x00, 0x0f, 0x00, 0x00, 0x00, 0x00, 0x00, 0x00, 
    0x00, 0x0e, 0x00, 0x1f, 0x00, 0x1f, 0x00, 0x1f, 0x00, 0x0e, 0x00
};
static GX_CONST GX_UBYTE FONT_THEME_1_FONT_REGULAR_36_1BPP_char_40[120] =
{
    0x00, 0x03, 0xfe, 0x00, 0x00, 0x1f, 0xff, 0xc0, 0x00, 0x7f, 0xff, 0xf0, 0x01, 
    0xf8, 0x01, 0xf8, 0x03, 0xe0, 0x00, 0x7c, 0x07, 0x80, 0x00, 0x1c, 0x0f, 0x00, 
    0x80, 0x1e, 0x1e, 0x0f, 0xf7, 0x8e, 0x1c, 0x1f, 0xff, 0x8f, 0x38, 0x3f, 0xff, 
    0x07, 0x38, 0x7c, 0x3f, 0x07, 0x70, 0xf8, 0x0f, 0x07, 0x70, 0xf0, 0x0f, 0x07, 
    0x71, 0xf0, 0x0f, 0x07, 0xe1, 0xe0, 0x0e, 0x07, 0xe1, 0xe0, 0x0e, 0x07, 0xe1, 
    0xe0, 0x1e, 0x0e, 0xe1, 0xe0, 0x1e, 0x0e, 0xe1, 0xf0, 0x3e, 0x1c, 0xe1, 0xff, 
    0xfe, 0x1c, 0xe0, 0xff, 0xef, 0xf8, 0xf0, 0x7f, 0xcf, 0xf0, 0x70, 0x3f, 0x03, 
    0xc0, 0x78, 0x00, 0x00, 0x00, 0x3c, 0x00, 0x00, 0x00, 0x3e, 0x00, 0x00, 0x00, 
    0x1f, 0x80, 0x10, 0x00, 0x0f, 0xff, 0xf0, 0x00, 0x03, 0xff, 0xf8, 0x00, 0x00, 
    0x7f, 0xc0, 0x00
};
static GX_CONST GX_UBYTE FONT_THEME_1_FONT_REGULAR_36_1BPP_char_41[75] =
{
    0x00, 0x7c, 0x00, 0x00, 0x7c, 0x00, 0x00, 0xfe, 0x00, 0x00, 0xfe, 0x00, 0x00, 
    0xff, 0x00, 0x01, 0xef, 0x00, 0x01, 0xef, 0x00, 0x03, 0xef, 0x80, 0x03, 0xc7, 
    0x80, 0x03, 0xc7, 0x80, 0x07, 0xc3, 0xc0, 0x07, 0x83, 0xc0, 0x07, 0x83, 0xc0, 
    0x0f, 0x81, 0xe0, 0x0f, 0x01, 0xe0, 0x0f, 0x01, 0xe0, 0x1f, 0xff, 0xf0, 0x1f, 
    0xff, 0xf0, 0x1f, 0xff, 0xf8, 0x3f, 0xff, 0xf8, 0x3c, 0x00, 0x78, 0x7c, 0x00, 
    0x7c, 0x78, 0x00, 0x3c, 0x78, 0x00, 0x3c, 0xf8, 0x00, 0x3e
};
static GX_CONST GX_UBYTE FONT_THEME_1_FONT_REGULAR_36_1BPP_char_42[75] =
{
    0xff, 0xf8, 0x00, 0xff, 0xfe, 0x00, 0xff, 0xff, 0x80, 0xff, 0xff, 0x80, 0xf0, 
    0x07, 0xc0, 0xf0, 0x07, 0xc0, 0xf0, 0x03, 0xc0, 0xf0, 0x03, 0xc0, 0xf0, 0x03, 
    0xc0, 0xf0, 0x07, 0x80, 0xff, 0xff, 0x00, 0xff, 0xfe, 0x00, 0xff, 0xfe, 0x00, 
    0xff, 0xff, 0x00, 0xf0, 0x0f, 0x80, 0xf0, 0x07, 0xc0, 0xf0, 0x03, 0xc0, 0xf0, 
    0x03, 0xc0, 0xf0, 0x03, 0xc0, 0xf0, 0x03, 0xc0, 0xf0, 0x07, 0xc0, 0xff, 0xff, 
    0x80, 0xff, 0xff, 0x80, 0xff, 0xfe, 0x00, 0xff, 0xf8, 0x00
};
static GX_CONST GX_UBYTE FONT_THEME_1_FONT_REGULAR_36_1BPP_char_43[75] =
{
    0x00, 0x7f, 0x80, 0x01, 0xff, 0xe0, 0x07, 0xff, 0xf8, 0x0f, 0xff, 0xfc, 0x1f, 
    0x80, 0x7e, 0x3e, 0x00, 0x3e, 0x7c, 0x00, 0x1f, 0x78, 0x00, 0x00, 0x78, 0x00, 
    0x00, 0xf8, 0x00, 0x00, 0xf0, 0x00, 0x00, 0xf0, 0x00, 0x00, 0xf0, 0x00, 0x00, 
    0xf0, 0x00, 0x00, 0xf0, 0x00, 0x00, 0xf8, 0x00, 0x00, 0x78, 0x00, 0x00, 0x78, 
    0x00, 0x00, 0x7c, 0x00, 0x1f, 0x3e, 0x00, 0x3e, 0x1f, 0x80, 0x7e, 0x0f, 0xff, 
    0xfc, 0x07, 0xff, 0xf8, 0x03, 0xff, 0xe0, 0x00, 0x7f, 0x80
};
static GX_CONST GX_UBYTE FONT_THEME_1_FONT_REGULAR_36_1BPP_char_44[75] =
{
    0xff, 0xf0, 0x00, 0xff, 0xfe, 0x00, 0xff, 0xff, 0x80, 0xff, 0xff, 0xc0, 0xf0, 
    0x07, 0xe0, 0xf0, 0x03, 0xe0, 0xf0, 0x01, 0xf0, 0xf0, 0x00, 0xf0, 0xf0, 0x00, 
    0xf8, 0xf0, 0x00, 0x78, 0xf0, 0x00, 0x78, 0xf0, 0x00, 0x78, 0xf0, 0x00, 0x78, 
    0xf0, 0x00, 0x78, 0xf0, 0x00, 0x78, 0xf0, 0x00, 0x78, 0xf0, 0x00, 0xf8, 0xf0, 
    0x00, 0xf0, 0xf0, 0x01, 0xf0, 0xf0, 0x03, 0xe0, 0xf0, 0x07, 0xe0, 0xff, 0xff, 
    0xc0, 0xff, 0xff, 0x80, 0xff, 0xfe, 0x00, 0xff, 0xf0, 0x00
};
static GX_CONST GX_UBYTE FONT_THEME_1_FONT_REGULAR_36_1BPP_char_45[50] =
{
    0xff, 0xfc, 0xff, 0xfc, 0xff, 0xfc, 0xff, 0xfc, 0xf0, 0x00, 0xf0, 0x00, 0xf0, 
    0x00, 0xf0, 0x00, 0xf0, 0x00, 0xf0, 0x00, 0xff, 0xf8, 0xff, 0xf8, 0xff, 0xf8, 
    0xff, 0xf8, 0xf0, 0x00, 0xf0, 0x00, 0xf0, 0x00, 0xf0, 0x00, 0xf0, 0x00, 0xf0, 
    0x00, 0xf0, 0x00, 0xff, 0xfc, 0xff, 0xfc, 0xff, 0xfc, 0xff, 0xfc
};
static GX_CONST GX_UBYTE FONT_THEME_1_FONT_REGULAR_36_1BPP_char_46[50] =
{
    0xff, 0xfe, 0xff, 0xfe, 0xff, 0xfe, 0xff, 0xfe, 0xf0, 0x00, 0xf0, 0x00, 0xf0, 
    0x00, 0xf0, 0x00, 0xf0, 0x00, 0xf0, 0x00, 0xff, 0xf8, 0xff, 0xf8, 0xff, 0xf8, 
    0xff, 0xf8, 0xf0, 0x00, 0xf0, 0x00, 0xf0, 0x00, 0xf0, 0x00, 0xf0, 0x00, 0xf0, 
    0x00, 0xf0, 0x00, 0xf0, 0x00, 0xf0, 0x00, 0xf0, 0x00, 0xf0, 0x00
};
static GX_CONST GX_UBYTE FONT_THEME_1_FONT_REGULAR_36_1BPP_char_47[100] =
{
    0x00, 0x7f, 0x80, 0x00, 0x01, 0xff, 0xe0, 0x00, 0x07, 0xff, 0xf8, 0x00, 0x0f, 
    0xff, 0xfc, 0x00, 0x1f, 0x80, 0x7e, 0x00, 0x3e, 0x00, 0x3e, 0x00, 0x7c, 0x00, 
    0x1f, 0x00, 0x78, 0x00, 0x00, 0x00, 0x78, 0x00, 0x00, 0x00, 0xf8, 0x00, 0x00, 
    0x00, 0xf0, 0x00, 0x00, 0x00, 0xf0, 0x1f, 0xff, 0x80, 0xf0, 0x1f, 0xff, 0x80, 
    0xf0, 0x1f, 0xff, 0x80, 0xf0, 0x1f, 0xff, 0x80, 0xf8, 0x00, 0x0f, 0x80, 0x78, 
    0x00, 0x0f, 0x80, 0x78, 0x00, 0x0f, 0x00, 0x7c, 0x00, 0x1f, 0x00, 0x3e, 0x00, 
    0x3e, 0x00, 0x1f, 0x80, 0x7c, 0x00, 0x0f, 0xff, 0xf8, 0x00, 0x07, 0xff, 0xf0, 
    0x00, 0x03, 0xff, 0xe0, 0x00, 0x00, 0x7f, 0x00, 0x00
};
static GX_CONST GX_UBYTE FONT_THEME_1_FONT_REGULAR_36_1BPP_char_48[75] =
{
    0xf0, 0x00, 0xf0, 0xf0, 0x00, 0xf0, 0xf0, 0x00, 0xf0, 0xf0, 0x00, 0xf0, 0xf0, 
    0x00, 0xf0, 0xf0, 0x00, 0xf0, 0xf0, 0x00, 0xf0, 0xf0, 0x00, 0xf0, 0xf0, 0x00, 
    0xf0, 0xf0, 0x00, 0xf0, 0xff, 0xff, 0xf0, 0xff, 0xff, 0xf0, 0xff, 0xff, 0xf0, 
    0xff, 0xff, 0xf0, 0xf0, 0x00, 0xf0, 0xf0, 0x00, 0xf0, 0xf0, 0x00, 0xf0, 0xf0, 
    0x00, 0xf0, 0xf0, 0x00, 0xf0, 0xf0, 0x00, 0xf0, 0xf0, 0x00, 0xf0, 0xf0, 0x00, 
    0xf0, 0xf0, 0x00, 0xf0, 0xf0, 0x00, 0xf0, 0xf0, 0x00, 0xf0
};
static GX_CONST GX_UBYTE FONT_THEME_1_FONT_REGULAR_36_1BPP_char_49[25] =
{
    0xf0, 0xf0, 0xf0, 0xf0, 0xf0, 0xf0, 0xf0, 0xf0, 0xf0, 0xf0, 0xf0, 0xf0, 0xf0, 
    0xf0, 0xf0, 0xf0, 0xf0, 0xf0, 0xf0, 0xf0, 0xf0, 0xf0, 0xf0, 0xf0, 0xf0
};
static GX_CONST GX_UBYTE FONT_THEME_1_FONT_REGULAR_36_1BPP_char_4a[50] =
{
    0x00, 0x1e, 0x00, 0x1e, 0x00, 0x1e, 0x00, 0x1e, 0x00, 0x1e, 0x00, 0x1e, 0x00, 
    0x1e, 0x00, 0x1e, 0x00, 0x1e, 0x00, 0x1e, 0x00, 0x1e, 0x00, 0x1e, 0x00, 0x1e, 
    0x00, 0x1e, 0x00, 0x1e, 0x00, 0x1e, 0x00, 0x1e, 0x00, 0x1e, 0xf0, 0x1e, 0xf0, 
    0x1e, 0xf8, 0x3e, 0x7f, 0xfc, 0x7f, 0xf8, 0x1f, 0xf0, 0x0f, 0xe0
};
static GX_CONST GX_UBYTE FONT_THEME_1_FONT_REGULAR_36_1BPP_char_4b[75] =
{
    0xf0, 0x07, 0xe0, 0xf0, 0x07, 0xc0, 0xf0, 0x0f, 0x80, 0xf0, 0x1f, 0x00, 0xf0, 
    0x3e, 0x00, 0xf0, 0x7c, 0x00, 0xf0, 0xf8, 0x00, 0xf1, 0xf8, 0x00, 0xf1, 0xf0, 
    0x00, 0xf3, 0xe0, 0x00, 0xf7, 0xc0, 0x00, 0xff, 0x80, 0x00, 0xff, 0x00, 0x00, 
    0xff, 0x80, 0x00, 0xf7, 0xc0, 0x00, 0xf3, 0xe0, 0x00, 0xf3, 0xf0, 0x00, 0xf1, 
    0xf8, 0x00, 0xf0, 0xf8, 0x00, 0xf0, 0x7c, 0x00, 0xf0, 0x3e, 0x00, 0xf0, 0x1f, 
    0x00, 0xf0, 0x0f, 0x80, 0xf0, 0x07, 0xc0, 0xf0, 0x07, 0xe0
};
static GX_CONST GX_UBYTE FONT_THEME_1_FONT_REGULAR_36_1BPP_char_4c[50] =
{
    0xf0, 0x00, 0xf0, 0x00, 0xf0, 0x00, 0xf0, 0x00, 0xf0, 0x00, 0xf0, 0x00, 0xf0, 
    0x00, 0xf0, 0x00, 0xf0, 0x00, 0xf0, 0x00, 0xf0, 0x00, 0xf0, 0x00, 0xf0, 0x00, 
    0xf0, 0x00, 0xf0, 0x00, 0xf0, 0x00, 0xf0, 0x00, 0xf0, 0x00, 0xf0, 0x00, 0xf0, 
    0x00, 0xf0, 0x00, 0xff, 0xf8, 0xff, 0xf8, 0xff, 0xf8, 0xff, 0xf8
};
static GX_CONST GX_UBYTE FONT_THEME_1_FONT_REGULAR_36_1BPP_char_4d[100] =
{
    0xf8, 0x00, 0x07, 0xc0, 0xf8, 0x00, 0x07, 0xc0, 0xfc, 0x00, 0x07, 0xc0, 0xfc, 
    0x00, 0x0f, 0xc0, 0xfc, 0x00, 0x0f, 0xc0, 0xfe, 0x00, 0x1f, 0xc0, 0xfe, 0x00, 
    0x1f, 0xc0, 0xff, 0x00, 0x3f, 0xc0, 0xff, 0x00, 0x3f, 0xc0, 0xf7, 0x80, 0x3b, 
    0xc0, 0xf7, 0x80, 0x7b, 0xc0, 0xf3, 0xc0, 0x73, 0xc0, 0xf3, 0xc0, 0xf3, 0xc0, 
    0xf1, 0xc0, 0xf3, 0xc0, 0xf1, 0xe1, 0xe3, 0xc0, 0xf0, 0xe1, 0xe3, 0xc0, 0xf0, 
    0xf3, 0xc3, 0xc0, 0xf0, 0xf3, 0xc3, 0xc0, 0xf0, 0x7b, 0x83, 0xc0, 0xf0, 0x7f, 
    0x83, 0xc0, 0xf0, 0x3f, 0x03, 0xc0, 0xf0, 0x3f, 0x03, 0xc0, 0xf0, 0x1f, 0x03, 
    0xc0, 0xf0, 0x1e, 0x03, 0xc0, 0xf0, 0x1e, 0x03, 0xc0
};
static GX_CONST GX_UBYTE FONT_THEME_1_FONT_REGULAR_36_1BPP_char_4e[75] =
{
    0xf8, 0x00, 0x78, 0xf8, 0x00, 0x78, 0xfc, 0x00, 0x78, 0xfe, 0x00, 0x78, 0xfe, 
    0x00, 0x78, 0xff, 0x00, 0x78, 0xff, 0x80, 0x78, 0xf7, 0x80, 0x78, 0xf3, 0xc0, 
    0x78, 0xf3, 0xe0, 0x78, 0xf1, 0xe0, 0x78, 0xf0, 0xf0, 0x78, 0xf0, 0xf8, 0x78, 
    0xf0, 0x78, 0x78, 0xf0, 0x3c, 0x78, 0xf0, 0x3e, 0x78, 0xf0, 0x1e, 0x78, 0xf0, 
    0x0f, 0x78, 0xf0, 0x0f, 0xf8, 0xf0, 0x07, 0xf8, 0xf0, 0x03, 0xf8, 0xf0, 0x03, 
    0xf8, 0xf0, 0x01, 0xf8, 0xf0, 0x00, 0xf8, 0xf0, 0x00, 0xf8
};
static GX_CONST GX_UBYTE FONT_THEME_1_FONT_REGULAR_36_1BPP_char_4f[100] =
{
    0x00, 0x7f, 0x00, 0x00, 0x03, 0xff, 0xe0, 0x00, 0x07, 0xff, 0xf0, 0x00, 0x0f, 
    0xff, 0xfc, 0x00, 0x1f, 0x00, 0x7c, 0x00, 0x3e, 0x00, 0x3e, 0x00, 0x7c, 0x00, 
    0x1f, 0x00, 0x78, 0x00, 0x0f, 0x00, 0x78, 0x00, 0x0f, 0x80, 0xf8, 0x00, 0x07, 
    0x80, 0xf0, 0x00, 0x07, 0x80, 0xf0, 0x00, 0x07, 0x80, 0xf0, 0x00, 0x07, 0x80, 
    0xf0, 0x00, 0x07, 0x80, 0xf0, 0x00, 0x07, 0x80, 0xf8, 0x00, 0x07, 0x80, 0x78, 
    0x00, 0x0f, 0x80, 0x78, 0x00, 0x0f, 0x00, 0x7c, 0x00, 0x1f, 0x00, 0x3e, 0x00, 
    0x3e, 0x00, 0x1f, 0x00, 0x7c, 0x00, 0x0f, 0xff, 0xfc, 0x00, 0x07, 0xff, 0xf0, 
    0x00, 0x03, 0xff, 0xe0, 0x00, 0x00, 0x7f, 0x00, 0x00
};
static GX_CONST GX_UBYTE FONT_THEME_1_FONT_REGULAR_36_1BPP_char_50[75] =
{
    0xff, 0xf0, 0x00, 0xff, 0xfc, 0x00, 0xff, 0xfe, 0x00, 0xff, 0xff, 0x00, 0xf0, 
    0x0f, 0x80, 0xf0, 0x07, 0x80, 0xf0, 0x07, 0x80, 0xf0, 0x07, 0x80, 0xf0, 0x07, 
    0x80, 0xf0, 0x07, 0x80, 0xf0, 0x0f, 0x80, 0xff, 0xff, 0x00, 0xff, 0xfe, 0x00, 
    0xff, 0xfc, 0x00, 0xff, 0xf0, 0x00, 0xf0, 0x00, 0x00, 0xf0, 0x00, 0x00, 0xf0, 
    0x00, 0x00, 0xf0, 0x00, 0x00, 0xf0, 0x00, 0x00, 0xf0, 0x00, 0x00, 0xf0, 0x00, 
    0x00, 0xf0, 0x00, 0x00, 0xf0, 0x00, 0x00, 0xf0, 0x00, 0x00
};
static GX_CONST GX_UBYTE FONT_THEME_1_FONT_REGULAR_36_1BPP_char_51[116] =
{
    0x00, 0x7f, 0x00, 0x00, 0x03, 0xff, 0xe0, 0x00, 0x07, 0xff, 0xf0, 0x00, 0x0f, 
    0xff, 0xfc, 0x00, 0x1f, 0x00, 0x7c, 0x00, 0x3e, 0x00, 0x3e, 0x00, 0x7c, 0x00, 
    0x1f, 0x00, 0x78, 0x00, 0x0f, 0x00, 0x78, 0x00, 0x0f, 0x80, 0xf8, 0x00, 0x07, 
    0x80, 0xf0, 0x00, 0x07, 0x80, 0xf0, 0x00, 0x07, 0x80, 0xf0, 0x00, 0x07, 0x80, 
    0xf0, 0x00, 0x07, 0x80, 0xf0, 0x00, 0x07, 0x80, 0xf8, 0x00, 0x07, 0x80, 0x78, 
    0x00, 0x0f, 0x80, 0x78, 0x00, 0x0f, 0x00, 0x7c, 0x00, 0x1f, 0x00, 0x3e, 0x00, 
    0x3e, 0x00, 0x1f, 0x00, 0x7c, 0x00, 0x0f, 0xff, 0xf8, 0x00, 0x07, 0xff, 0xf0, 
    0x00, 0x03, 0xff, 0xf0, 0x00, 0x00, 0x7f, 0xf8, 0x00, 0x00, 0x00, 0x7c, 0x00, 
    0x00, 0x00, 0x3e, 0x00, 0x00, 0x00, 0x1f, 0x00, 0x00, 0x00, 0x0f, 0x80
};
static GX_CONST GX_UBYTE FONT_THEME_1_FONT_REGULAR_36_1BPP_char_52[75] =
{
    0xff, 0xf0, 0x00, 0xff, 0xfc, 0x00, 0xff, 0xfe, 0x00, 0xff, 0xff, 0x00, 0xf0, 
    0x0f, 0x80, 0xf0, 0x07, 0x80, 0xf0, 0x07, 0x80, 0xf0, 0x07, 0x80, 0xf0, 0x07, 
    0x80, 0xf0, 0x07, 0x80, 0xf0, 0x0f, 0x80, 0xff, 0xff, 0x00, 0xff, 0xfe, 0x00, 
    0xff, 0xfc, 0x00, 0xff, 0xf0, 0x00, 0xf1, 0xf0, 0x00, 0xf0, 0xf8, 0x00, 0xf0, 
    0x78, 0x00, 0xf0, 0x7c, 0x00, 0xf0, 0x3c, 0x00, 0xf0, 0x3e, 0x00, 0xf0, 0x1f, 
    0x00, 0xf0, 0x1f, 0x00, 0xf0, 0x0f, 0x80, 0xf0, 0x0f, 0x80
};
static GX_CONST GX_UBYTE FONT_THEME_1_FONT_REGULAR_36_1BPP_char_53[75] =
{
    0x07, 0xf0, 0x00, 0x1f, 0xfc, 0x00, 0x3f, 0xfe, 0x00, 0x7f, 0xff, 0x00, 0xf8, 
    0x1f, 0x00, 0xf0, 0x0f, 0x80, 0xf0, 0x0f, 0x80, 0xf0, 0x00, 0x00, 0xf8, 0x00, 
    0x00, 0xfc, 0x00, 0x00, 0x7f, 0x00, 0x00, 0x3f, 0xf0, 0x00, 0x1f, 0xfc, 0x00, 
    0x03, 0xfe, 0x00, 0x00, 0x3f, 0x00, 0x00, 0x0f, 0x80, 0x00, 0x07, 0x80, 0x00, 
    0x07, 0x80, 0xf0, 0x07, 0x80, 0xf8, 0x07, 0x80, 0xfc, 0x0f, 0x80, 0x7f, 0xff, 
    0x00, 0x3f, 0xfe, 0x00, 0x1f, 0xfc, 0x00, 0x07, 0xf0, 0x00
};
static GX_CONST GX_UBYTE FONT_THEME_1_FONT_REGULAR_36_1BPP_char_54[75] =
{
    0xff, 0xff, 0x80, 0xff, 0xff, 0x80, 0xff, 0xff, 0x80, 0xff, 0xff, 0x80, 0x01, 
    0xe0, 0x00, 0x01, 0xe0, 0x00, 0x01, 0xe0, 0x00, 0x01, 0xe0, 0x00, 0x01, 0xe0, 
    0x00, 0x01, 0xe0, 0x00, 0x01, 0xe0, 0x00, 0x01, 0xe0, 0x00, 0x01, 0xe0, 0x00, 
    0x01, 0xe0, 0x00, 0x01, 0xe0, 0x00, 0x01, 0xe0, 0x00, 0x01, 0xe0, 0x00, 0x01, 
    0xe0, 0x00, 0x01, 0xe0, 0x00, 0x01, 0xe0, 0x00, 0x01, 0xe0, 0x00, 0x01, 0xe0, 
    0x00, 0x01, 0xe0, 0x00, 0x01, 0xe0, 0x00, 0x01, 0xe0, 0x00
};
static GX_CONST GX_UBYTE FONT_THEME_1_FONT_REGULAR_36_1BPP_char_55[75] =
{
    0xf0, 0x00, 0xf0, 0xf0, 0x00, 0xf0, 0xf0, 0x00, 0xf0, 0xf0, 0x00, 0xf0, 0xf0, 
    0x00, 0xf0, 0xf0, 0x00, 0xf0, 0xf0, 0x00, 0xf0, 0xf0, 0x00, 0xf0, 0xf0, 0x00, 
    0xf0, 0xf0, 0x00, 0xf0, 0xf0, 0x00, 0xf0, 0xf0, 0x00, 0xf0, 0xf0, 0x00, 0xf0, 
    0xf0, 0x00, 0xf0, 0xf0, 0x00, 0xf0, 0xf0, 0x00, 0xf0, 0xf0, 0x00, 0xf0, 0xf0, 
    0x00, 0xf0, 0xf8, 0x01, 0xf0, 0x78, 0x01, 0xe0, 0x7c, 0x03, 0xe0, 0x3f, 0xff, 
    0xc0, 0x1f, 0xff, 0x80, 0x0f, 0xff, 0x00, 0x03, 0xf8, 0x00
};
static GX_CONST GX_UBYTE FONT_THEME_1_FONT_REGULAR_36_1BPP_char_56[75] =
{
    0xf0, 0x00, 0x1e, 0xf8, 0x00, 0x3e, 0x78, 0x00, 0x3c, 0x78, 0x00, 0x3c, 0x7c, 
    0x00, 0x7c, 0x3c, 0x00, 0x78, 0x3c, 0x00, 0x78, 0x1e, 0x00, 0xf0, 0x1e, 0x00, 
    0xf0, 0x1e, 0x00, 0xf0, 0x0f, 0x01, 0xe0, 0x0f, 0x01, 0xe0, 0x0f, 0x83, 0xe0, 
    0x07, 0x83, 0xc0, 0x07, 0x83, 0xc0, 0x03, 0xc7, 0x80, 0x03, 0xc7, 0x80, 0x03, 
    0xc7, 0x80, 0x01, 0xef, 0x00, 0x01, 0xef, 0x00, 0x01, 0xef, 0x00, 0x00, 0xfe, 
    0x00, 0x00, 0xfe, 0x00, 0x00, 0x7c, 0x00, 0x00, 0x7c, 0x00
};
static GX_CONST GX_UBYTE FONT_THEME_1_FONT_REGULAR_36_1BPP_char_57[125] =
{
    0xf0, 0x01, 0xf0, 0x03, 0xc0, 0xf0, 0x03, 0xf0, 0x07, 0xc0, 0xf8, 0x03, 0xf0, 
    0x07, 0xc0, 0x78, 0x03, 0xf0, 0x07, 0x80, 0x78, 0x03, 0xf8, 0x07, 0x80, 0x78, 
    0x07, 0xf8, 0x0f, 0x80, 0x3c, 0x07, 0xf8, 0x0f, 0x00, 0x3c, 0x07, 0xf8, 0x0f, 
    0x00, 0x3c, 0x0f, 0x3c, 0x0f, 0x00, 0x3c, 0x0f, 0x3c, 0x1e, 0x00, 0x1e, 0x0f, 
    0x3c, 0x1e, 0x00, 0x1e, 0x0e, 0x3c, 0x1e, 0x00, 0x1e, 0x1e, 0x1e, 0x1e, 0x00, 
    0x0e, 0x1e, 0x1e, 0x3c, 0x00, 0x0f, 0x1e, 0x1e, 0x3c, 0x00, 0x0f, 0x1c, 0x0e, 
    0x3c, 0x00, 0x0f, 0x3c, 0x0f, 0x38, 0x00, 0x07, 0x3c, 0x0f, 0x78, 0x00, 0x07, 
    0xb8, 0x0f, 0x78, 0x00, 0x07, 0xf8, 0x07, 0x70, 0x00, 0x07, 0xf8, 0x07, 0xf0, 
    0x00, 0x03, 0xf0, 0x07, 0xf0, 0x00, 0x03, 0xf0, 0x03, 0xf0, 0x00, 0x03, 0xf0, 
    0x03, 0xe0, 0x00, 0x01, 0xf0, 0x03, 0xe0, 0x00
};
static GX_CONST GX_UBYTE FONT_THEME_1_FONT_REGULAR_36_1BPP_char_58[75] =
{
    0xf8, 0x01, 0xf0, 0x78, 0x01, 0xe0, 0x7c, 0x03, 0xc0, 0x3e, 0x07, 0xc0, 0x1e, 
    0x07, 0x80, 0x1f, 0x0f, 0x80, 0x0f, 0x0f, 0x00, 0x0f, 0x9e, 0x00, 0x07, 0xfe, 
    0x00, 0x03, 0xfc, 0x00, 0x03, 0xf8, 0x00, 0x01, 0xf8, 0x00, 0x00, 0xf0, 0x00, 
    0x01, 0xf8, 0x00, 0x03, 0xf8, 0x00, 0x03, 0xfc, 0x00, 0x07, 0xbe, 0x00, 0x0f, 
    0x9e, 0x00, 0x0f, 0x1f, 0x00, 0x1f, 0x0f, 0x80, 0x1e, 0x07, 0x80, 0x3c, 0x07, 
    0xc0, 0x7c, 0x03, 0xc0, 0x78, 0x03, 0xe0, 0xf8, 0x01, 0xf0
};
static GX_CONST GX_UBYTE FONT_THEME_1_FONT_REGULAR_36_1BPP_char_59[75] =
{
    0xf0, 0x00, 0xf0, 0xf8, 0x01, 0xf0, 0x78, 0x01, 0xe0, 0x3c, 0x03, 0xe0, 0x3c, 
    0x03, 0xc0, 0x1e, 0x07, 0xc0, 0x1e, 0x07, 0x80, 0x0f, 0x0f, 0x80, 0x0f, 0x0f, 
    0x00, 0x07, 0x9f, 0x00, 0x07, 0x9e, 0x00, 0x03, 0xfc, 0x00, 0x03, 0xfc, 0x00, 
    0x01, 0xf8, 0x00, 0x01, 0xf8, 0x00, 0x00, 0xf0, 0x00, 0x00, 0xf0, 0x00, 0x00, 
    0xf0, 0x00, 0x00, 0xf0, 0x00, 0x00, 0xf0, 0x00, 0x00, 0xf0, 0x00, 0x00, 0xf0, 
    0x00, 0x00, 0xf0, 0x00, 0x00, 0xf0, 0x00, 0x00, 0xf0, 0x00
};
static GX_CONST GX_UBYTE FONT_THEME_1_FONT_REGULAR_36_1BPP_char_5a[50] =
{
    0xff, 0xff, 0xff, 0xff, 0xff, 0xff, 0xff, 0xff, 0x00, 0x1e, 0x00, 0x3e, 0x00, 
    0x7c, 0x00, 0x78, 0x00, 0xf8, 0x00, 0xf0, 0x01, 0xe0, 0x03, 0xe0, 0x03, 0xc0, 
    0x07, 0xc0, 0x0f, 0x80, 0x0f, 0x00, 0x1f, 0x00, 0x1e, 0x00, 0x3e, 0x00, 0x7c, 
    0x00, 0x78, 0x00, 0xff, 0xff, 0xff, 0xff, 0xff, 0xff, 0xff, 0xff
};
static GX_CONST GX_UBYTE FONT_THEME_1_FONT_REGULAR_36_1BPP_char_5b[40] =
{
    0xff, 0xff, 0xff, 0xff, 0xf0, 0xf0, 0xf0, 0xf0, 0xf0, 0xf0, 0xf0, 0xf0, 0xf0, 
    0xf0, 0xf0, 0xf0, 0xf0, 0xf0, 0xf0, 0xf0, 0xf0, 0xf0, 0xf0, 0xf0, 0xf0, 0xf0, 
    0xf0, 0xf0, 0xf0, 0xf0, 0xf0, 0xf0, 0xf0, 0xf0, 0xf0, 0xf0, 0xff, 0xff, 0xff, 
    0xff
};
static GX_CONST GX_UBYTE FONT_THEME_1_FONT_REGULAR_36_1BPP_char_5c[80] =
{
    0xf0, 0x00, 0xf0, 0x00, 0x78, 0x00, 0x78, 0x00, 0x78, 0x00, 0x78, 0x00, 0x3c, 
    0x00, 0x3c, 0x00, 0x3c, 0x00, 0x3e, 0x00, 0x1e, 0x00, 0x1e, 0x00, 0x1e, 0x00, 
    0x0f, 0x00, 0x0f, 0x00, 0x0f, 0x00, 0x0f, 0x00, 0x07, 0x80, 0x07, 0x80, 0x07, 
    0x80, 0x07, 0x80, 0x03, 0xc0, 0x03, 0xc0, 0x03, 0xc0, 0x01, 0xe0, 0x01, 0xe0, 
    0x01, 0xe0, 0x01, 0xe0, 0x00, 0xf0, 0x00, 0xf0, 0x00, 0xf0, 0x00, 0xf0, 0x00, 
    0x78, 0x00, 0x78, 0x00, 0x78, 0x00, 0x7c, 0x00, 0x3c, 0x00, 0x3c, 0x00, 0x3c, 
    0x00, 0x1e
};
static GX_CONST GX_UBYTE FONT_THEME_1_FONT_REGULAR_36_1BPP_char_5d[40] =
{
    0xff, 0xff, 0xff, 0xff, 0x0f, 0x0f, 0x0f, 0x0f, 0x0f, 0x0f, 0x0f, 0x0f, 0x0f, 
    0x0f, 0x0f, 0x0f, 0x0f, 0x0f, 0x0f, 0x0f, 0x0f, 0x0f, 0x0f, 0x0f, 0x0f, 0x0f, 
    0x0f, 0x0f, 0x0f, 0x0f, 0x0f, 0x0f, 0x0f, 0x0f, 0x0f, 0x0f, 0xff, 0xff, 0xff, 
    0xff
};
static GX_CONST GX_UBYTE FONT_THEME_1_FONT_REGULAR_36_1BPP_char_5e[57] =
{
    0x00, 0x78, 0x00, 0x00, 0xf8, 0x00, 0x00, 0xfc, 0x00, 0x01, 0xfc, 0x00, 0x01, 
    0xfe, 0x00, 0x03, 0xfe, 0x00, 0x03, 0xdf, 0x00, 0x07, 0xcf, 0x00, 0x07, 0x8f, 
    0x80, 0x07, 0x87, 0x80, 0x0f, 0x07, 0x80, 0x0f, 0x03, 0xc0, 0x1e, 0x03, 0xc0, 
    0x1e, 0x01, 0xe0, 0x3e, 0x01, 0xe0, 0x3c, 0x01, 0xf0, 0x7c, 0x00, 0xf0, 0x78, 
    0x00, 0xf8, 0x78, 0x00, 0x78
};
static GX_CONST GX_UBYTE FONT_THEME_1_FONT_REGULAR_36_1BPP_char_5f[12] =
{
    0xff, 0xff, 0xf0, 0xff, 0xff, 0xf0, 0xff, 0xff, 0xf0, 0xff, 0xff, 0xf0
};
static GX_CONST GX_UBYTE FONT_THEME_1_FONT_REGULAR_36_1BPP_char_60[7] =
{
    0xc0, 0xf0, 0xf8, 0x7e, 0x1f, 0x07, 0x01
};
static GX_CONST GX_UBYTE FONT_THEME_1_FONT_REGULAR_36_1BPP_char_61[60] =
{
    0x03, 0xf0, 0xf0, 0x0f, 0xfc, 0xf0, 0x1f, 0xfe, 0xf0, 0x3f, 0xff, 0xf0, 0x7e, 
    0x07, 0xf0, 0x7c, 0x03, 0xf0, 0xf8, 0x01, 0xf0, 0xf8, 0x00, 0xf0, 0xf0, 0x00, 
    0xf0, 0xf0, 0x00, 0xf0, 0xf0, 0x00, 0xf0, 0xf0, 0x00, 0xf0, 0xf8, 0x00, 0xf0, 
    0x78, 0x01, 0xf0, 0x7c, 0x03, 0xf0, 0x7e, 0x07, 0xf0, 0x3f, 0xff, 0xf0, 0x1f, 
    0xfe, 0xf0, 0x0f, 0xfc, 0xf0, 0x03, 0xf0, 0xf0
};
static GX_CONST GX_UBYTE FONT_THEME_1_FONT_REGULAR_36_1BPP_char_62[78] =
{
    0xf0, 0x00, 0x00, 0xf0, 0x00, 0x00, 0xf0, 0x00, 0x00, 0xf0, 0x00, 0x00, 0xf0, 
    0x00, 0x00, 0xf0, 0x00, 0x00, 0xf0, 0xfc, 0x00, 0xf3, 0xff, 0x00, 0xf7, 0xff, 
    0x80, 0xff, 0xff, 0xc0, 0xfe, 0x07, 0xe0, 0xfc, 0x03, 0xe0, 0xf8, 0x01, 0xf0, 
    0xf8, 0x00, 0xf0, 0xf0, 0x00, 0xf0, 0xf0, 0x00, 0xf0, 0xf0, 0x00, 0xf0, 0xf0, 
    0x00, 0xf0, 0xf8, 0x00, 0xf0, 0xf8, 0x01, 0xf0, 0xfc, 0x03, 0xe0, 0xfe, 0x07, 
    0xe0, 0xff, 0xff, 0xc0, 0xf7, 0xff, 0x80, 0xf3, 0xff, 0x00, 0xf0, 0xfc, 0x00

};
static GX_CONST GX_UBYTE FONT_THEME_1_FONT_REGULAR_36_1BPP_char_63[60] =
{
    0x03, 0xf8, 0x00, 0x0f, 0xfe, 0x00, 0x1f, 0xff, 0x80, 0x3f, 0xff, 0x80, 0x7c, 
    0x07, 0xc0, 0x78, 0x03, 0xc0, 0xf8, 0x03, 0xe0, 0xf0, 0x00, 0x00, 0xf0, 0x00, 
    0x00, 0xf0, 0x00, 0x00, 0xf0, 0x00, 0x00, 0xf0, 0x00, 0x00, 0xf0, 0x00, 0x00, 
    0xf8, 0x03, 0xe0, 0x78, 0x03, 0xc0, 0x7c, 0x07, 0xc0, 0x3f, 0xff, 0x80, 0x1f, 
    0xff, 0x00, 0x0f, 0xfe, 0x00, 0x03, 0xf8, 0x00
};
static GX_CONST GX_UBYTE FONT_THEME_1_FONT_REGULAR_36_1BPP_char_64[78] =
{
    0x00, 0x00, 0xf0, 0x00, 0x00, 0xf0, 0x00, 0x00, 0xf0, 0x00, 0x00, 0xf0, 0x00, 
    0x00, 0xf0, 0x00, 0x00, 0xf0, 0x03, 0xf0, 0xf0, 0x0f, 0xfc, 0xf0, 0x1f, 0xff, 
    0xf0, 0x3f, 0xff, 0xf0, 0x7e, 0x07, 0xf0, 0x7c, 0x03, 0xf0, 0xf8, 0x01, 0xf0, 
    0xf8, 0x00, 0xf0, 0xf0, 0x00, 0xf0, 0xf0, 0x00, 0xf0, 0xf0, 0x00, 0xf0, 0xf0, 
    0x00, 0xf0, 0xf8, 0x00, 0xf0, 0x78, 0x01, 0xf0, 0x7c, 0x03, 0xf0, 0x7e, 0x07, 
    0xf0, 0x3f, 0xff, 0xf0, 0x1f, 0xfe, 0xf0, 0x0f, 0xfc, 0xf0, 0x03, 0xf0, 0xf0

};
static GX_CONST GX_UBYTE FONT_THEME_1_FONT_REGULAR_36_1BPP_char_65[60] =
{
    0x03, 0xf8, 0x00, 0x0f, 0xfe, 0x00, 0x1f, 0xff, 0x00, 0x3f, 0xff, 0x80, 0x7c, 
    0x07, 0xc0, 0x78, 0x03, 0xc0, 0xf8, 0x01, 0xe0, 0xf0, 0x01, 0xe0, 0xff, 0xff, 
    0xe0, 0xff, 0xff, 0xe0, 0xff, 0xff, 0xe0, 0xff, 0xff, 0xe0, 0xf0, 0x00, 0x00, 
    0x78, 0x00, 0x00, 0x78, 0x03, 0xc0, 0x7c, 0x07, 0xc0, 0x3f, 0xff, 0x80, 0x1f, 
    0xff, 0x00, 0x0f, 0xfe, 0x00, 0x03, 0xf8, 0x00
};
static GX_CONST GX_UBYTE FONT_THEME_1_FONT_REGULAR_36_1BPP_char_66[56] =
{
    0x00, 0x40, 0x07, 0xc0, 0x1f, 0xc0, 0x1f, 0xc0, 0x3e, 0x00, 0x3c, 0x00, 0x3c, 
    0x00, 0x3c, 0x00, 0xff, 0xc0, 0xff, 0xc0, 0xff, 0xc0, 0xff, 0xc0, 0x3c, 0x00, 
    0x3c, 0x00, 0x3c, 0x00, 0x3c, 0x00, 0x3c, 0x00, 0x3c, 0x00, 0x3c, 0x00, 0x3c, 
    0x00, 0x3c, 0x00, 0x3c, 0x00, 0x3c, 0x00, 0x3c, 0x00, 0x3c, 0x00, 0x3c, 0x00, 
    0x3c, 0x00, 0x3c, 0x00
};
static GX_CONST GX_UBYTE FONT_THEME_1_FONT_REGULAR_36_1BPP_char_67[87] =
{
    0x03, 0xf0, 0xf0, 0x0f, 0xfc, 0xf0, 0x1f, 0xfe, 0xf0, 0x3f, 0xff, 0xf0, 0x7e, 
    0x07, 0xf0, 0x7c, 0x03, 0xf0, 0xf8, 0x01, 0xf0, 0xf8, 0x00, 0xf0, 0xf0, 0x00, 
    0xf0, 0xf0, 0x00, 0xf0, 0xf0, 0x00, 0xf0, 0xf0, 0x00, 0xf0, 0xf8, 0x00, 0xf0, 
    0x78, 0x01, 0xf0, 0x7c, 0x03, 0xf0, 0x7e, 0x07, 0xf0, 0x3f, 0xff, 0xf0, 0x1f, 
    0xfe, 0xf0, 0x0f, 0xfc, 0xf0, 0x03, 0xf0, 0xf0, 0x00, 0x00, 0xf0, 0x00, 0x00, 
    0xf0, 0x78, 0x00, 0xf0, 0x7c, 0x01, 0xe0, 0x3e, 0x03, 0xe0, 0x3f, 0xff, 0xc0, 
    0x1f, 0xff, 0x80, 0x0f, 0xff, 0x00, 0x01, 0xfc, 0x00
};
static GX_CONST GX_UBYTE FONT_THEME_1_FONT_REGULAR_36_1BPP_char_68[78] =
{
    0xf0, 0x00, 0x00, 0xf0, 0x00, 0x00, 0xf0, 0x00, 0x00, 0xf0, 0x00, 0x00, 0xf0, 
    0x00, 0x00, 0xf0, 0x00, 0x00, 0xf1, 0xf8, 0x00, 0xf7, 0xfe, 0x00, 0xff, 0xff, 
    0x00, 0xff, 0xff, 0x80, 0xfc, 0x0f, 0x80, 0xf8, 0x07, 0xc0, 0xf8, 0x03, 0xc0, 
    0xf0, 0x03, 0xc0, 0xf0, 0x03, 0xc0, 0xf0, 0x03, 0xc0, 0xf0, 0x03, 0xc0, 0xf0, 
    0x03, 0xc0, 0xf0, 0x03, 0xc0, 0xf0, 0x03, 0xc0, 0xf0, 0x03, 0xc0, 0xf0, 0x03, 
    0xc0, 0xf0, 0x03, 0xc0, 0xf0, 0x03, 0xc0, 0xf0, 0x03, 0xc0, 0xf0, 0x03, 0xc0

};
static GX_CONST GX_UBYTE FONT_THEME_1_FONT_REGULAR_36_1BPP_char_69[27] =
{
    0x70, 0xf8, 0xf8, 0xf8, 0x70, 0x00, 0x00, 0x78, 0x78, 0x78, 0x78, 0x78, 0x78, 
    0x78, 0x78, 0x78, 0x78, 0x78, 0x78, 0x78, 0x78, 0x78, 0x78, 0x78, 0x78, 0x78, 
    0x78
};
static GX_CONST GX_UBYTE FONT_THEME_1_FONT_REGULAR_36_1BPP_char_6a[37] =
{
    0x0e, 0x1f, 0x1f, 0x1f, 0x0e, 0x00, 0x00, 0x00, 0x0f, 0x0f, 0x0f, 0x0f, 0x0f, 
    0x0f, 0x0f, 0x0f, 0x0f, 0x0f, 0x0f, 0x0f, 0x0f, 0x0f, 0x0f, 0x0f, 0x0f, 0x0f, 
    0x0f, 0x0f, 0x0f, 0x0f, 0x0f, 0x0f, 0x0f, 0xff, 0xfe, 0xfe, 0xf8
};
static GX_CONST GX_UBYTE FONT_THEME_1_FONT_REGULAR_36_1BPP_char_6b[78] =
{
    0xf0, 0x00, 0x00, 0xf0, 0x00, 0x00, 0xf0, 0x00, 0x00, 0xf0, 0x00, 0x00, 0xf0, 
    0x00, 0x00, 0xf0, 0x00, 0x00, 0xf0, 0x1f, 0x80, 0xf0, 0x3f, 0x00, 0xf0, 0x7e, 
    0x00, 0xf0, 0xfc, 0x00, 0xf0, 0xf8, 0x00, 0xf1, 0xf0, 0x00, 0xf3, 0xe0, 0x00, 
    0xf7, 0xc0, 0x00, 0xff, 0x80, 0x00, 0xff, 0x00, 0x00, 0xff, 0x00, 0x00, 0xff, 
    0x80, 0x00, 0xf7, 0xc0, 0x00, 0xf3, 0xe0, 0x00, 0xf1, 0xf0, 0x00, 0xf0, 0xf8, 
    0x00, 0xf0, 0x7c, 0x00, 0xf0, 0x7e, 0x00, 0xf0, 0x3f, 0x00, 0xf0, 0x1f, 0x80

};
static GX_CONST GX_UBYTE FONT_THEME_1_FONT_REGULAR_36_1BPP_char_6c[26] =
{
    0xf0, 0xf0, 0xf0, 0xf0, 0xf0, 0xf0, 0xf0, 0xf0, 0xf0, 0xf0, 0xf0, 0xf0, 0xf0, 
    0xf0, 0xf0, 0xf0, 0xf0, 0xf0, 0xf0, 0xf0, 0xf0, 0xf0, 0xf0, 0xf0, 0xf0, 0xf0

};
static GX_CONST GX_UBYTE FONT_THEME_1_FONT_REGULAR_36_1BPP_char_6d[80] =
{
    0xf1, 0xf8, 0x07, 0xe0, 0xf7, 0xfe, 0x1f, 0xf8, 0xff, 0xff, 0x3f, 0xfc, 0xff, 
    0xff, 0xff, 0xfe, 0xfc, 0x0f, 0xf0, 0x3e, 0xf8, 0x07, 0xe0, 0x1f, 0xf8, 0x03, 
    0xe0, 0x0f, 0xf0, 0x03, 0xc0, 0x0f, 0xf0, 0x03, 0xc0, 0x0f, 0xf0, 0x03, 0xc0, 
    0x0f, 0xf0, 0x03, 0xc0, 0x0f, 0xf0, 0x03, 0xc0, 0x0f, 0xf0, 0x03, 0xc0, 0x0f, 
    0xf0, 0x03, 0xc0, 0x0f, 0xf0, 0x03, 0xc0, 0x0f, 0xf0, 0x03, 0xc0, 0x0f, 0xf0, 
    0x03, 0xc0, 0x0f, 0xf0, 0x03, 0xc0, 0x0f, 0xf0, 0x03, 0xc0, 0x0f, 0xf0, 0x03, 
    0xc0, 0x0f
};
static GX_CONST GX_UBYTE FONT_THEME_1_FONT_REGULAR_36_1BPP_char_6e[60] =
{
    0xf1, 0xf8, 0x00, 0xf7, 0xfe, 0x00, 0xff, 0xff, 0x00, 0xff, 0xff, 0x80, 0xfc, 
    0x0f, 0x80, 0xf8, 0x07, 0xc0, 0xf8, 0x03, 0xc0, 0xf0, 0x03, 0xc0, 0xf0, 0x03, 
    0xc0, 0xf0, 0x03, 0xc0, 0xf0, 0x03, 0xc0, 0xf0, 0x03, 0xc0, 0xf0, 0x03, 0xc0, 
    0xf0, 0x03, 0xc0, 0xf0, 0x03, 0xc0, 0xf0, 0x03, 0xc0, 0xf0, 0x03, 0xc0, 0xf0, 
    0x03, 0xc0, 0xf0, 0x03, 0xc0, 0xf0, 0x03, 0xc0
};
static GX_CONST GX_UBYTE FONT_THEME_1_FONT_REGULAR_36_1BPP_char_6f[60] =
{
    0x01, 0xf8, 0x00, 0x0f, 0xff, 0x00, 0x1f, 0xff, 0x80, 0x3f, 0xff, 0xc0, 0x7e, 
    0x07, 0xe0, 0x7c, 0x03, 0xe0, 0x78, 0x01, 0xf0, 0xf8, 0x00, 0xf0, 0xf0, 0x00, 
    0xf0, 0xf0, 0x00, 0xf0, 0xf0, 0x00, 0xf0, 0xf0, 0x00, 0xf0, 0xf8, 0x00, 0xf0, 
    0x78, 0x01, 0xf0, 0x7c, 0x03, 0xe0, 0x7e, 0x07, 0xe0, 0x3f, 0xff, 0xc0, 0x1f, 
    0xff, 0x80, 0x0f, 0xff, 0x00, 0x01, 0xf8, 0x00
};
static GX_CONST GX_UBYTE FONT_THEME_1_FONT_REGULAR_36_1BPP_char_70[87] =
{
    0xf0, 0xfc, 0x00, 0xf3, 0xff, 0x00, 0xf7, 0xff, 0x80, 0xff, 0xff, 0xc0, 0xfe, 
    0x07, 0xe0, 0xfc, 0x03, 0xe0, 0xf8, 0x01, 0xf0, 0xf8, 0x00, 0xf0, 0xf0, 0x00, 
    0xf0, 0xf0, 0x00, 0xf0, 0xf0, 0x00, 0xf0, 0xf0, 0x00, 0xf0, 0xf8, 0x00, 0xf0, 
    0xf8, 0x01, 0xf0, 0xfc, 0x03, 0xe0, 0xfe, 0x07, 0xe0, 0xff, 0xff, 0xc0, 0xf7, 
    0xff, 0x80, 0xf3, 0xff, 0x00, 0xf0, 0xfc, 0x00, 0xf0, 0x00, 0x00, 0xf0, 0x00, 
    0x00, 0xf0, 0x00, 0x00, 0xf0, 0x00, 0x00, 0xf0, 0x00, 0x00, 0xf0, 0x00, 0x00, 
    0xf0, 0x00, 0x00, 0xf0, 0x00, 0x00, 0xf0, 0x00, 0x00
};
static GX_CONST GX_UBYTE FONT_THEME_1_FONT_REGULAR_36_1BPP_char_71[87] =
{
    0x03, 0xf0, 0xf0, 0x0f, 0xfc, 0xf0, 0x1f, 0xfe, 0xf0, 0x3f, 0xff, 0xf0, 0x7e, 
    0x07, 0xf0, 0x7c, 0x03, 0xf0, 0xf8, 0x01, 0xf0, 0xf8, 0x00, 0xf0, 0xf0, 0x00, 
    0xf0, 0xf0, 0x00, 0xf0, 0xf0, 0x00, 0xf0, 0xf0, 0x00, 0xf0, 0xf8, 0x00, 0xf0, 
    0x78, 0x01, 0xf0, 0x7c, 0x03, 0xf0, 0x7e, 0x07, 0xf0, 0x3f, 0xff, 0xf0, 0x1f, 
    0xfe, 0xf0, 0x0f, 0xfc, 0xf0, 0x03, 0xf0, 0xf0, 0x00, 0x00, 0xf0, 0x00, 0x00, 
    0xf0, 0x00, 0x00, 0xf0, 0x00, 0x00, 0xf0, 0x00, 0x00, 0xf0, 0x00, 0x00, 0xf0, 
    0x00, 0x00, 0xf0, 0x00, 0x00, 0xf0, 0x00, 0x00, 0xf0
};
static GX_CONST GX_UBYTE FONT_THEME_1_FONT_REGULAR_36_1BPP_char_72[40] =
{
    0xf1, 0xc0, 0xf7, 0xc0, 0xff, 0xc0, 0xff, 0xc0, 0xfc, 0x00, 0xf8, 0x00, 0xf8, 
    0x00, 0xf0, 0x00, 0xf0, 0x00, 0xf0, 0x00, 0xf0, 0x00, 0xf0, 0x00, 0xf0, 0x00, 
    0xf0, 0x00, 0xf0, 0x00, 0xf0, 0x00, 0xf0, 0x00, 0xf0, 0x00, 0xf0, 0x00, 0xf0, 
    0x00
};
static GX_CONST GX_UBYTE FONT_THEME_1_FONT_REGULAR_36_1BPP_char_73[60] =
{
    0x07, 0xf0, 0x00, 0x1f, 0xfc, 0x00, 0x3f, 0xfe, 0x00, 0x7f, 0xff, 0x00, 0x7c, 
    0x0f, 0x00, 0x78, 0x0f, 0x80, 0x78, 0x00, 0x00, 0x7e, 0x00, 0x00, 0x3f, 0xc0, 
    0x00, 0x1f, 0xf8, 0x00, 0x07, 0xfe, 0x00, 0x00, 0x7f, 0x00, 0x00, 0x0f, 0x80, 
    0x00, 0x07, 0x80, 0x78, 0x07, 0x80, 0x7c, 0x0f, 0x80, 0x7f, 0xff, 0x00, 0x3f, 
    0xff, 0x00, 0x1f, 0xfe, 0x00, 0x03, 0xf8, 0x00
};
static GX_CONST GX_UBYTE FONT_THEME_1_FONT_REGULAR_36_1BPP_char_74[50] =
{
    0x3c, 0x00, 0x3c, 0x00, 0x3c, 0x00, 0x3c, 0x00, 0x3c, 0x00, 0xff, 0xe0, 0xff, 
    0xe0, 0xff, 0xe0, 0xff, 0xe0, 0x3c, 0x00, 0x3c, 0x00, 0x3c, 0x00, 0x3c, 0x00, 
    0x3c, 0x00, 0x3c, 0x00, 0x3c, 0x00, 0x3c, 0x00, 0x3c, 0x00, 0x3c, 0x00, 0x3c, 
    0x00, 0x3c, 0x00, 0x3f, 0xe0, 0x1f, 0xe0, 0x1f, 0xe0, 0x07, 0xe0
};
static GX_CONST GX_UBYTE FONT_THEME_1_FONT_REGULAR_36_1BPP_char_75[60] =
{
    0xf0, 0x03, 0xc0, 0xf0, 0x03, 0xc0, 0xf0, 0x03, 0xc0, 0xf0, 0x03, 0xc0, 0xf0, 
    0x03, 0xc0, 0xf0, 0x03, 0xc0, 0xf0, 0x03, 0xc0, 0xf0, 0x03, 0xc0, 0xf0, 0x03, 
    0xc0, 0xf0, 0x03, 0xc0, 0xf0, 0x03, 0xc0, 0xf0, 0x03, 0xc0, 0xf0, 0x03, 0xc0, 
    0xf8, 0x03, 0xc0, 0xf8, 0x07, 0xc0, 0x7c, 0x0f, 0xc0, 0x7f, 0xff, 0xc0, 0x3f, 
    0xff, 0xc0, 0x1f, 0xfb, 0xc0, 0x07, 0xe3, 0xc0
};
static GX_CONST GX_UBYTE FONT_THEME_1_FONT_REGULAR_36_1BPP_char_76[60] =
{
    0x78, 0x00, 0xf0, 0x78, 0x01, 0xf0, 0x7c, 0x01, 0xe0, 0x3c, 0x01, 0xe0, 0x3c, 
    0x03, 0xe0, 0x3e, 0x03, 0xc0, 0x1e, 0x03, 0xc0, 0x1e, 0x07, 0xc0, 0x0f, 0x07, 
    0x80, 0x0f, 0x07, 0x80, 0x0f, 0x0f, 0x00, 0x07, 0x8f, 0x00, 0x07, 0x8f, 0x00, 
    0x07, 0x9e, 0x00, 0x03, 0xde, 0x00, 0x03, 0xdc, 0x00, 0x01, 0xfc, 0x00, 0x01, 
    0xfc, 0x00, 0x01, 0xf8, 0x00, 0x00, 0xf8, 0x00
};
static GX_CONST GX_UBYTE FONT_THEME_1_FONT_REGULAR_36_1BPP_char_77[80] =
{
    0x78, 0x07, 0x80, 0x78, 0x78, 0x0f, 0xc0, 0x78, 0x78, 0x0f, 0xc0, 0x78, 0x78, 
    0x0f, 0xc0, 0xf0, 0x3c, 0x0f, 0xc0, 0xf0, 0x3c, 0x1f, 0xe0, 0xf0, 0x3c, 0x1f, 
    0xe0, 0xe0, 0x1c, 0x1d, 0xe1, 0xe0, 0x1e, 0x1c, 0xe1, 0xe0, 0x1e, 0x3c, 0xf1, 
    0xc0, 0x0e, 0x38, 0xf1, 0xc0, 0x0e, 0x38, 0x73, 0xc0, 0x0f, 0x38, 0x73, 0xc0, 
    0x07, 0x78, 0x7b, 0x80, 0x07, 0x70, 0x7b, 0x80, 0x07, 0xf0, 0x3f, 0x80, 0x07, 
    0xf0, 0x3f, 0x00, 0x03, 0xf0, 0x3f, 0x00, 0x03, 0xe0, 0x3f, 0x00, 0x03, 0xe0, 
    0x1e, 0x00
};
static GX_CONST GX_UBYTE FONT_THEME_1_FONT_REGULAR_36_1BPP_char_78[60] =
{
    0x78, 0x07, 0x80, 0x7c, 0x0f, 0x80, 0x3e, 0x0f, 0x00, 0x1e, 0x1e, 0x00, 0x1f, 
    0x1e, 0x00, 0x0f, 0x3c, 0x00, 0x0f, 0xf8, 0x00, 0x07, 0xf8, 0x00, 0x03, 0xf0, 
    0x00, 0x03, 0xe0, 0x00, 0x01, 0xf0, 0x00, 0x03, 0xf0, 0x00, 0x07, 0xf8, 0x00, 
    0x07, 0xfc, 0x00, 0x0f, 0x7c, 0x00, 0x1e, 0x3e, 0x00, 0x1e, 0x1e, 0x00, 0x3c, 
    0x1f, 0x00, 0x7c, 0x0f, 0x80, 0x78, 0x07, 0x80
};
static GX_CONST GX_UBYTE FONT_THEME_1_FONT_REGULAR_36_1BPP_char_79[87] =
{
    0x78, 0x00, 0xf0, 0x78, 0x00, 0xf0, 0x7c, 0x01, 0xf0, 0x3c, 0x01, 0xe0, 0x3e, 
    0x01, 0xe0, 0x1e, 0x03, 0xc0, 0x1e, 0x03, 0xc0, 0x1f, 0x07, 0x80, 0x0f, 0x07, 
    0x80, 0x0f, 0x07, 0x80, 0x07, 0x8f, 0x00, 0x07, 0x8f, 0x00, 0x07, 0xde, 0x00, 
    0x03, 0xde, 0x00, 0x03, 0xdc, 0x00, 0x01, 0xfc, 0x00, 0x01, 0xfc, 0x00, 0x01, 
    0xf8, 0x00, 0x00, 0xf8, 0x00, 0x00, 0xf0, 0x00, 0x00, 0xf0, 0x00, 0x01, 0xf0, 
    0x00, 0x01, 0xe0, 0x00, 0x03, 0xe0, 0x00, 0x03, 0xc0, 0x00, 0x03, 0xc0, 0x00, 
    0x07, 0x80, 0x00, 0x07, 0x80, 0x00, 0x0f, 0x80, 0x00
};
static GX_CONST GX_UBYTE FONT_THEME_1_FONT_REGULAR_36_1BPP_char_7a[40] =
{
    0xff, 0xfc, 0xff, 0xfc, 0xff, 0xfc, 0xff, 0xfc, 0x00, 0xf8, 0x00, 0xf8, 0x01, 
    0xf0, 0x03, 0xe0, 0x03, 0xc0, 0x07, 0xc0, 0x0f, 0x80, 0x0f, 0x00, 0x1f, 0x00, 
    0x3e, 0x00, 0x7c, 0x00, 0x7c, 0x00, 0xff, 0xfc, 0xff, 0xfc, 0xff, 0xfc, 0xff, 
    0xfc
};
static GX_CONST GX_UBYTE FONT_THEME_1_FONT_REGULAR_36_1BPP_char_7b[80] =
{
    0x03, 0xe0, 0x0f, 0xe0, 0x0f, 0xe0, 0x1f, 0xe0, 0x1e, 0x00, 0x1e, 0x00, 0x1e, 
    0x00, 0x1e, 0x00, 0x1e, 0x00, 0x1e, 0x00, 0x1e, 0x00, 0x0f, 0x00, 0x0f, 0x00, 
    0x0f, 0x00, 0x0f, 0x00, 0x0f, 0x00, 0x0f, 0x00, 0x1f, 0x00, 0xfe, 0x00, 0xfc, 
    0x00, 0xfc, 0x00, 0xfe, 0x00, 0x1f, 0x00, 0x0f, 0x00, 0x0f, 0x00, 0x0f, 0x00, 
    0x0f, 0x00, 0x0f, 0x00, 0x0f, 0x00, 0x1e, 0x00, 0x1e, 0x00, 0x1e, 0x00, 0x1e, 
    0x00, 0x1e, 0x00, 0x1e, 0x00, 0x1e, 0x00, 0x1f, 0xe0, 0x0f, 0xe0, 0x0f, 0xe0, 
    0x03, 0xe0
};
static GX_CONST GX_UBYTE FONT_THEME_1_FONT_REGULAR_36_1BPP_char_7c[33] =
{
    0xf0, 0xf0, 0xf0, 0xf0, 0xf0, 0xf0, 0xf0, 0xf0, 0xf0, 0xf0, 0xf0, 0xf0, 0xf0, 
    0xf0, 0xf0, 0xf0, 0xf0, 0xf0, 0xf0, 0xf0, 0xf0, 0xf0, 0xf0, 0xf0, 0xf0, 0xf0, 
    0xf0, 0xf0, 0xf0, 0xf0, 0xf0, 0xf0, 0xf0
};
static GX_CONST GX_UBYTE FONT_THEME_1_FONT_REGULAR_36_1BPP_char_7d[80] =
{
    0xfc, 0x00, 0xfe, 0x00, 0xff, 0x00, 0xff, 0x80, 0x07, 0x80, 0x07, 0x80, 0x07, 
    0x80, 0x07, 0x80, 0x07, 0x80, 0x0f, 0x80, 0x0f, 0x80, 0x0f, 0x00, 0x0f, 0x00, 
    0x0f, 0x00, 0x0f, 0x00, 0x0f, 0x00, 0x0f, 0x00, 0x0f, 0x80, 0x07, 0xf0, 0x03, 
    0xf0, 0x03, 0xf0, 0x07, 0xf0, 0x0f, 0x80, 0x0f, 0x00, 0x0f, 0x00, 0x0f, 0x00, 
    0x0f, 0x00, 0x0f, 0x00, 0x0f, 0x00, 0x0f, 0x80, 0x0f, 0x80, 0x07, 0x80, 0x07, 
    0x80, 0x07, 0x80, 0x07, 0x80, 0x07, 0x80, 0xff, 0x80, 0xff, 0x00, 0xfe, 0x00, 
    0xfc, 0x00
};
static GX_CONST GX_UBYTE FONT_THEME_1_FONT_REGULAR_36_1BPP_char_7e[18] =
{
    0x0f, 0x01, 0xc0, 0x3f, 0xc3, 0x80, 0x7f, 0xff, 0x80, 0x7f, 0xff, 0x00, 0x70, 
    0xff, 0x00, 0xe0, 0x3c, 0x00
};
static GX_CONST GX_GLYPH THEME_1_FONT_REGULAR_36_1BPP_FONT_PAGE_1_GLYPHS[95] =
{
    {FONT_THEME_1_FONT_REGULAR_36_1BPP_char_20, 0, 0, 9, 0, 1, 1},
    {FONT_THEME_1_FONT_REGULAR_36_1BPP_char_21, 25, 0, 11, 3, 5, 25},
    {FONT_THEME_1_FONT_REGULAR_36_1BPP_char_22, 28, -21, 11, 1, 9, 7},
    {FONT_THEME_1_FONT_REGULAR_36_1BPP_char_23, 27, 0, 31, 1, 28, 27},
    {FONT_THEME_1_FONT_REGULAR_36_1BPP_char_24, 28, 3, 23, 2, 17, 31},
    {FONT_THEME_1_FONT_REGULAR_36_1BPP_char_25, 25, 0, 29, 2, 25, 25},
    {FONT_THEME_1_FONT_REGULAR_36_1BPP_char_26, 25, 0, 27, 1, 26, 25},
    {FONT_THEME_1_FONT_REGULAR_36_1BPP_char_27, 28, -21, 5, 1, 3, 7},
    {FONT_THEME_1_FONT_REGULAR_36_1BPP_char_28, 33, 7, 17, 4, 13, 40},
    {FONT_THEME_1_FONT_REGULAR_36_1BPP_char_29, 33, 7, 18, 0, 13, 40},
    {FONT_THEME_1_FONT_REGULAR_36_1BPP_char_2a, 26, -13, 18, 2, 14, 13},
    {FONT_THEME_1_FONT_REGULAR_36_1BPP_char_2b, 22, -4, 26, 4, 18, 18},
    {FONT_THEME_1_FONT_REGULAR_36_1BPP_char_2c, 5, 5, 8, 0, 7, 10},
    {FONT_THEME_1_FONT_REGULAR_36_1BPP_char_2d, 15, -11, 21, 3, 15, 4},
    {FONT_THEME_1_FONT_REGULAR_36_1BPP_char_2e, 5, 0, 9, 2, 5, 5},
    {FONT_THEME_1_FONT_REGULAR_36_1BPP_char_2f, 34, 6, 19, 2, 14, 40},
    {FONT_THEME_1_FONT_REGULAR_36_1BPP_char_30, 27, 0, 23, 2, 19, 27},
    {FONT_THEME_1_FONT_REGULAR_36_1BPP_char_31, 26, 0, 13, 1, 8, 26},
    {FONT_THEME_1_FONT_REGULAR_36_1BPP_char_32, 26, 0, 20, 2, 17, 26},
    {FONT_THEME_1_FONT_REGULAR_36_1BPP_char_33, 27, 0, 21, 2, 17, 27},
    {FONT_THEME_1_FONT_REGULAR_36_1BPP_char_34, 26, 0, 23, 2, 20, 26},
    {FONT_THEME_1_FONT_REGULAR_36_1BPP_char_35, 26, 0, 23, 2, 19, 26},
    {FONT_THEME_1_FONT_REGULAR_36_1BPP_char_36, 27, 0, 23, 3, 18, 27},
    {FONT_THEME_1_FONT_REGULAR_36_1BPP_char_37, 26, 0, 19, 1, 17, 26},
    {FONT_THEME_1_FONT_REGULAR_36_1BPP_char_38, 27, 0, 23, 2, 19, 27},
    {FONT_THEME_1_FONT_REGULAR_36_1BPP_char_39, 27, 0, 23, 3, 18, 27},
    {FONT_THEME_1_FONT_REGULAR_36_1BPP_char_3a, 20, 0, 9, 2, 5, 20},
    {FONT_THEME_1_FONT_REGULAR_36_1BPP_char_3b, 20, 5, 11, 1, 6, 25},
    {FONT_THEME_1_FONT_REGULAR_36_1BPP_char_3c, 21, -5, 22, 3, 13, 16},
    {FONT_THEME_1_FONT_REGULAR_36_1BPP_char_3d, 19, -7, 27, 4, 19, 12},
    {FONT_THEME_1_FONT_REGULAR_36_1BPP_char_3e, 21, -5, 21, 4, 14, 16},
    {FONT_THEME_1_FONT_REGULAR_36_1BPP_char_3f, 25, 0, 19, 1, 16, 25},
    {FONT_THEME_1_FONT_REGULAR_36_1BPP_char_40, 23, 7, 38, 3, 32, 30},
    {FONT_THEME_1_FONT_REGULAR_36_1BPP_char_41, 25, 0, 25, 1, 23, 25},
    {FONT_THEME_1_FONT_REGULAR_36_1BPP_char_42, 25, 0, 23, 3, 18, 25},
    {FONT_THEME_1_FONT_REGULAR_36_1BPP_char_43, 25, 0, 27, 1, 24, 25},
    {FONT_THEME_1_FONT_REGULAR_36_1BPP_char_44, 25, 0, 26, 3, 21, 25},
    {FONT_THEME_1_FONT_REGULAR_36_1BPP_char_45, 25, 0, 19, 3, 14, 25},
    {FONT_THEME_1_FONT_REGULAR_36_1BPP_char_46, 25, 0, 19, 3, 15, 25},
    {FONT_THEME_1_FONT_REGULAR_36_1BPP_char_47, 25, 0, 27, 1, 25, 25},
    {FONT_THEME_1_FONT_REGULAR_36_1BPP_char_48, 25, 0, 26, 3, 20, 25},
    {FONT_THEME_1_FONT_REGULAR_36_1BPP_char_49, 25, 0, 10, 3, 4, 25},
    {FONT_THEME_1_FONT_REGULAR_36_1BPP_char_4a, 25, 0, 21, 2, 15, 25},
    {FONT_THEME_1_FONT_REGULAR_36_1BPP_char_4b, 25, 0, 23, 3, 19, 25},
    {FONT_THEME_1_FONT_REGULAR_36_1BPP_char_4c, 25, 0, 16, 3, 13, 25},
    {FONT_THEME_1_FONT_REGULAR_36_1BPP_char_4d, 25, 0, 32, 3, 26, 25},
    {FONT_THEME_1_FONT_REGULAR_36_1BPP_char_4e, 25, 0, 27, 3, 21, 25},
    {FONT_THEME_1_FONT_REGULAR_36_1BPP_char_4f, 25, 0, 28, 1, 25, 25},
    {FONT_THEME_1_FONT_REGULAR_36_1BPP_char_50, 25, 0, 21, 3, 17, 25},
    {FONT_THEME_1_FONT_REGULAR_36_1BPP_char_51, 25, 4, 28, 1, 26, 29},
    {FONT_THEME_1_FONT_REGULAR_36_1BPP_char_52, 25, 0, 23, 3, 18, 25},
    {FONT_THEME_1_FONT_REGULAR_36_1BPP_char_53, 25, 0, 21, 2, 17, 25},
    {FONT_THEME_1_FONT_REGULAR_36_1BPP_char_54, 25, 0, 19, 1, 17, 25},
    {FONT_THEME_1_FONT_REGULAR_36_1BPP_char_55, 25, 0, 26, 3, 20, 25},
    {FONT_THEME_1_FONT_REGULAR_36_1BPP_char_56, 25, 0, 25, 0, 23, 25},
    {FONT_THEME_1_FONT_REGULAR_36_1BPP_char_57, 25, 0, 36, 0, 34, 25},
    {FONT_THEME_1_FONT_REGULAR_36_1BPP_char_58, 25, 0, 24, 1, 20, 25},
    {FONT_THEME_1_FONT_REGULAR_36_1BPP_char_59, 25, 0, 22, 0, 20, 25},
    {FONT_THEME_1_FONT_REGULAR_36_1BPP_char_5a, 25, 0, 20, 2, 16, 25},
    {FONT_THEME_1_FONT_REGULAR_36_1BPP_char_5b, 33, 7, 17, 5, 8, 40},
    {FONT_THEME_1_FONT_REGULAR_36_1BPP_char_5c, 34, 6, 26, 5, 15, 40},
    {FONT_THEME_1_FONT_REGULAR_36_1BPP_char_5d, 33, 7, 18, 4, 8, 40},
    {FONT_THEME_1_FONT_REGULAR_36_1BPP_char_5e, 25, -6, 24, 1, 21, 19},
    {FONT_THEME_1_FONT_REGULAR_36_1BPP_char_5f, -1, 5, 29, 5, 20, 4},
    {FONT_THEME_1_FONT_REGULAR_36_1BPP_char_60, 29, -21, 10, 1, 8, 7},
    {FONT_THEME_1_FONT_REGULAR_36_1BPP_char_61, 20, 0, 24, 1, 20, 20},
    {FONT_THEME_1_FONT_REGULAR_36_1BPP_char_62, 26, 0, 25, 3, 20, 26},
    {FONT_THEME_1_FONT_REGULAR_36_1BPP_char_63, 20, 0, 21, 1, 19, 20},
    {FONT_THEME_1_FONT_REGULAR_36_1BPP_char_64, 26, 0, 24, 1, 20, 26},
    {FONT_THEME_1_FONT_REGULAR_36_1BPP_char_65, 20, 0, 22, 1, 19, 20},
    {FONT_THEME_1_FONT_REGULAR_36_1BPP_char_66, 28, 0, 12, 1, 10, 28},
    {FONT_THEME_1_FONT_REGULAR_36_1BPP_char_67, 20, 9, 24, 1, 20, 29},
    {FONT_THEME_1_FONT_REGULAR_36_1BPP_char_68, 26, 0, 24, 3, 18, 26},
    {FONT_THEME_1_FONT_REGULAR_36_1BPP_char_69, 27, 0, 9, 2, 5, 27},
    {FONT_THEME_1_FONT_REGULAR_36_1BPP_char_6a, 28, 9, 9, -1, 8, 37},
    {FONT_THEME_1_FONT_REGULAR_36_1BPP_char_6b, 26, 0, 20, 3, 17, 26},
    {FONT_THEME_1_FONT_REGULAR_36_1BPP_char_6c, 26, 0, 10, 3, 4, 26},
    {FONT_THEME_1_FONT_REGULAR_36_1BPP_char_6d, 20, 0, 38, 3, 32, 20},
    {FONT_THEME_1_FONT_REGULAR_36_1BPP_char_6e, 20, 0, 24, 3, 18, 20},
    {FONT_THEME_1_FONT_REGULAR_36_1BPP_char_6f, 20, 0, 23, 1, 20, 20},
    {FONT_THEME_1_FONT_REGULAR_36_1BPP_char_70, 20, 9, 25, 3, 20, 29},
    {FONT_THEME_1_FONT_REGULAR_36_1BPP_char_71, 20, 9, 24, 1, 20, 29},
    {FONT_THEME_1_FONT_REGULAR_36_1BPP_char_72, 20, 0, 14, 3, 10, 20},
    {FONT_THEME_1_FONT_REGULAR_36_1BPP_char_73, 20, 0, 20, 1, 17, 20},
    {FONT_THEME_1_FONT_REGULAR_36_1BPP_char_74, 25, 0, 13, 1, 11, 25},
    {FONT_THEME_1_FONT_REGULAR_36_1BPP_char_75, 20, 0, 24, 3, 18, 20},
    {FONT_THEME_1_FONT_REGULAR_36_1BPP_char_76, 20, 0, 21, 0, 20, 20},
    {FONT_THEME_1_FONT_REGULAR_36_1BPP_char_77, 20, 0, 30, 0, 29, 20},
    {FONT_THEME_1_FONT_REGULAR_36_1BPP_char_78, 20, 0, 18, 0, 18, 20},
    {FONT_THEME_1_FONT_REGULAR_36_1BPP_char_79, 20, 9, 21, 0, 21, 29},
    {FONT_THEME_1_FONT_REGULAR_36_1BPP_char_7a, 20, 0, 18, 2, 14, 20},
    {FONT_THEME_1_FONT_REGULAR_36_1BPP_char_7b, 33, 7, 19, 5, 11, 40},
    {FONT_THEME_1_FONT_REGULAR_36_1BPP_char_7c, 29, 4, 12, 4, 4, 33},
    {FONT_THEME_1_FONT_REGULAR_36_1BPP_char_7d, 33, 7, 19, 3, 12, 40},
    {FONT_THEME_1_FONT_REGULAR_36_1BPP_char_7e, 14, -8, 20, 1, 18, 6}
};

static GX_CONST GX_FONT THEME_1_FONT_REGULAR_36_1BPP = 
{
    GX_FONT_FORMAT_1BPP,                     /* format                         */
    0,                                       /* line pre-space                 */
    0,                                       /* line post-space                */ 
    43,                                      /* font data height               */
    34,                                      /* font baseline offset           */
    0x20,                                    /* first glyph within data page   */
    0x7e,                                    /* last glyph within data page    */
    {THEME_1_FONT_REGULAR_36_1BPP_FONT_PAGE_1_GLYPHS},    /* pointer to glyph data */
    GX_NULL                                  /* next font page                 */
};


/* Font THEME_1_FONT_REGULAR_22_1BPP Data Definition                           */

static GX_CONST GX_UBYTE FONT_THEME_1_FONT_REGULAR_22_1BPP_char_b7[3] =
{
    0x40, 0xe0, 0xe0
};
static GX_CONST GX_GLYPH THEME_1_FONT_REGULAR_22_1BPP_FONT_PAGE_2_GLYPHS[1] =
{
    {FONT_THEME_1_FONT_REGULAR_22_1BPP_char_b7, 9, -6, 5, 1, 3, 3}
};

static GX_CONST GX_FONT THEME_1_FONT_REGULAR_22_1BPP_PAGE_2 =
{
    GX_FONT_FORMAT_1BPP,                     /* format                         */
    0,                                       /* line pre-space                 */
    0,                                       /* line post-space                */ 
    26,                                      /* font data height               */
    20,                                      /* font baseline offset           */
    0xb7,                                    /* first glyph within data page   */
    0xb7,                                    /* last glyph within data page    */
    {THEME_1_FONT_REGULAR_22_1BPP_FONT_PAGE_2_GLYPHS},    /* pointer to glyph data */
    GX_NULL                                  /* next font page                 */
};

static GX_CONST GX_UBYTE FONT_THEME_1_FONT_REGULAR_22_1BPP_char_20[1] =
{
    0x00
};
static GX_CONST GX_UBYTE FONT_THEME_1_FONT_REGULAR_22_1BPP_char_21[15] =
{
    0xc0, 0xc0, 0xc0, 0xc0, 0xc0, 0xc0, 0xc0, 0xc0, 0xc0, 0xc0, 0xc0, 0x00, 0x40, 
    0xe0, 0xe0
};
static GX_CONST GX_UBYTE FONT_THEME_1_FONT_REGULAR_22_1BPP_char_22[4] =
{
    0xd8, 0xd8, 0xd8, 0xd8
};
static GX_CONST GX_UBYTE FONT_THEME_1_FONT_REGULAR_22_1BPP_char_23[32] =
{
    0x02, 0x0c, 0x06, 0x0c, 0x06, 0x0c, 0x06, 0x18, 0x7f, 0xff, 0x7f, 0xff, 0x0c, 
    0x18, 0x0c, 0x10, 0x0c, 0x30, 0x0c, 0x30, 0xff, 0xfe, 0xff, 0xfe, 0x18, 0x20, 
    0x18, 0x60, 0x18, 0x60, 0x30, 0x60
};
static GX_CONST GX_UBYTE FONT_THEME_1_FONT_REGULAR_22_1BPP_char_24[38] =
{
    0x04, 0x00, 0x04, 0x00, 0x3f, 0x00, 0x7f, 0x80, 0xe5, 0xc0, 0xc4, 0xc0, 0xc4, 
    0x00, 0xe4, 0x00, 0x7c, 0x00, 0x1f, 0x00, 0x07, 0x80, 0x04, 0xc0, 0x04, 0xc0, 
    0xc4, 0xc0, 0xe4, 0xc0, 0x7f, 0x80, 0x1f, 0x00, 0x04, 0x00, 0x04, 0x00
};
static GX_CONST GX_UBYTE FONT_THEME_1_FONT_REGULAR_22_1BPP_char_25[30] =
{
    0x7c, 0x10, 0xc6, 0x30, 0xc6, 0x60, 0xc6, 0x60, 0xc6, 0xc0, 0x7c, 0xc0, 0x01, 
    0x80, 0x01, 0x00, 0x03, 0x00, 0x06, 0x7c, 0x06, 0xee, 0x0c, 0xc6, 0x0c, 0xc6, 
    0x18, 0xfe, 0x10, 0x7c
};
static GX_CONST GX_UBYTE FONT_THEME_1_FONT_REGULAR_22_1BPP_char_26[30] =
{
    0x0f, 0x00, 0x1f, 0x80, 0x30, 0xc0, 0x30, 0x00, 0x30, 0x00, 0x18, 0x00, 0x3c, 
    0x00, 0x77, 0x0c, 0xe3, 0x9c, 0xc1, 0xd8, 0xc0, 0xf0, 0xc0, 0x70, 0xe0, 0xf8, 
    0x7f, 0xdc, 0x1f, 0x0e
};
static GX_CONST GX_UBYTE FONT_THEME_1_FONT_REGULAR_22_1BPP_char_27[4] =
{
    0xc0, 0xc0, 0xc0, 0xc0
};
static GX_CONST GX_UBYTE FONT_THEME_1_FONT_REGULAR_22_1BPP_char_28[24] =
{
    0x0e, 0x1c, 0x18, 0x30, 0x30, 0x60, 0x60, 0x60, 0xc0, 0xc0, 0xc0, 0xc0, 0xc0, 
    0xc0, 0xc0, 0xc0, 0xe0, 0x60, 0x60, 0x70, 0x30, 0x38, 0x18, 0x0c
};
static GX_CONST GX_UBYTE FONT_THEME_1_FONT_REGULAR_22_1BPP_char_29[24] =
{
    0xe0, 0x70, 0x30, 0x18, 0x18, 0x0c, 0x0c, 0x0c, 0x06, 0x06, 0x06, 0x06, 0x06, 
    0x06, 0x06, 0x06, 0x0e, 0x0c, 0x0c, 0x1c, 0x18, 0x38, 0x30, 0x60
};
static GX_CONST GX_UBYTE FONT_THEME_1_FONT_REGULAR_22_1BPP_char_2a[8] =
{
    0x08, 0x09, 0xeb, 0x3c, 0x3e, 0x6b, 0x09, 0x08
};
static GX_CONST GX_UBYTE FONT_THEME_1_FONT_REGULAR_22_1BPP_char_2b[22] =
{
    0x06, 0x00, 0x06, 0x00, 0x06, 0x00, 0x06, 0x00, 0x06, 0x00, 0xff, 0xe0, 0xff, 
    0xe0, 0x06, 0x00, 0x06, 0x00, 0x06, 0x00, 0x06, 0x00
};
static GX_CONST GX_UBYTE FONT_THEME_1_FONT_REGULAR_22_1BPP_char_2c[6] =
{
    0x70, 0x60, 0x60, 0x40, 0xc0, 0xc0
};
static GX_CONST GX_UBYTE FONT_THEME_1_FONT_REGULAR_22_1BPP_char_2d[4] =
{
    0xff, 0x80, 0xff, 0x80
};
static GX_CONST GX_UBYTE FONT_THEME_1_FONT_REGULAR_22_1BPP_char_2e[3] =
{
    0x40, 0xe0, 0xe0
};
static GX_CONST GX_UBYTE FONT_THEME_1_FONT_REGULAR_22_1BPP_char_2f[24] =
{
    0x03, 0x03, 0x03, 0x06, 0x06, 0x06, 0x06, 0x0c, 0x0c, 0x0c, 0x0c, 0x18, 0x18, 
    0x18, 0x18, 0x30, 0x30, 0x30, 0x30, 0x60, 0x60, 0x60, 0x60, 0xc0
};
static GX_CONST GX_UBYTE FONT_THEME_1_FONT_REGULAR_22_1BPP_char_30[32] =
{
    0x1f, 0x00, 0x3f, 0x80, 0x60, 0xc0, 0x60, 0xc0, 0xc0, 0x60, 0xc0, 0x60, 0xc0, 
    0x60, 0xc0, 0x60, 0xc0, 0x60, 0xc0, 0x60, 0xc0, 0x60, 0xc0, 0x60, 0x60, 0xc0, 
    0x60, 0xc0, 0x3f, 0x80, 0x1f, 0x00
};
static GX_CONST GX_UBYTE FONT_THEME_1_FONT_REGULAR_22_1BPP_char_31[16] =
{
    0xf0, 0xf0, 0x30, 0x30, 0x30, 0x30, 0x30, 0x30, 0x30, 0x30, 0x30, 0x30, 0x30, 
    0x30, 0x30, 0x30
};
static GX_CONST GX_UBYTE FONT_THEME_1_FONT_REGULAR_22_1BPP_char_32[32] =
{
    0x1f, 0x00, 0x7f, 0x80, 0x61, 0xc0, 0xc0, 0xc0, 0xc0, 0xc0, 0x00, 0xc0, 0x00, 
    0xc0, 0x01, 0x80, 0x03, 0x80, 0x03, 0x00, 0x06, 0x00, 0x0c, 0x00, 0x38, 0x00, 
    0x70, 0x00, 0xff, 0xc0, 0xff, 0xc0
};
static GX_CONST GX_UBYTE FONT_THEME_1_FONT_REGULAR_22_1BPP_char_33[32] =
{
    0x1f, 0x00, 0x7f, 0x80, 0xe1, 0xc0, 0xc0, 0xc0, 0x00, 0xc0, 0x00, 0xc0, 0x01, 
    0x80, 0x1f, 0x00, 0x1f, 0x80, 0x01, 0x80, 0x00, 0xc0, 0xc0, 0xc0, 0xc0, 0xc0, 
    0xe1, 0xc0, 0x7f, 0x80, 0x3f, 0x00
};
static GX_CONST GX_UBYTE FONT_THEME_1_FONT_REGULAR_22_1BPP_char_34[30] =
{
    0x01, 0xc0, 0x03, 0xc0, 0x03, 0xc0, 0x06, 0xc0, 0x0c, 0xc0, 0x1c, 0xc0, 0x18, 
    0xc0, 0x30, 0xc0, 0x60, 0xc0, 0x60, 0xc0, 0xff, 0xf0, 0xff, 0xf0, 0x00, 0xc0, 
    0x00, 0xc0, 0x00, 0xc0
};
static GX_CONST GX_UBYTE FONT_THEME_1_FONT_REGULAR_22_1BPP_char_35[32] =
{
    0xff, 0xc0, 0xff, 0xc0, 0xc0, 0x00, 0xc0, 0x00, 0xc0, 0x00, 0xc7, 0x00, 0xff, 
    0x80, 0xf1, 0xc0, 0xc0, 0xe0, 0x00, 0x60, 0x00, 0x60, 0x00, 0x60, 0xc0, 0x60, 
    0xe0, 0xc0, 0x7f, 0xc0, 0x1f, 0x00
};
static GX_CONST GX_UBYTE FONT_THEME_1_FONT_REGULAR_22_1BPP_char_36[32] =
{
    0x1f, 0x00, 0x3f, 0x80, 0x70, 0xc0, 0x60, 0xc0, 0xc0, 0x00, 0xc6, 0x00, 0xdf, 
    0xc0, 0xf0, 0xc0, 0xe0, 0xe0, 0xc0, 0x60, 0xc0, 0x60, 0xc0, 0x60, 0x60, 0x60, 
    0x60, 0xc0, 0x3f, 0xc0, 0x1f, 0x00
};
static GX_CONST GX_UBYTE FONT_THEME_1_FONT_REGULAR_22_1BPP_char_37[32] =
{
    0xff, 0xc0, 0xff, 0xc0, 0x00, 0xc0, 0x01, 0x80, 0x01, 0x80, 0x01, 0x00, 0x03, 
    0x00, 0x03, 0x00, 0x06, 0x00, 0x06, 0x00, 0x0c, 0x00, 0x0c, 0x00, 0x0c, 0x00, 
    0x18, 0x00, 0x18, 0x00, 0x30, 0x00
};
static GX_CONST GX_UBYTE FONT_THEME_1_FONT_REGULAR_22_1BPP_char_38[32] =
{
    0x1f, 0x00, 0x7f, 0xc0, 0xe0, 0xe0, 0xc0, 0x60, 0xc0, 0x60, 0xc0, 0x60, 0x60, 
    0xc0, 0x3f, 0x80, 0x7f, 0xc0, 0xe0, 0xe0, 0xc0, 0x60, 0xc0, 0x60, 0xc0, 0x60, 
    0xe0, 0xe0, 0x7f, 0xc0, 0x1f, 0x00
};
static GX_CONST GX_UBYTE FONT_THEME_1_FONT_REGULAR_22_1BPP_char_39[32] =
{
    0x1f, 0x00, 0x7f, 0x80, 0x60, 0xc0, 0xc0, 0x40, 0xc0, 0x60, 0xc0, 0x60, 0xc0, 
    0x60, 0x60, 0xe0, 0x7f, 0xe0, 0x1f, 0x60, 0x00, 0x60, 0x00, 0x60, 0x60, 0xc0, 
    0x60, 0xc0, 0x3f, 0x80, 0x1f, 0x00
};
static GX_CONST GX_UBYTE FONT_THEME_1_FONT_REGULAR_22_1BPP_char_3a[12] =
{
    0xc0, 0xe0, 0xc0, 0x00, 0x00, 0x00, 0x00, 0x00, 0x00, 0x40, 0xe0, 0xe0
};
static GX_CONST GX_UBYTE FONT_THEME_1_FONT_REGULAR_22_1BPP_char_3b[15] =
{
    0x60, 0x70, 0x60, 0x00, 0x00, 0x00, 0x00, 0x00, 0x00, 0x30, 0x60, 0x60, 0x40, 
    0xc0, 0xc0
};
static GX_CONST GX_UBYTE FONT_THEME_1_FONT_REGULAR_22_1BPP_char_3c[10] =
{
    0x06, 0x0c, 0x38, 0x70, 0xe0, 0xe0, 0x70, 0x38, 0x0c, 0x06
};
static GX_CONST GX_UBYTE FONT_THEME_1_FONT_REGULAR_22_1BPP_char_3d[12] =
{
    0xff, 0xe0, 0xff, 0xe0, 0x00, 0x00, 0x00, 0x00, 0xff, 0xe0, 0xff, 0xe0
};
static GX_CONST GX_UBYTE FONT_THEME_1_FONT_REGULAR_22_1BPP_char_3e[10] =
{
    0x60, 0x30, 0x18, 0x0c, 0x06, 0x06, 0x0c, 0x18, 0x30, 0x60
};
static GX_CONST GX_UBYTE FONT_THEME_1_FONT_REGULAR_22_1BPP_char_3f[30] =
{
    0x3f, 0x00, 0x7f, 0x80, 0xe1, 0xc0, 0xc0, 0xc0, 0x00, 0xc0, 0x00, 0xc0, 0x03, 
    0x80, 0x3f, 0x80, 0x3c, 0x00, 0x30, 0x00, 0x30, 0x00, 0x00, 0x00, 0x10, 0x00, 
    0x38, 0x00, 0x38, 0x00
};
static GX_CONST GX_UBYTE FONT_THEME_1_FONT_REGULAR_22_1BPP_char_40[54] =
{
    0x00, 0xfc, 0x00, 0x07, 0xff, 0x00, 0x0e, 0x03, 0x80, 0x18, 0x00, 0xc0, 0x31, 
    0xec, 0xe0, 0x73, 0xfc, 0x60, 0x67, 0x1c, 0x60, 0xe6, 0x0c, 0x60, 0xcc, 0x08, 
    0x60, 0xcc, 0x08, 0x60, 0xcc, 0x18, 0xc0, 0xcc, 0x18, 0xc0, 0xc6, 0x6d, 0x80, 
    0xe3, 0xcf, 0x00, 0x60, 0x00, 0x00, 0x38, 0x00, 0x00, 0x1f, 0xf0, 0x00, 0x0f, 
    0xe0, 0x00
};
static GX_CONST GX_UBYTE FONT_THEME_1_FONT_REGULAR_22_1BPP_char_41[30] =
{
    0x07, 0x00, 0x07, 0x00, 0x0f, 0x80, 0x0d, 0x80, 0x0d, 0x80, 0x18, 0xc0, 0x18, 
    0xc0, 0x38, 0xc0, 0x30, 0x60, 0x30, 0x60, 0x7f, 0xe0, 0x7f, 0xf0, 0x60, 0x30, 
    0xc0, 0x38, 0xc0, 0x18
};
static GX_CONST GX_UBYTE FONT_THEME_1_FONT_REGULAR_22_1BPP_char_42[30] =
{
    0xff, 0x00, 0xff, 0x80, 0xc1, 0xc0, 0xc0, 0xc0, 0xc0, 0xc0, 0xc1, 0xc0, 0xff, 
    0x80, 0xff, 0x80, 0xc0, 0xc0, 0xc0, 0x60, 0xc0, 0x60, 0xc0, 0x60, 0xc0, 0xe0, 
    0xff, 0xc0, 0xff, 0x80
};
static GX_CONST GX_UBYTE FONT_THEME_1_FONT_REGULAR_22_1BPP_char_43[30] =
{
    0x07, 0xe0, 0x1f, 0xf8, 0x38, 0x1c, 0x60, 0x0c, 0x60, 0x00, 0xc0, 0x00, 0xc0, 
    0x00, 0xc0, 0x00, 0xc0, 0x00, 0xc0, 0x00, 0x60, 0x00, 0x60, 0x0c, 0x38, 0x1c, 
    0x1f, 0xf8, 0x07, 0xe0
};
static GX_CONST GX_UBYTE FONT_THEME_1_FONT_REGULAR_22_1BPP_char_44[30] =
{
    0xff, 0x00, 0xff, 0xc0, 0xc0, 0xe0, 0xc0, 0x30, 0xc0, 0x30, 0xc0, 0x18, 0xc0, 
    0x18, 0xc0, 0x18, 0xc0, 0x18, 0xc0, 0x18, 0xc0, 0x38, 0xc0, 0x30, 0xc0, 0xe0, 
    0xff, 0xc0, 0xff, 0x00
};
static GX_CONST GX_UBYTE FONT_THEME_1_FONT_REGULAR_22_1BPP_char_45[30] =
{
    0xff, 0x80, 0xff, 0x80, 0xc0, 0x00, 0xc0, 0x00, 0xc0, 0x00, 0xc0, 0x00, 0xff, 
    0x00, 0xff, 0x00, 0xc0, 0x00, 0xc0, 0x00, 0xc0, 0x00, 0xc0, 0x00, 0xc0, 0x00, 
    0xff, 0x80, 0xff, 0x80
};
static GX_CONST GX_UBYTE FONT_THEME_1_FONT_REGULAR_22_1BPP_char_46[30] =
{
    0xff, 0x80, 0xff, 0x80, 0xc0, 0x00, 0xc0, 0x00, 0xc0, 0x00, 0xc0, 0x00, 0xff, 
    0x00, 0xff, 0x00, 0xc0, 0x00, 0xc0, 0x00, 0xc0, 0x00, 0xc0, 0x00, 0xc0, 0x00, 
    0xc0, 0x00, 0xc0, 0x00
};
static GX_CONST GX_UBYTE FONT_THEME_1_FONT_REGULAR_22_1BPP_char_47[30] =
{
    0x07, 0xc0, 0x1f, 0xf0, 0x38, 0x18, 0x60, 0x0c, 0x60, 0x00, 0xc0, 0x00, 0xc0, 
    0x00, 0xc1, 0xfe, 0xc1, 0xfe, 0xc0, 0x06, 0x60, 0x0e, 0x60, 0x0c, 0x38, 0x18, 
    0x1f, 0xf0, 0x07, 0xc0
};
static GX_CONST GX_UBYTE FONT_THEME_1_FONT_REGULAR_22_1BPP_char_48[30] =
{
    0xc0, 0x30, 0xc0, 0x30, 0xc0, 0x30, 0xc0, 0x30, 0xc0, 0x30, 0xc0, 0x30, 0xff, 
    0xf0, 0xff, 0xf0, 0xc0, 0x30, 0xc0, 0x30, 0xc0, 0x30, 0xc0, 0x30, 0xc0, 0x30, 
    0xc0, 0x30, 0xc0, 0x30
};
static GX_CONST GX_UBYTE FONT_THEME_1_FONT_REGULAR_22_1BPP_char_49[15] =
{
    0xc0, 0xc0, 0xc0, 0xc0, 0xc0, 0xc0, 0xc0, 0xc0, 0xc0, 0xc0, 0xc0, 0xc0, 0xc0, 
    0xc0, 0xc0
};
static GX_CONST GX_UBYTE FONT_THEME_1_FONT_REGULAR_22_1BPP_char_4a[30] =
{
    0x01, 0x80, 0x01, 0x80, 0x01, 0x80, 0x01, 0x80, 0x01, 0x80, 0x01, 0x80, 0x01, 
    0x80, 0x01, 0x80, 0x01, 0x80, 0x01, 0x80, 0x01, 0x80, 0xc1, 0x80, 0xe3, 0x80, 
    0x7f, 0x00, 0x3e, 0x00
};
static GX_CONST GX_UBYTE FONT_THEME_1_FONT_REGULAR_22_1BPP_char_4b[30] =
{
    0xc0, 0xc0, 0xc1, 0xc0, 0xc3, 0x80, 0xc7, 0x00, 0xce, 0x00, 0xdc, 0x00, 0xf8, 
    0x00, 0xf0, 0x00, 0xf8, 0x00, 0xdc, 0x00, 0xce, 0x00, 0xc7, 0x00, 0xc3, 0x80, 
    0xc1, 0xc0, 0xc0, 0xc0
};
static GX_CONST GX_UBYTE FONT_THEME_1_FONT_REGULAR_22_1BPP_char_4c[15] =
{
    0xc0, 0xc0, 0xc0, 0xc0, 0xc0, 0xc0, 0xc0, 0xc0, 0xc0, 0xc0, 0xc0, 0xc0, 0xc0, 
    0xff, 0xff
};
static GX_CONST GX_UBYTE FONT_THEME_1_FONT_REGULAR_22_1BPP_char_4d[30] =
{
    0xc0, 0x03, 0xe0, 0x07, 0xe0, 0x07, 0xf0, 0x0f, 0xf0, 0x0f, 0xd8, 0x1b, 0xd8, 
    0x1b, 0xcc, 0x33, 0xcc, 0x33, 0xc6, 0x63, 0xc6, 0x63, 0xc3, 0xc3, 0xc3, 0xc3, 
    0xc1, 0x83, 0xc1, 0x83
};
static GX_CONST GX_UBYTE FONT_THEME_1_FONT_REGULAR_22_1BPP_char_4e[30] =
{
    0xc0, 0x30, 0xe0, 0x30, 0xf0, 0x30, 0xf0, 0x30, 0xd8, 0x30, 0xcc, 0x30, 0xcc, 
    0x30, 0xc6, 0x30, 0xc3, 0x30, 0xc3, 0x30, 0xc1, 0xb0, 0xc0, 0xf0, 0xc0, 0xf0, 
    0xc0, 0x70, 0xc0, 0x30
};
static GX_CONST GX_UBYTE FONT_THEME_1_FONT_REGULAR_22_1BPP_char_4f[30] =
{
    0x07, 0xc0, 0x1f, 0xf0, 0x38, 0x38, 0x60, 0x0c, 0x60, 0x0c, 0xc0, 0x06, 0xc0, 
    0x06, 0xc0, 0x06, 0xc0, 0x06, 0xc0, 0x06, 0x60, 0x0e, 0x60, 0x0c, 0x38, 0x38, 
    0x1f, 0xf0, 0x07, 0xc0
};
static GX_CONST GX_UBYTE FONT_THEME_1_FONT_REGULAR_22_1BPP_char_50[30] =
{
    0xff, 0x00, 0xff, 0x80, 0xc1, 0xc0, 0xc0, 0xc0, 0xc0, 0xc0, 0xc0, 0xc0, 0xc1, 
    0xc0, 0xff, 0x80, 0xfc, 0x00, 0xc0, 0x00, 0xc0, 0x00, 0xc0, 0x00, 0xc0, 0x00, 
    0xc0, 0x00, 0xc0, 0x00
};
static GX_CONST GX_UBYTE FONT_THEME_1_FONT_REGULAR_22_1BPP_char_51[36] =
{
    0x07, 0xc0, 0x1f, 0xf0, 0x38, 0x38, 0x60, 0x0c, 0x60, 0x0c, 0xc0, 0x06, 0xc0, 
    0x06, 0xc0, 0x06, 0xc0, 0x06, 0xc0, 0x06, 0x60, 0x0c, 0x60, 0x0c, 0x38, 0x38, 
    0x1f, 0xf0, 0x07, 0xf0, 0x00, 0x18, 0x00, 0x0c, 0x00, 0x06
};
static GX_CONST GX_UBYTE FONT_THEME_1_FONT_REGULAR_22_1BPP_char_52[30] =
{
    0xff, 0x00, 0xff, 0x80, 0xc1, 0xc0, 0xc0, 0xc0, 0xc0, 0xc0, 0xc0, 0xc0, 0xc1, 
    0xc0, 0xff, 0x80, 0xff, 0x00, 0xc6, 0x00, 0xc7, 0x00, 0xc3, 0x00, 0xc3, 0x80, 
    0xc1, 0x80, 0xc0, 0xc0
};
static GX_CONST GX_UBYTE FONT_THEME_1_FONT_REGULAR_22_1BPP_char_53[30] =
{
    0x3e, 0x00, 0x7f, 0x80, 0xe1, 0xc0, 0xc0, 0xc0, 0xc0, 0x00, 0xe0, 0x00, 0x78, 
    0x00, 0x3f, 0x00, 0x03, 0x80, 0x00, 0xc0, 0x00, 0xc0, 0xc0, 0xc0, 0xe1, 0xc0, 
    0x7f, 0x80, 0x3f, 0x00
};
static GX_CONST GX_UBYTE FONT_THEME_1_FONT_REGULAR_22_1BPP_char_54[30] =
{
    0xff, 0xc0, 0xff, 0xc0, 0x0c, 0x00, 0x0c, 0x00, 0x0c, 0x00, 0x0c, 0x00, 0x0c, 
    0x00, 0x0c, 0x00, 0x0c, 0x00, 0x0c, 0x00, 0x0c, 0x00, 0x0c, 0x00, 0x0c, 0x00, 
    0x0c, 0x00, 0x0c, 0x00
};
static GX_CONST GX_UBYTE FONT_THEME_1_FONT_REGULAR_22_1BPP_char_55[30] =
{
    0xc0, 0x30, 0xc0, 0x30, 0xc0, 0x30, 0xc0, 0x30, 0xc0, 0x30, 0xc0, 0x30, 0xc0, 
    0x30, 0xc0, 0x30, 0xc0, 0x30, 0xc0, 0x30, 0xc0, 0x30, 0xc0, 0x30, 0x60, 0x60, 
    0x3f, 0xc0, 0x1f, 0x80
};
static GX_CONST GX_UBYTE FONT_THEME_1_FONT_REGULAR_22_1BPP_char_56[30] =
{
    0x60, 0x0c, 0x60, 0x0c, 0x70, 0x18, 0x30, 0x18, 0x30, 0x18, 0x18, 0x30, 0x18, 
    0x30, 0x18, 0x60, 0x0c, 0x60, 0x0c, 0x60, 0x06, 0xc0, 0x06, 0xc0, 0x06, 0xc0, 
    0x03, 0x80, 0x03, 0x80
};
static GX_CONST GX_UBYTE FONT_THEME_1_FONT_REGULAR_22_1BPP_char_57[45] =
{
    0x60, 0x30, 0x18, 0x60, 0x70, 0x38, 0x60, 0x78, 0x30, 0x70, 0x78, 0x30, 0x30, 
    0xd8, 0x30, 0x30, 0xd8, 0x60, 0x30, 0xcc, 0x60, 0x19, 0x8c, 0x60, 0x19, 0x8c, 
    0x40, 0x19, 0x86, 0xc0, 0x09, 0x06, 0xc0, 0x0f, 0x06, 0xc0, 0x0f, 0x03, 0x80, 
    0x0e, 0x03, 0x80, 0x06, 0x03, 0x80
};
static GX_CONST GX_UBYTE FONT_THEME_1_FONT_REGULAR_22_1BPP_char_58[30] =
{
    0xe0, 0x60, 0x60, 0x60, 0x30, 0xc0, 0x31, 0xc0, 0x19, 0x80, 0x1f, 0x00, 0x0f, 
    0x00, 0x06, 0x00, 0x0f, 0x00, 0x1f, 0x00, 0x19, 0x80, 0x31, 0x80, 0x30, 0xc0, 
    0x60, 0xe0, 0xe0, 0x60
};
static GX_CONST GX_UBYTE FONT_THEME_1_FONT_REGULAR_22_1BPP_char_59[30] =
{
    0xc0, 0x30, 0x60, 0x60, 0x60, 0x60, 0x30, 0xc0, 0x30, 0xc0, 0x19, 0x80, 0x19, 
    0x80, 0x0f, 0x00, 0x07, 0x00, 0x06, 0x00, 0x06, 0x00, 0x06, 0x00, 0x06, 0x00, 
    0x06, 0x00, 0x06, 0x00
};
static GX_CONST GX_UBYTE FONT_THEME_1_FONT_REGULAR_22_1BPP_char_5a[30] =
{
    0xff, 0xc0, 0xff, 0xc0, 0x01, 0x80, 0x03, 0x80, 0x03, 0x00, 0x06, 0x00, 0x0e, 
    0x00, 0x0c, 0x00, 0x1c, 0x00, 0x18, 0x00, 0x30, 0x00, 0x70, 0x00, 0x60, 0x00, 
    0xff, 0xc0, 0xff, 0xc0
};
static GX_CONST GX_UBYTE FONT_THEME_1_FONT_REGULAR_22_1BPP_char_5b[24] =
{
    0xf0, 0xf0, 0xc0, 0xc0, 0xc0, 0xc0, 0xc0, 0xc0, 0xc0, 0xc0, 0xc0, 0xc0, 0xc0, 
    0xc0, 0xc0, 0xc0, 0xc0, 0xc0, 0xc0, 0xc0, 0xc0, 0xc0, 0xf0, 0xf0
};
static GX_CONST GX_UBYTE FONT_THEME_1_FONT_REGULAR_22_1BPP_char_5c[48] =
{
    0xc0, 0x00, 0xc0, 0x00, 0x60, 0x00, 0x60, 0x00, 0x60, 0x00, 0x60, 0x00, 0x30, 
    0x00, 0x30, 0x00, 0x30, 0x00, 0x18, 0x00, 0x18, 0x00, 0x18, 0x00, 0x18, 0x00, 
    0x0c, 0x00, 0x0c, 0x00, 0x0c, 0x00, 0x06, 0x00, 0x06, 0x00, 0x06, 0x00, 0x06, 
    0x00, 0x03, 0x00, 0x03, 0x00, 0x03, 0x00, 0x01, 0x80
};
static GX_CONST GX_UBYTE FONT_THEME_1_FONT_REGULAR_22_1BPP_char_5d[24] =
{
    0xf0, 0xf0, 0x30, 0x30, 0x30, 0x30, 0x30, 0x30, 0x30, 0x30, 0x30, 0x30, 0x30, 
    0x30, 0x30, 0x30, 0x30, 0x30, 0x30, 0x30, 0x30, 0x30, 0xf0, 0xf0
};
static GX_CONST GX_UBYTE FONT_THEME_1_FONT_REGULAR_22_1BPP_char_5e[24] =
{
    0x06, 0x00, 0x06, 0x00, 0x0f, 0x00, 0x0f, 0x00, 0x19, 0x80, 0x19, 0x80, 0x30, 
    0xc0, 0x30, 0xc0, 0x60, 0xc0, 0x60, 0x60, 0xe0, 0x60, 0xc0, 0x30
};
static GX_CONST GX_UBYTE FONT_THEME_1_FONT_REGULAR_22_1BPP_char_5f[4] =
{
    0xff, 0xf0, 0xff, 0xf0
};
static GX_CONST GX_UBYTE FONT_THEME_1_FONT_REGULAR_22_1BPP_char_60[4] =
{
    0x80, 0xc0, 0x70, 0x18
};
static GX_CONST GX_UBYTE FONT_THEME_1_FONT_REGULAR_22_1BPP_char_61[24] =
{
    0x1f, 0x30, 0x3f, 0xb0, 0x70, 0xf0, 0xe0, 0x70, 0xc0, 0x30, 0xc0, 0x30, 0xc0, 
    0x30, 0xc0, 0x30, 0xe0, 0x70, 0x70, 0xf0, 0x3f, 0xb0, 0x1f, 0x30
};
static GX_CONST GX_UBYTE FONT_THEME_1_FONT_REGULAR_22_1BPP_char_62[32] =
{
    0xc0, 0x00, 0xc0, 0x00, 0xc0, 0x00, 0xc0, 0x00, 0xcf, 0x80, 0xdf, 0xc0, 0xf0, 
    0xe0, 0xe0, 0x70, 0xc0, 0x30, 0xc0, 0x30, 0xc0, 0x30, 0xc0, 0x30, 0xe0, 0x70, 
    0xf0, 0xe0, 0xdf, 0xc0, 0xcf, 0x80
};
static GX_CONST GX_UBYTE FONT_THEME_1_FONT_REGULAR_22_1BPP_char_63[24] =
{
    0x1f, 0x80, 0x3f, 0xc0, 0x60, 0xe0, 0xe0, 0x60, 0xc0, 0x00, 0xc0, 0x00, 0xc0, 
    0x00, 0xc0, 0x00, 0xe0, 0x60, 0x60, 0xe0, 0x3f, 0xc0, 0x1f, 0x00
};
static GX_CONST GX_UBYTE FONT_THEME_1_FONT_REGULAR_22_1BPP_char_64[32] =
{
    0x00, 0x30, 0x00, 0x30, 0x00, 0x30, 0x00, 0x30, 0x1f, 0x30, 0x3f, 0xb0, 0x70, 
    0xf0, 0xe0, 0x70, 0xc0, 0x30, 0xc0, 0x30, 0xc0, 0x30, 0xc0, 0x30, 0xe0, 0x70, 
    0x70, 0xf0, 0x3f, 0xb0, 0x1f, 0x30
};
static GX_CONST GX_UBYTE FONT_THEME_1_FONT_REGULAR_22_1BPP_char_65[24] =
{
    0x1f, 0x80, 0x3f, 0xc0, 0x60, 0x60, 0xe0, 0x30, 0xc0, 0x30, 0xff, 0xf0, 0xff, 
    0xf0, 0xc0, 0x00, 0xc0, 0x70, 0x60, 0x60, 0x3f, 0xc0, 0x1f, 0x80
};
static GX_CONST GX_UBYTE FONT_THEME_1_FONT_REGULAR_22_1BPP_char_66[16] =
{
    0x1c, 0x3c, 0x30, 0x30, 0xfc, 0xfc, 0x30, 0x30, 0x30, 0x30, 0x30, 0x30, 0x30, 
    0x30, 0x30, 0x30
};
static GX_CONST GX_UBYTE FONT_THEME_1_FONT_REGULAR_22_1BPP_char_67[36] =
{
    0x1f, 0x30, 0x3f, 0xb0, 0x70, 0xf0, 0xe0, 0x70, 0xc0, 0x30, 0xc0, 0x30, 0xc0, 
    0x30, 0xc0, 0x30, 0xe0, 0x70, 0x70, 0xf0, 0x3f, 0xb0, 0x1f, 0x30, 0x00, 0x30, 
    0x00, 0x30, 0x60, 0x70, 0x70, 0x60, 0x3f, 0xc0, 0x0f, 0x80
};
static GX_CONST GX_UBYTE FONT_THEME_1_FONT_REGULAR_22_1BPP_char_68[32] =
{
    0xc0, 0x00, 0xc0, 0x00, 0xc0, 0x00, 0xc0, 0x00, 0xcf, 0x00, 0xff, 0xc0, 0xe0, 
    0xc0, 0xc0, 0x60, 0xc0, 0x60, 0xc0, 0x60, 0xc0, 0x60, 0xc0, 0x60, 0xc0, 0x60, 
    0xc0, 0x60, 0xc0, 0x60, 0xc0, 0x60
};
static GX_CONST GX_UBYTE FONT_THEME_1_FONT_REGULAR_22_1BPP_char_69[16] =
{
    0xc0, 0xe0, 0xc0, 0x00, 0xc0, 0xc0, 0xc0, 0xc0, 0xc0, 0xc0, 0xc0, 0xc0, 0xc0, 
    0xc0, 0xc0, 0xc0
};
static GX_CONST GX_UBYTE FONT_THEME_1_FONT_REGULAR_22_1BPP_char_6a[22] =
{
    0x30, 0x38, 0x10, 0x00, 0x30, 0x30, 0x30, 0x30, 0x30, 0x30, 0x30, 0x30, 0x30, 
    0x30, 0x30, 0x30, 0x30, 0x30, 0x30, 0x30, 0xf0, 0xe0
};
static GX_CONST GX_UBYTE FONT_THEME_1_FONT_REGULAR_22_1BPP_char_6b[32] =
{
    0xc0, 0x00, 0xc0, 0x00, 0xc0, 0x00, 0xc0, 0x00, 0xc3, 0x80, 0xc7, 0x00, 0xce, 
    0x00, 0xcc, 0x00, 0xd8, 0x00, 0xf0, 0x00, 0xf0, 0x00, 0xd8, 0x00, 0xcc, 0x00, 
    0xc6, 0x00, 0xc7, 0x00, 0xc3, 0x80
};
static GX_CONST GX_UBYTE FONT_THEME_1_FONT_REGULAR_22_1BPP_char_6c[16] =
{
    0xc0, 0xc0, 0xc0, 0xc0, 0xc0, 0xc0, 0xc0, 0xc0, 0xc0, 0xc0, 0xc0, 0xc0, 0xc0, 
    0xc0, 0xc0, 0xc0
};
static GX_CONST GX_UBYTE FONT_THEME_1_FONT_REGULAR_22_1BPP_char_6d[36] =
{
    0xcf, 0x07, 0x80, 0xff, 0xdf, 0xe0, 0xe0, 0xd0, 0x60, 0xc0, 0x60, 0x30, 0xc0, 
    0x60, 0x30, 0xc0, 0x60, 0x30, 0xc0, 0x60, 0x30, 0xc0, 0x60, 0x30, 0xc0, 0x60, 
    0x30, 0xc0, 0x60, 0x30, 0xc0, 0x60, 0x30, 0xc0, 0x60, 0x30
};
static GX_CONST GX_UBYTE FONT_THEME_1_FONT_REGULAR_22_1BPP_char_6e[24] =
{
    0xcf, 0x00, 0xff, 0xc0, 0xe0, 0xc0, 0xc0, 0x60, 0xc0, 0x60, 0xc0, 0x60, 0xc0, 
    0x60, 0xc0, 0x60, 0xc0, 0x60, 0xc0, 0x60, 0xc0, 0x60, 0xc0, 0x60
};
static GX_CONST GX_UBYTE FONT_THEME_1_FONT_REGULAR_22_1BPP_char_6f[24] =
{
    0x1f, 0x80, 0x3f, 0xc0, 0x70, 0xe0, 0xe0, 0x70, 0xc0, 0x30, 0xc0, 0x30, 0xc0, 
    0x30, 0xc0, 0x30, 0xe0, 0x70, 0x70, 0xe0, 0x3f, 0xc0, 0x1f, 0x00
};
static GX_CONST GX_UBYTE FONT_THEME_1_FONT_REGULAR_22_1BPP_char_70[36] =
{
    0xcf, 0x80, 0xdf, 0xc0, 0xf0, 0xe0, 0xe0, 0x70, 0xc0, 0x30, 0xc0, 0x30, 0xc0, 
    0x30, 0xc0, 0x30, 0xe0, 0x70, 0xf0, 0xe0, 0xdf, 0xc0, 0xcf, 0x80, 0xc0, 0x00, 
    0xc0, 0x00, 0xc0, 0x00, 0xc0, 0x00, 0xc0, 0x00, 0xc0, 0x00
};
static GX_CONST GX_UBYTE FONT_THEME_1_FONT_REGULAR_22_1BPP_char_71[36] =
{
    0x1f, 0x30, 0x3f, 0xb0, 0x70, 0xf0, 0xe0, 0x70, 0xc0, 0x30, 0xc0, 0x30, 0xc0, 
    0x30, 0xc0, 0x30, 0xe0, 0x70, 0x70, 0xf0, 0x3f, 0xb0, 0x1f, 0x30, 0x00, 0x30, 
    0x00, 0x30, 0x00, 0x30, 0x00, 0x30, 0x00, 0x30, 0x00, 0x30
};
static GX_CONST GX_UBYTE FONT_THEME_1_FONT_REGULAR_22_1BPP_char_72[12] =
{
    0xcc, 0xfc, 0xe0, 0xc0, 0xc0, 0xc0, 0xc0, 0xc0, 0xc0, 0xc0, 0xc0, 0xc0
};
static GX_CONST GX_UBYTE FONT_THEME_1_FONT_REGULAR_22_1BPP_char_73[24] =
{
    0x3e, 0x00, 0x7f, 0x00, 0xc1, 0x80, 0xc1, 0x80, 0xe0, 0x00, 0x7c, 0x00, 0x1f, 
    0x00, 0x03, 0x80, 0xc1, 0x80, 0xc1, 0x80, 0x7f, 0x00, 0x3e, 0x00
};
static GX_CONST GX_UBYTE FONT_THEME_1_FONT_REGULAR_22_1BPP_char_74[15] =
{
    0x30, 0x30, 0x30, 0xfe, 0xfe, 0x30, 0x30, 0x30, 0x30, 0x30, 0x30, 0x30, 0x30, 
    0x3e, 0x1e
};
static GX_CONST GX_UBYTE FONT_THEME_1_FONT_REGULAR_22_1BPP_char_75[24] =
{
    0xc0, 0x60, 0xc0, 0x60, 0xc0, 0x60, 0xc0, 0x60, 0xc0, 0x60, 0xc0, 0x60, 0xc0, 
    0x60, 0xc0, 0x60, 0xc0, 0x60, 0x60, 0xe0, 0x7f, 0xe0, 0x1e, 0x60
};
static GX_CONST GX_UBYTE FONT_THEME_1_FONT_REGULAR_22_1BPP_char_76[24] =
{
    0xe0, 0x30, 0x60, 0x60, 0x60, 0x60, 0x30, 0x60, 0x30, 0xc0, 0x38, 0xc0, 0x19, 
    0xc0, 0x19, 0x80, 0x0d, 0x80, 0x0f, 0x00, 0x0f, 0x00, 0x07, 0x00
};
static GX_CONST GX_UBYTE FONT_THEME_1_FONT_REGULAR_22_1BPP_char_77[36] =
{
    0xc0, 0xc0, 0xc0, 0x60, 0xe1, 0x80, 0x61, 0xe1, 0x80, 0x61, 0xe1, 0x80, 0x31, 
    0x21, 0x00, 0x33, 0x33, 0x00, 0x33, 0x33, 0x00, 0x12, 0x12, 0x00, 0x1a, 0x1e, 
    0x00, 0x1e, 0x1e, 0x00, 0x0e, 0x1c, 0x00, 0x0c, 0x0c, 0x00
};
static GX_CONST GX_UBYTE FONT_THEME_1_FONT_REGULAR_22_1BPP_char_78[24] =
{
    0x60, 0xc0, 0x71, 0x80, 0x31, 0x80, 0x1b, 0x00, 0x1e, 0x00, 0x0e, 0x00, 0x0e, 
    0x00, 0x1e, 0x00, 0x1b, 0x00, 0x33, 0x80, 0x61, 0x80, 0x60, 0xc0
};
static GX_CONST GX_UBYTE FONT_THEME_1_FONT_REGULAR_22_1BPP_char_79[36] =
{
    0xe0, 0x30, 0x60, 0x60, 0x60, 0x60, 0x30, 0x60, 0x30, 0xc0, 0x38, 0xc0, 0x18, 
    0x80, 0x19, 0x80, 0x0d, 0x80, 0x0f, 0x00, 0x0f, 0x00, 0x06, 0x00, 0x06, 0x00, 
    0x06, 0x00, 0x0c, 0x00, 0x0c, 0x00, 0x18, 0x00, 0x18, 0x00
};
static GX_CONST GX_UBYTE FONT_THEME_1_FONT_REGULAR_22_1BPP_char_7a[12] =
{
    0xff, 0xff, 0x06, 0x0e, 0x0c, 0x18, 0x18, 0x30, 0x60, 0x60, 0xff, 0xff
};
static GX_CONST GX_UBYTE FONT_THEME_1_FONT_REGULAR_22_1BPP_char_7b[24] =
{
    0x1e, 0x3e, 0x30, 0x30, 0x30, 0x30, 0x30, 0x30, 0x30, 0x30, 0x70, 0xe0, 0xe0, 
    0x70, 0x30, 0x30, 0x30, 0x30, 0x30, 0x30, 0x30, 0x30, 0x3e, 0x1e
};
static GX_CONST GX_UBYTE FONT_THEME_1_FONT_REGULAR_22_1BPP_char_7c[20] =
{
    0xc0, 0xc0, 0xc0, 0xc0, 0xc0, 0xc0, 0xc0, 0xc0, 0xc0, 0xc0, 0xc0, 0xc0, 0xc0, 
    0xc0, 0xc0, 0xc0, 0xc0, 0xc0, 0xc0, 0xc0
};
static GX_CONST GX_UBYTE FONT_THEME_1_FONT_REGULAR_22_1BPP_char_7d[24] =
{
    0xe0, 0xf0, 0x30, 0x30, 0x30, 0x30, 0x30, 0x30, 0x30, 0x30, 0x38, 0x1c, 0x1c, 
    0x38, 0x30, 0x30, 0x30, 0x30, 0x30, 0x30, 0x30, 0x30, 0xf0, 0xe0
};
static GX_CONST GX_UBYTE FONT_THEME_1_FONT_REGULAR_22_1BPP_char_7e[6] =
{
    0x78, 0x80, 0xff, 0x80, 0x87, 0x00
};
static GX_CONST GX_GLYPH THEME_1_FONT_REGULAR_22_1BPP_FONT_PAGE_1_GLYPHS[95] =
{
    {FONT_THEME_1_FONT_REGULAR_22_1BPP_char_20, 0, 0, 6, 0, 1, 1},
    {FONT_THEME_1_FONT_REGULAR_22_1BPP_char_21, 15, 0, 7, 2, 3, 15},
    {FONT_THEME_1_FONT_REGULAR_22_1BPP_char_22, 17, -13, 7, 1, 5, 4},
    {FONT_THEME_1_FONT_REGULAR_22_1BPP_char_23, 16, 0, 18, 1, 16, 16},
    {FONT_THEME_1_FONT_REGULAR_22_1BPP_char_24, 17, 2, 13, 1, 10, 19},
    {FONT_THEME_1_FONT_REGULAR_22_1BPP_char_25, 15, 0, 17, 1, 15, 15},
    {FONT_THEME_1_FONT_REGULAR_22_1BPP_char_26, 15, 0, 16, 1, 15, 15},
    {FONT_THEME_1_FONT_REGULAR_22_1BPP_char_27, 17, -13, 4, 1, 2, 4},
    {FONT_THEME_1_FONT_REGULAR_22_1BPP_char_28, 20, 4, 10, 2, 7, 24},
    {FONT_THEME_1_FONT_REGULAR_22_1BPP_char_29, 20, 4, 10, 1, 7, 24},
    {FONT_THEME_1_FONT_REGULAR_22_1BPP_char_2a, 16, -8, 11, 1, 8, 8},
    {FONT_THEME_1_FONT_REGULAR_22_1BPP_char_2b, 13, -2, 15, 2, 11, 11},
    {FONT_THEME_1_FONT_REGULAR_22_1BPP_char_2c, 3, 3, 4, -1, 4, 6},
    {FONT_THEME_1_FONT_REGULAR_22_1BPP_char_2d, 9, -7, 12, 1, 9, 2},
    {FONT_THEME_1_FONT_REGULAR_22_1BPP_char_2e, 3, 0, 5, 1, 3, 3},
    {FONT_THEME_1_FONT_REGULAR_22_1BPP_char_2f, 20, 4, 10, 1, 8, 24},
    {FONT_THEME_1_FONT_REGULAR_22_1BPP_char_30, 16, 0, 13, 1, 11, 16},
    {FONT_THEME_1_FONT_REGULAR_22_1BPP_char_31, 16, 0, 7, 1, 4, 16},
    {FONT_THEME_1_FONT_REGULAR_22_1BPP_char_32, 16, 0, 12, 1, 10, 16},
    {FONT_THEME_1_FONT_REGULAR_22_1BPP_char_33, 16, 0, 12, 0, 10, 16},
    {FONT_THEME_1_FONT_REGULAR_22_1BPP_char_34, 15, 0, 14, 1, 12, 15},
    {FONT_THEME_1_FONT_REGULAR_22_1BPP_char_35, 16, 0, 14, 1, 11, 16},
    {FONT_THEME_1_FONT_REGULAR_22_1BPP_char_36, 16, 0, 14, 2, 11, 16},
    {FONT_THEME_1_FONT_REGULAR_22_1BPP_char_37, 16, 0, 12, 1, 10, 16},
    {FONT_THEME_1_FONT_REGULAR_22_1BPP_char_38, 16, 0, 13, 1, 11, 16},
    {FONT_THEME_1_FONT_REGULAR_22_1BPP_char_39, 16, 0, 14, 2, 11, 16},
    {FONT_THEME_1_FONT_REGULAR_22_1BPP_char_3a, 12, 0, 5, 1, 3, 12},
    {FONT_THEME_1_FONT_REGULAR_22_1BPP_char_3b, 12, 3, 5, 0, 4, 15},
    {FONT_THEME_1_FONT_REGULAR_22_1BPP_char_3c, 13, -3, 12, 1, 8, 10},
    {FONT_THEME_1_FONT_REGULAR_22_1BPP_char_3d, 11, -5, 15, 2, 11, 6},
    {FONT_THEME_1_FONT_REGULAR_22_1BPP_char_3e, 13, -3, 12, 2, 8, 10},
    {FONT_THEME_1_FONT_REGULAR_22_1BPP_char_3f, 15, 0, 12, 1, 10, 15},
    {FONT_THEME_1_FONT_REGULAR_22_1BPP_char_40, 14, 4, 23, 2, 19, 18},
    {FONT_THEME_1_FONT_REGULAR_22_1BPP_char_41, 15, 0, 15, 0, 13, 15},
    {FONT_THEME_1_FONT_REGULAR_22_1BPP_char_42, 15, 0, 14, 2, 11, 15},
    {FONT_THEME_1_FONT_REGULAR_22_1BPP_char_43, 15, 0, 17, 1, 15, 15},
    {FONT_THEME_1_FONT_REGULAR_22_1BPP_char_44, 15, 0, 16, 2, 13, 15},
    {FONT_THEME_1_FONT_REGULAR_22_1BPP_char_45, 15, 0, 12, 2, 9, 15},
    {FONT_THEME_1_FONT_REGULAR_22_1BPP_char_46, 15, 0, 11, 2, 9, 15},
    {FONT_THEME_1_FONT_REGULAR_22_1BPP_char_47, 15, 0, 17, 1, 15, 15},
    {FONT_THEME_1_FONT_REGULAR_22_1BPP_char_48, 15, 0, 16, 2, 12, 15},
    {FONT_THEME_1_FONT_REGULAR_22_1BPP_char_49, 15, 0, 6, 2, 2, 15},
    {FONT_THEME_1_FONT_REGULAR_22_1BPP_char_4a, 15, 0, 12, 1, 9, 15},
    {FONT_THEME_1_FONT_REGULAR_22_1BPP_char_4b, 15, 0, 14, 2, 11, 15},
    {FONT_THEME_1_FONT_REGULAR_22_1BPP_char_4c, 15, 0, 10, 2, 8, 15},
    {FONT_THEME_1_FONT_REGULAR_22_1BPP_char_4d, 15, 0, 20, 2, 16, 15},
    {FONT_THEME_1_FONT_REGULAR_22_1BPP_char_4e, 15, 0, 16, 2, 12, 15},
    {FONT_THEME_1_FONT_REGULAR_22_1BPP_char_4f, 15, 0, 17, 1, 15, 15},
    {FONT_THEME_1_FONT_REGULAR_22_1BPP_char_50, 15, 0, 13, 2, 10, 15},
    {FONT_THEME_1_FONT_REGULAR_22_1BPP_char_51, 15, 3, 17, 1, 15, 18},
    {FONT_THEME_1_FONT_REGULAR_22_1BPP_char_52, 15, 0, 13, 2, 10, 15},
    {FONT_THEME_1_FONT_REGULAR_22_1BPP_char_53, 15, 0, 12, 1, 10, 15},
    {FONT_THEME_1_FONT_REGULAR_22_1BPP_char_54, 15, 0, 12, 1, 10, 15},
    {FONT_THEME_1_FONT_REGULAR_22_1BPP_char_55, 15, 0, 16, 2, 12, 15},
    {FONT_THEME_1_FONT_REGULAR_22_1BPP_char_56, 15, 0, 15, 0, 14, 15},
    {FONT_THEME_1_FONT_REGULAR_22_1BPP_char_57, 15, 0, 21, 0, 21, 15},
    {FONT_THEME_1_FONT_REGULAR_22_1BPP_char_58, 15, 0, 14, 0, 12, 15},
    {FONT_THEME_1_FONT_REGULAR_22_1BPP_char_59, 15, 0, 12, -1, 12, 15},
    {FONT_THEME_1_FONT_REGULAR_22_1BPP_char_5a, 15, 0, 12, 1, 10, 15},
    {FONT_THEME_1_FONT_REGULAR_22_1BPP_char_5b, 20, 4, 9, 3, 4, 24},
    {FONT_THEME_1_FONT_REGULAR_22_1BPP_char_5c, 20, 4, 14, 2, 9, 24},
    {FONT_THEME_1_FONT_REGULAR_22_1BPP_char_5d, 20, 4, 9, 2, 4, 24},
    {FONT_THEME_1_FONT_REGULAR_22_1BPP_char_5e, 16, -4, 14, 0, 12, 12},
    {FONT_THEME_1_FONT_REGULAR_22_1BPP_char_5f, -1, 3, 16, 2, 12, 2},
    {FONT_THEME_1_FONT_REGULAR_22_1BPP_char_60, 17, -12, 6, 1, 5, 4},
    {FONT_THEME_1_FONT_REGULAR_22_1BPP_char_61, 12, 0, 15, 1, 12, 12},
    {FONT_THEME_1_FONT_REGULAR_22_1BPP_char_62, 16, 0, 15, 2, 12, 16},
    {FONT_THEME_1_FONT_REGULAR_22_1BPP_char_63, 12, 0, 13, 1, 11, 12},
    {FONT_THEME_1_FONT_REGULAR_22_1BPP_char_64, 16, 0, 15, 1, 12, 16},
    {FONT_THEME_1_FONT_REGULAR_22_1BPP_char_65, 12, 0, 14, 1, 12, 12},
    {FONT_THEME_1_FONT_REGULAR_22_1BPP_char_66, 16, 0, 8, 1, 6, 16},
    {FONT_THEME_1_FONT_REGULAR_22_1BPP_char_67, 12, 6, 15, 1, 12, 18},
    {FONT_THEME_1_FONT_REGULAR_22_1BPP_char_68, 16, 0, 15, 2, 11, 16},
    {FONT_THEME_1_FONT_REGULAR_22_1BPP_char_69, 16, 0, 5, 1, 3, 16},
    {FONT_THEME_1_FONT_REGULAR_22_1BPP_char_6a, 16, 6, 6, 0, 5, 22},
    {FONT_THEME_1_FONT_REGULAR_22_1BPP_char_6b, 16, 0, 12, 2, 10, 16},
    {FONT_THEME_1_FONT_REGULAR_22_1BPP_char_6c, 16, 0, 6, 2, 2, 16},
    {FONT_THEME_1_FONT_REGULAR_22_1BPP_char_6d, 12, 0, 24, 2, 20, 12},
    {FONT_THEME_1_FONT_REGULAR_22_1BPP_char_6e, 12, 0, 15, 2, 11, 12},
    {FONT_THEME_1_FONT_REGULAR_22_1BPP_char_6f, 12, 0, 14, 1, 12, 12},
    {FONT_THEME_1_FONT_REGULAR_22_1BPP_char_70, 12, 6, 15, 2, 12, 18},
    {FONT_THEME_1_FONT_REGULAR_22_1BPP_char_71, 12, 6, 15, 1, 12, 18},
    {FONT_THEME_1_FONT_REGULAR_22_1BPP_char_72, 12, 0, 9, 2, 6, 12},
    {FONT_THEME_1_FONT_REGULAR_22_1BPP_char_73, 12, 0, 11, 1, 9, 12},
    {FONT_THEME_1_FONT_REGULAR_22_1BPP_char_74, 15, 0, 9, 1, 7, 15},
    {FONT_THEME_1_FONT_REGULAR_22_1BPP_char_75, 12, 0, 15, 2, 11, 12},
    {FONT_THEME_1_FONT_REGULAR_22_1BPP_char_76, 12, 0, 12, 0, 12, 12},
    {FONT_THEME_1_FONT_REGULAR_22_1BPP_char_77, 12, 0, 18, 0, 18, 12},
    {FONT_THEME_1_FONT_REGULAR_22_1BPP_char_78, 12, 0, 11, 0, 10, 12},
    {FONT_THEME_1_FONT_REGULAR_22_1BPP_char_79, 12, 6, 12, 0, 12, 18},
    {FONT_THEME_1_FONT_REGULAR_22_1BPP_char_7a, 12, 0, 10, 1, 8, 12},
    {FONT_THEME_1_FONT_REGULAR_22_1BPP_char_7b, 20, 4, 10, 2, 7, 24},
    {FONT_THEME_1_FONT_REGULAR_22_1BPP_char_7c, 18, 2, 6, 2, 2, 20},
    {FONT_THEME_1_FONT_REGULAR_22_1BPP_char_7d, 20, 4, 9, 1, 6, 24},
    {FONT_THEME_1_FONT_REGULAR_22_1BPP_char_7e, 8, -5, 11, 0, 10, 3}
};

static GX_CONST GX_FONT THEME_1_FONT_REGULAR_22_1BPP = 
{
    GX_FONT_FORMAT_1BPP,                     /* format                         */
    0,                                       /* line pre-space                 */
    0,                                       /* line post-space                */ 
    26,                                      /* font data height               */
    20,                                      /* font baseline offset           */
    0x20,                                    /* first glyph within data page   */
    0x7e,                                    /* last glyph within data page    */
    {THEME_1_FONT_REGULAR_22_1BPP_FONT_PAGE_1_GLYPHS},    /* pointer to glyph data */
    &THEME_1_FONT_REGULAR_22_1BPP_PAGE_2     /* next font page                 */
};


/* Font THEME_1_FONT_MEDIUM_40_4BPP Data Definition                            */

static GX_CONST GX_UBYTE FONT_THEME_1_FONT_MEDIUM_40_4BPP_char_30[341] =
{
    0x00, 0x00, 0x00, 0x00, 0x00, 0x00, 0x00, 0x00, 0x00, 0x00, 0x00, 0x00, 0x00, 
    0x01, 0x6b, 0xef, 0xff, 0xdb, 0x50, 0x00, 0x00, 0x00, 0x00, 0x00, 0x5e, 0xff, 
    0xff, 0xff, 0xff, 0xfe, 0x50, 0x00, 0x00, 0x00, 0x08, 0xff, 0xff, 0xff, 0xff, 
    0xff, 0xff, 0xf7, 0x00, 0x00, 0x00, 0x5f, 0xff, 0xff, 0xff, 0xff, 0xff, 0xff, 
    0xff, 0x40, 0x00, 0x00, 0xef, 0xff, 0xfc, 0x51, 0x01, 0x5d, 0xff, 0xff, 0xe0, 
    0x00, 0x06, 0xff, 0xff, 0xb0, 0x00, 0x00, 0x00, 0xcf, 0xff, 0xf6, 0x00, 0x0c, 
    0xff, 0xff, 0x20, 0x00, 0x00, 0x00, 0x2f, 0xff, 0xfc, 0x00, 0x1f, 0xff, 0xf9, 
    0x00, 0x00, 0x00, 0x00, 0x09, 0xff, 0xff, 0x10, 0x5f, 0xff, 0xf4, 0x00, 0x00, 
    0x00, 0x00, 0x04, 0xff, 0xff, 0x50, 0x8f, 0xff, 0xf0, 0x00, 0x00, 0x00, 0x00, 
    0x00, 0xff, 0xff, 0x80, 0xbf, 0xff, 0xd0, 0x00, 0x00, 0x00, 0x00, 0x00, 0xef, 
    0xff, 0xb0, 0xdf, 0xff, 0xc0, 0x00, 0x00, 0x00, 0x00, 0x00, 0xcf, 0xff, 0xd0, 
    0xef, 0xff, 0xb0, 0x00, 0x00, 0x00, 0x00, 0x00, 0xbf, 0xff, 0xe0, 0xff, 0xff, 
    0xa0, 0x00, 0x00, 0x00, 0x00, 0x00, 0xaf, 0xff, 0xe0, 0xff, 0xff, 0xa0, 0x00, 
    0x00, 0x00, 0x00, 0x00, 0xaf, 0xff, 0xf0, 0xff, 0xff, 0xa0, 0x00, 0x00, 0x00, 
    0x00, 0x00, 0xaf, 0xff, 0xf0, 0xef, 0xff, 0xa0, 0x00, 0x00, 0x00, 0x00, 0x00, 
    0xaf, 0xff, 0xe0, 0xef, 0xff, 0xb0, 0x00, 0x00, 0x00, 0x00, 0x00, 0xbf, 0xff, 
    0xe0, 0xdf, 0xff, 0xc0, 0x00, 0x00, 0x00, 0x00, 0x00, 0xcf, 0xff, 0xc0, 0xaf, 
    0xff, 0xd0, 0x00, 0x00, 0x00, 0x00, 0x00, 0xdf, 0xff, 0xa0, 0x8f, 0xff, 0xf0, 
    0x00, 0x00, 0x00, 0x00, 0x00, 0xff, 0xff, 0x80, 0x5f, 0xff, 0xf4, 0x00, 0x00, 
    0x00, 0x00, 0x04, 0xff, 0xff, 0x50, 0x1f, 0xff, 0xf8, 0x00, 0x00, 0x00, 0x00, 
    0x08, 0xff, 0xff, 0x00, 0x0c, 0xff, 0xff, 0x10, 0x00, 0x00, 0x00, 0x1f, 0xff, 
    0xfb, 0x00, 0x05, 0xff, 0xff, 0xb0, 0x00, 0x00, 0x00, 0xbf, 0xff, 0xf5, 0x00, 
    0x00, 0xdf, 0xff, 0xfd, 0x62, 0x12, 0x6d, 0xff, 0xff, 0xd0, 0x00, 0x00, 0x4f, 
    0xff, 0xff, 0xff, 0xff, 0xff, 0xff, 0xff, 0x30, 0x00, 0x00, 0x06, 0xff, 0xff, 
    0xff, 0xff, 0xff, 0xff, 0xf6, 0x00, 0x00, 0x00, 0x00, 0x4e, 0xff, 0xff, 0xff, 
    0xff, 0xfe, 0x40, 0x00, 0x00, 0x00, 0x00, 0x00, 0x5a, 0xde, 0xfe, 0xda, 0x40, 
    0x00, 0x00, 0x00
};
static GX_CONST GX_UBYTE FONT_THEME_1_FONT_MEDIUM_40_4BPP_char_31[150] =
{
    0x8f, 0xff, 0xff, 0xff, 0xa0, 0x8f, 0xff, 0xff, 0xff, 0xa0, 0x8f, 0xff, 0xff, 
    0xff, 0xa0, 0x8f, 0xff, 0xff, 0xff, 0xa0, 0x01, 0x11, 0xff, 0xff, 0xa0, 0x00, 
    0x00, 0xff, 0xff, 0xa0, 0x00, 0x00, 0xff, 0xff, 0xa0, 0x00, 0x00, 0xff, 0xff, 
    0xa0, 0x00, 0x00, 0xff, 0xff, 0xa0, 0x00, 0x00, 0xff, 0xff, 0xa0, 0x00, 0x00, 
    0xff, 0xff, 0xa0, 0x00, 0x00, 0xff, 0xff, 0xa0, 0x00, 0x00, 0xff, 0xff, 0xa0, 
    0x00, 0x00, 0xff, 0xff, 0xa0, 0x00, 0x00, 0xff, 0xff, 0xa0, 0x00, 0x00, 0xff, 
    0xff, 0xa0, 0x00, 0x00, 0xff, 0xff, 0xa0, 0x00, 0x00, 0xff, 0xff, 0xa0, 0x00, 
    0x00, 0xff, 0xff, 0xa0, 0x00, 0x00, 0xff, 0xff, 0xa0, 0x00, 0x00, 0xff, 0xff, 
    0xa0, 0x00, 0x00, 0xff, 0xff, 0xa0, 0x00, 0x00, 0xff, 0xff, 0xa0, 0x00, 0x00, 
    0xff, 0xff, 0xa0, 0x00, 0x00, 0xff, 0xff, 0xa0, 0x00, 0x00, 0xff, 0xff, 0xa0, 
    0x00, 0x00, 0xff, 0xff, 0xa0, 0x00, 0x00, 0xff, 0xff, 0xa0, 0x00, 0x00, 0xff, 
    0xff, 0xa0, 0x00, 0x00, 0xff, 0xff, 0xa0
};
static GX_CONST GX_UBYTE FONT_THEME_1_FONT_MEDIUM_40_4BPP_char_32[310] =
{
    0x00, 0x00, 0x00, 0x00, 0x00, 0x00, 0x00, 0x00, 0x00, 0x00, 0x00, 0x00, 0x05, 
    0xae, 0xff, 0xfd, 0xa5, 0x00, 0x00, 0x00, 0x00, 0x04, 0xef, 0xff, 0xff, 0xff, 
    0xff, 0xd3, 0x00, 0x00, 0x00, 0x6f, 0xff, 0xff, 0xff, 0xff, 0xff, 0xff, 0x40, 
    0x00, 0x04, 0xff, 0xff, 0xff, 0xff, 0xff, 0xff, 0xff, 0xe2, 0x00, 0x0d, 0xff, 
    0xff, 0xe6, 0x10, 0x16, 0xef, 0xff, 0xfa, 0x00, 0x5f, 0xff, 0xfd, 0x10, 0x00, 
    0x00, 0x1e, 0xff, 0xff, 0x10, 0x9f, 0xff, 0xf4, 0x00, 0x00, 0x00, 0x07, 0xff, 
    0xff, 0x50, 0xdf, 0xff, 0xe0, 0x00, 0x00, 0x00, 0x02, 0xff, 0xff, 0x80, 0xef, 
    0xff, 0xb0, 0x00, 0x00, 0x00, 0x00, 0xff, 0xff, 0x90, 0x99, 0x99, 0x60, 0x00, 
    0x00, 0x00, 0x00, 0xff, 0xff, 0x90, 0x00, 0x00, 0x00, 0x00, 0x00, 0x00, 0x02, 
    0xff, 0xff, 0x80, 0x00, 0x00, 0x00, 0x00, 0x00, 0x00, 0x05, 0xff, 0xff, 0x50, 
    0x00, 0x00, 0x00, 0x00, 0x00, 0x00, 0x0b, 0xff, 0xff, 0x00, 0x00, 0x00, 0x00, 
    0x00, 0x00, 0x00, 0x4f, 0xff, 0xfa, 0x00, 0x00, 0x00, 0x00, 0x00, 0x00, 0x00, 
    0xdf, 0xff, 0xf3, 0x00, 0x00, 0x00, 0x00, 0x00, 0x00, 0x0a, 0xff, 0xff, 0x90, 
    0x00, 0x00, 0x00, 0x00, 0x00, 0x00, 0x6f, 0xff, 0xfe, 0x10, 0x00, 0x00, 0x00, 
    0x00, 0x00, 0x05, 0xff, 0xff, 0xf4, 0x00, 0x00, 0x00, 0x00, 0x00, 0x00, 0x4f, 
    0xff, 0xff, 0x70, 0x00, 0x00, 0x00, 0x00, 0x00, 0x04, 0xff, 0xff, 0xf9, 0x00, 
    0x00, 0x00, 0x00, 0x00, 0x00, 0x5f, 0xff, 0xff, 0xa0, 0x00, 0x00, 0x00, 0x00, 
    0x00, 0x06, 0xff, 0xff, 0xfa, 0x00, 0x00, 0x00, 0x00, 0x00, 0x00, 0x8f, 0xff, 
    0xff, 0x90, 0x00, 0x00, 0x00, 0x00, 0x00, 0x0a, 0xff, 0xff, 0xf8, 0x00, 0x00, 
    0x00, 0x00, 0x00, 0x00, 0xbf, 0xff, 0xff, 0x70, 0x00, 0x00, 0x00, 0x00, 0x00, 
    0x1d, 0xff, 0xff, 0xf7, 0x11, 0x11, 0x11, 0x11, 0x11, 0x10, 0xef, 0xff, 0xff, 
    0xff, 0xff, 0xff, 0xff, 0xff, 0xff, 0xf0, 0xff, 0xff, 0xff, 0xff, 0xff, 0xff, 
    0xff, 0xff, 0xff, 0xf0, 0xff, 0xff, 0xff, 0xff, 0xff, 0xff, 0xff, 0xff, 0xff, 
    0xf0, 0xff, 0xff, 0xff, 0xff, 0xff, 0xff, 0xff, 0xff, 0xff, 0xf0
};
static GX_CONST GX_UBYTE FONT_THEME_1_FONT_MEDIUM_40_4BPP_char_33[310] =
{
    0x00, 0x00, 0x00, 0x6a, 0xde, 0xff, 0xda, 0x50, 0x00, 0x00, 0x00, 0x00, 0x6e, 
    0xff, 0xff, 0xff, 0xff, 0xfd, 0x40, 0x00, 0x00, 0x0b, 0xff, 0xff, 0xff, 0xff, 
    0xff, 0xff, 0xf7, 0x00, 0x00, 0xaf, 0xff, 0xff, 0xff, 0xff, 0xff, 0xff, 0xff, 
    0x40, 0x03, 0xff, 0xff, 0xfb, 0x41, 0x13, 0x7e, 0xff, 0xff, 0xd0, 0x0a, 0xff, 
    0xff, 0x80, 0x00, 0x00, 0x02, 0xef, 0xff, 0xf4, 0x0e, 0xff, 0xfd, 0x00, 0x00, 
    0x00, 0x00, 0x6f, 0xff, 0xf8, 0x0f, 0xff, 0xf7, 0x00, 0x00, 0x00, 0x00, 0x1f, 
    0xff, 0xf9, 0x02, 0x22, 0x20, 0x00, 0x00, 0x00, 0x00, 0x0f, 0xff, 0xf9, 0x00, 
    0x00, 0x00, 0x00, 0x00, 0x00, 0x00, 0x2f, 0xff, 0xf7, 0x00, 0x00, 0x00, 0x00, 
    0x00, 0x00, 0x00, 0x7f, 0xff, 0xf3, 0x00, 0x00, 0x00, 0x00, 0x00, 0x00, 0x05, 
    0xff, 0xff, 0xb0, 0x00, 0x00, 0x00, 0x00, 0x11, 0x36, 0xcf, 0xff, 0xfe, 0x20, 
    0x00, 0x00, 0x00, 0x0b, 0xff, 0xff, 0xff, 0xff, 0xe3, 0x00, 0x00, 0x00, 0x00, 
    0x0b, 0xff, 0xff, 0xff, 0xf8, 0x10, 0x00, 0x00, 0x00, 0x00, 0x0b, 0xff, 0xff, 
    0xff, 0xfc, 0x50, 0x00, 0x00, 0x00, 0x00, 0x0b, 0xff, 0xff, 0xff, 0xff, 0xf9, 
    0x00, 0x00, 0x00, 0x00, 0x00, 0x00, 0x25, 0xaf, 0xff, 0xff, 0x80, 0x00, 0x00, 
    0x00, 0x00, 0x00, 0x00, 0x02, 0xef, 0xff, 0xf2, 0x00, 0x00, 0x00, 0x00, 0x00, 
    0x00, 0x00, 0x4f, 0xff, 0xf8, 0x00, 0x00, 0x00, 0x00, 0x00, 0x00, 0x00, 0x0d, 
    0xff, 0xfc, 0x00, 0x00, 0x00, 0x00, 0x00, 0x00, 0x00, 0x0b, 0xff, 0xfe, 0x6d, 
    0xdd, 0xc0, 0x00, 0x00, 0x00, 0x00, 0x0a, 0xff, 0xff, 0x6f, 0xff, 0xf1, 0x00, 
    0x00, 0x00, 0x00, 0x0d, 0xff, 0xff, 0x3f, 0xff, 0xf9, 0x00, 0x00, 0x00, 0x00, 
    0x2f, 0xff, 0xfc, 0x0e, 0xff, 0xff, 0x60, 0x00, 0x00, 0x01, 0xdf, 0xff, 0xf8, 
    0x07, 0xff, 0xff, 0xfb, 0x41, 0x12, 0x6e, 0xff, 0xff, 0xf2, 0x00, 0xcf, 0xff, 
    0xff, 0xff, 0xff, 0xff, 0xff, 0xff, 0x80, 0x00, 0x1c, 0xff, 0xff, 0xff, 0xff, 
    0xff, 0xff, 0xf9, 0x00, 0x00, 0x00, 0x8f, 0xff, 0xff, 0xff, 0xff, 0xfe, 0x60, 
    0x00, 0x00, 0x00, 0x00, 0x6a, 0xde, 0xff, 0xda, 0x60, 0x00, 0x00
};
static GX_CONST GX_UBYTE FONT_THEME_1_FONT_MEDIUM_40_4BPP_char_34[360] =
{
    0x00, 0x00, 0x00, 0x00, 0x00, 0x00, 0x06, 0x88, 0x88, 0x80, 0x00, 0x00, 0x00, 
    0x00, 0x00, 0x00, 0x00, 0x00, 0x5f, 0xff, 0xff, 0xf0, 0x00, 0x00, 0x00, 0x00, 
    0x00, 0x00, 0x00, 0x01, 0xef, 0xff, 0xff, 0xf0, 0x00, 0x00, 0x00, 0x00, 0x00, 
    0x00, 0x00, 0x0a, 0xff, 0xff, 0xff, 0xf0, 0x00, 0x00, 0x00, 0x00, 0x00, 0x00, 
    0x00, 0x5f, 0xff, 0xff, 0xff, 0xf0, 0x00, 0x00, 0x00, 0x00, 0x00, 0x00, 0x01, 
    0xef, 0xff, 0xdf, 0xff, 0xf0, 0x00, 0x00, 0x00, 0x00, 0x00, 0x00, 0x0a, 0xff, 
    0xf9, 0xaf, 0xff, 0xf0, 0x00, 0x00, 0x00, 0x00, 0x00, 0x00, 0x5f, 0xff, 0xe1, 
    0xaf, 0xff, 0xf0, 0x00, 0x00, 0x00, 0x00, 0x00, 0x01, 0xef, 0xff, 0x50, 0xaf, 
    0xff, 0xf0, 0x00, 0x00, 0x00, 0x00, 0x00, 0x0a, 0xff, 0xfb, 0x00, 0xaf, 0xff, 
    0xf0, 0x00, 0x00, 0x00, 0x00, 0x00, 0x5f, 0xff, 0xf2, 0x00, 0xaf, 0xff, 0xf0, 
    0x00, 0x00, 0x00, 0x00, 0x01, 0xef, 0xff, 0x70, 0x00, 0xaf, 0xff, 0xf0, 0x00, 
    0x00, 0x00, 0x00, 0x0a, 0xff, 0xfd, 0x00, 0x00, 0xaf, 0xff, 0xf0, 0x00, 0x00, 
    0x00, 0x00, 0x5f, 0xff, 0xf3, 0x00, 0x00, 0xaf, 0xff, 0xf0, 0x00, 0x00, 0x00, 
    0x01, 0xef, 0xff, 0x90, 0x00, 0x00, 0xaf, 0xff, 0xf0, 0x00, 0x00, 0x00, 0x0a, 
    0xff, 0xfe, 0x10, 0x00, 0x00, 0xaf, 0xff, 0xf0, 0x00, 0x00, 0x00, 0x5f, 0xff, 
    0xf5, 0x00, 0x00, 0x00, 0xaf, 0xff, 0xf0, 0x00, 0x00, 0x01, 0xef, 0xff, 0xb0, 
    0x00, 0x00, 0x00, 0xaf, 0xff, 0xf0, 0x00, 0x00, 0x0a, 0xff, 0xff, 0x20, 0x00, 
    0x00, 0x00, 0xaf, 0xff, 0xf0, 0x00, 0x00, 0x5f, 0xff, 0xf8, 0x11, 0x11, 0x11, 
    0x11, 0xaf, 0xff, 0xf1, 0x11, 0x10, 0xef, 0xff, 0xff, 0xff, 0xff, 0xff, 0xff, 
    0xff, 0xff, 0xff, 0xff, 0xf0, 0xff, 0xff, 0xff, 0xff, 0xff, 0xff, 0xff, 0xff, 
    0xff, 0xff, 0xff, 0xf0, 0xff, 0xff, 0xff, 0xff, 0xff, 0xff, 0xff, 0xff, 0xff, 
    0xff, 0xff, 0xf0, 0xff, 0xff, 0xff, 0xff, 0xff, 0xff, 0xff, 0xff, 0xff, 0xff, 
    0xff, 0xf0, 0x00, 0x00, 0x00, 0x00, 0x00, 0x00, 0x00, 0xaf, 0xff, 0xf0, 0x00, 
    0x00, 0x00, 0x00, 0x00, 0x00, 0x00, 0x00, 0x00, 0xaf, 0xff, 0xf0, 0x00, 0x00, 
    0x00, 0x00, 0x00, 0x00, 0x00, 0x00, 0x00, 0xaf, 0xff, 0xf0, 0x00, 0x00, 0x00, 
    0x00, 0x00, 0x00, 0x00, 0x00, 0x00, 0xaf, 0xff, 0xf0, 0x00, 0x00, 0x00, 0x00, 
    0x00, 0x00, 0x00, 0x00, 0x00, 0xaf, 0xff, 0xf0, 0x00, 0x00, 0x00, 0x00, 0x00, 
    0x00, 0x00, 0x00, 0x00, 0xaf, 0xff, 0xf0, 0x00, 0x00
};
static GX_CONST GX_UBYTE FONT_THEME_1_FONT_MEDIUM_40_4BPP_char_35[330] =
{
    0x0f, 0xff, 0xff, 0xff, 0xff, 0xff, 0xff, 0xff, 0xff, 0x80, 0x00, 0x0f, 0xff, 
    0xff, 0xff, 0xff, 0xff, 0xff, 0xff, 0xff, 0x80, 0x00, 0x0f, 0xff, 0xff, 0xff, 
    0xff, 0xff, 0xff, 0xff, 0xff, 0x80, 0x00, 0x0f, 0xff, 0xff, 0xff, 0xff, 0xff, 
    0xff, 0xff, 0xff, 0x80, 0x00, 0x0f, 0xff, 0xfa, 0x11, 0x11, 0x11, 0x11, 0x11, 
    0x11, 0x00, 0x00, 0x0f, 0xff, 0xfa, 0x00, 0x00, 0x00, 0x00, 0x00, 0x00, 0x00, 
    0x00, 0x0f, 0xff, 0xfa, 0x00, 0x00, 0x00, 0x00, 0x00, 0x00, 0x00, 0x00, 0x0f, 
    0xff, 0xfa, 0x00, 0x00, 0x00, 0x00, 0x00, 0x00, 0x00, 0x00, 0x0f, 0xff, 0xfa, 
    0x00, 0x00, 0x00, 0x00, 0x00, 0x00, 0x00, 0x00, 0x0f, 0xff, 0xfa, 0x00, 0x00, 
    0x00, 0x00, 0x00, 0x00, 0x00, 0x00, 0x0f, 0xff, 0xfa, 0x00, 0x6c, 0xff, 0xfe, 
    0xa5, 0x00, 0x00, 0x00, 0x0f, 0xff, 0xfa, 0x3d, 0xff, 0xff, 0xff, 0xff, 0xc2, 
    0x00, 0x00, 0x0f, 0xff, 0xfd, 0xff, 0xff, 0xff, 0xff, 0xff, 0xfe, 0x20, 0x00, 
    0x0f, 0xff, 0xff, 0xff, 0xff, 0xff, 0xff, 0xff, 0xff, 0xd0, 0x00, 0x0f, 0xff, 
    0xff, 0xfe, 0x72, 0x01, 0x4a, 0xff, 0xff, 0xf7, 0x00, 0x0f, 0xff, 0xff, 0xe2, 
    0x00, 0x00, 0x00, 0x6f, 0xff, 0xfe, 0x00, 0x0f, 0xff, 0xff, 0x40, 0x00, 0x00, 
    0x00, 0x0b, 0xff, 0xff, 0x20, 0x08, 0x88, 0x87, 0x00, 0x00, 0x00, 0x00, 0x05, 
    0xff, 0xff, 0x60, 0x00, 0x00, 0x00, 0x00, 0x00, 0x00, 0x00, 0x01, 0xff, 0xff, 
    0x80, 0x00, 0x00, 0x00, 0x00, 0x00, 0x00, 0x00, 0x00, 0xff, 0xff, 0x90, 0x00, 
    0x00, 0x00, 0x00, 0x00, 0x00, 0x00, 0x00, 0xff, 0xff, 0x90, 0x00, 0x00, 0x00, 
    0x00, 0x00, 0x00, 0x00, 0x02, 0xff, 0xff, 0x80, 0x8f, 0xff, 0xf5, 0x00, 0x00, 
    0x00, 0x00, 0x06, 0xff, 0xff, 0x50, 0x4f, 0xff, 0xfd, 0x00, 0x00, 0x00, 0x00, 
    0x0d, 0xff, 0xff, 0x10, 0x0e, 0xff, 0xff, 0xa0, 0x00, 0x00, 0x00, 0x9f, 0xff, 
    0xfb, 0x00, 0x06, 0xff, 0xff, 0xfd, 0x62, 0x12, 0x5c, 0xff, 0xff, 0xf3, 0x00, 
    0x00, 0xbf, 0xff, 0xff, 0xff, 0xff, 0xff, 0xff, 0xff, 0x80, 0x00, 0x00, 0x0b, 
    0xff, 0xff, 0xff, 0xff, 0xff, 0xff, 0xfa, 0x00, 0x00, 0x00, 0x00, 0x7f, 0xff, 
    0xff, 0xff, 0xff, 0xfe, 0x60, 0x00, 0x00, 0x00, 0x00, 0x00, 0x6a, 0xde, 0xff, 
    0xda, 0x60, 0x00, 0x00, 0x00
};
static GX_CONST GX_UBYTE FONT_THEME_1_FONT_MEDIUM_40_4BPP_char_36[341] =
{
    0x00, 0x00, 0x00, 0x39, 0xce, 0xfe, 0xd9, 0x40, 0x00, 0x00, 0x00, 0x00, 0x00, 
    0x2c, 0xff, 0xff, 0xff, 0xff, 0xfc, 0x10, 0x00, 0x00, 0x00, 0x03, 0xff, 0xff, 
    0xff, 0xff, 0xff, 0xff, 0xe2, 0x00, 0x00, 0x00, 0x2e, 0xff, 0xff, 0xff, 0xff, 
    0xff, 0xff, 0xfe, 0x10, 0x00, 0x00, 0xcf, 0xff, 0xfc, 0x52, 0x13, 0x7e, 0xff, 
    0xff, 0x90, 0x00, 0x04, 0xff, 0xff, 0x80, 0x00, 0x00, 0x01, 0xef, 0xff, 0xf1, 
    0x00, 0x0b, 0xff, 0xfa, 0x00, 0x00, 0x00, 0x00, 0x4f, 0xff, 0xf6, 0x00, 0x0f, 
    0xff, 0xf2, 0x00, 0x00, 0x00, 0x00, 0x0c, 0xdd, 0xd7, 0x00, 0x5f, 0xff, 0xc0, 
    0x00, 0x00, 0x00, 0x00, 0x00, 0x00, 0x00, 0x00, 0x7f, 0xff, 0x80, 0x00, 0x00, 
    0x00, 0x00, 0x00, 0x00, 0x00, 0x00, 0xaf, 0xff, 0x50, 0x00, 0x00, 0x00, 0x00, 
    0x00, 0x00, 0x00, 0x00, 0xcf, 0xff, 0x20, 0x02, 0x8c, 0xef, 0xfc, 0x82, 0x00, 
    0x00, 0x00, 0xef, 0xff, 0x10, 0x9f, 0xff, 0xff, 0xff, 0xff, 0xa1, 0x00, 0x00, 
    0xef, 0xff, 0x1d, 0xff, 0xff, 0xff, 0xff, 0xff, 0xfd, 0x10, 0x00, 0xff, 0xff, 
    0xbf, 0xff, 0xff, 0xff, 0xff, 0xff, 0xff, 0xc0, 0x00, 0xff, 0xff, 0xff, 0xfb, 
    0x52, 0x12, 0x6d, 0xff, 0xff, 0xf6, 0x00, 0xff, 0xff, 0xff, 0x50, 0x00, 0x00, 
    0x00, 0xaf, 0xff, 0xfd, 0x00, 0xff, 0xff, 0xf6, 0x00, 0x00, 0x00, 0x00, 0x0d, 
    0xff, 0xff, 0x30, 0xef, 0xff, 0xe0, 0x00, 0x00, 0x00, 0x00, 0x06, 0xff, 0xff, 
    0x60, 0xcf, 0xff, 0x90, 0x00, 0x00, 0x00, 0x00, 0x02, 0xff, 0xff, 0x80, 0xaf, 
    0xff, 0x80, 0x00, 0x00, 0x00, 0x00, 0x00, 0xff, 0xff, 0x90, 0x8f, 0xff, 0x80, 
    0x00, 0x00, 0x00, 0x00, 0x00, 0xff, 0xff, 0x90, 0x5f, 0xff, 0xa0, 0x00, 0x00, 
    0x00, 0x00, 0x02, 0xff, 0xff, 0x80, 0x1f, 0xff, 0xe0, 0x00, 0x00, 0x00, 0x00, 
    0x06, 0xff, 0xff, 0x60, 0x0c, 0xff, 0xf7, 0x00, 0x00, 0x00, 0x00, 0x0d, 0xff, 
    0xff, 0x20, 0x06, 0xff, 0xff, 0x50, 0x00, 0x00, 0x00, 0xaf, 0xff, 0xfc, 0x00, 
    0x00, 0xdf, 0xff, 0xfb, 0x52, 0x12, 0x6d, 0xff, 0xff, 0xf4, 0x00, 0x00, 0x3f, 
    0xff, 0xff, 0xff, 0xff, 0xff, 0xff, 0xff, 0xa0, 0x00, 0x00, 0x05, 0xff, 0xff, 
    0xff, 0xff, 0xff, 0xff, 0xfb, 0x00, 0x00, 0x00, 0x00, 0x3d, 0xff, 0xff, 0xff, 
    0xff, 0xff, 0x70, 0x00, 0x00, 0x00, 0x00, 0x00, 0x49, 0xce, 0xff, 0xeb, 0x71, 
    0x00, 0x00, 0x00
};
static GX_CONST GX_UBYTE FONT_THEME_1_FONT_MEDIUM_40_4BPP_char_37[300] =
{
    0xff, 0xff, 0xff, 0xff, 0xff, 0xff, 0xff, 0xff, 0xff, 0xf0, 0xff, 0xff, 0xff, 
    0xff, 0xff, 0xff, 0xff, 0xff, 0xff, 0xf0, 0xff, 0xff, 0xff, 0xff, 0xff, 0xff, 
    0xff, 0xff, 0xff, 0xf0, 0xff, 0xff, 0xff, 0xff, 0xff, 0xff, 0xff, 0xff, 0xff, 
    0xf0, 0x11, 0x11, 0x11, 0x11, 0x11, 0x11, 0x11, 0xaf, 0xff, 0x90, 0x00, 0x00, 
    0x00, 0x00, 0x00, 0x00, 0x01, 0xff, 0xff, 0x30, 0x00, 0x00, 0x00, 0x00, 0x00, 
    0x00, 0x07, 0xff, 0xfc, 0x00, 0x00, 0x00, 0x00, 0x00, 0x00, 0x00, 0x0e, 0xff, 
    0xf5, 0x00, 0x00, 0x00, 0x00, 0x00, 0x00, 0x00, 0x5f, 0xff, 0xe0, 0x00, 0x00, 
    0x00, 0x00, 0x00, 0x00, 0x00, 0xbf, 0xff, 0x80, 0x00, 0x00, 0x00, 0x00, 0x00, 
    0x00, 0x02, 0xff, 0xff, 0x20, 0x00, 0x00, 0x00, 0x00, 0x00, 0x00, 0x09, 0xff, 
    0xfb, 0x00, 0x00, 0x00, 0x00, 0x00, 0x00, 0x00, 0x1f, 0xff, 0xf4, 0x00, 0x00, 
    0x00, 0x00, 0x00, 0x00, 0x00, 0x7f, 0xff, 0xd0, 0x00, 0x00, 0x00, 0x00, 0x00, 
    0x00, 0x00, 0xdf, 0xff, 0x70, 0x00, 0x00, 0x00, 0x00, 0x00, 0x00, 0x04, 0xff, 
    0xff, 0x10, 0x00, 0x00, 0x00, 0x00, 0x00, 0x00, 0x0b, 0xff, 0xfa, 0x00, 0x00, 
    0x00, 0x00, 0x00, 0x00, 0x00, 0x2f, 0xff, 0xf3, 0x00, 0x00, 0x00, 0x00, 0x00, 
    0x00, 0x00, 0x9f, 0xff, 0xc0, 0x00, 0x00, 0x00, 0x00, 0x00, 0x00, 0x00, 0xff, 
    0xff, 0x60, 0x00, 0x00, 0x00, 0x00, 0x00, 0x00, 0x06, 0xff, 0xff, 0x00, 0x00, 
    0x00, 0x00, 0x00, 0x00, 0x00, 0x0d, 0xff, 0xf9, 0x00, 0x00, 0x00, 0x00, 0x00, 
    0x00, 0x00, 0x4f, 0xff, 0xf2, 0x00, 0x00, 0x00, 0x00, 0x00, 0x00, 0x00, 0xbf, 
    0xff, 0xb0, 0x00, 0x00, 0x00, 0x00, 0x00, 0x00, 0x02, 0xff, 0xff, 0x50, 0x00, 
    0x00, 0x00, 0x00, 0x00, 0x00, 0x09, 0xff, 0xfe, 0x00, 0x00, 0x00, 0x00, 0x00, 
    0x00, 0x00, 0x0f, 0xff, 0xf7, 0x00, 0x00, 0x00, 0x00, 0x00, 0x00, 0x00, 0x6f, 
    0xff, 0xf1, 0x00, 0x00, 0x00, 0x00, 0x00, 0x00, 0x00, 0xdf, 0xff, 0xa0, 0x00, 
    0x00, 0x00, 0x00, 0x00, 0x00, 0x04, 0xff, 0xff, 0x40, 0x00, 0x00, 0x00, 0x00, 
    0x00
};
static GX_CONST GX_UBYTE FONT_THEME_1_FONT_MEDIUM_40_4BPP_char_38[352] =
{
    0x00, 0x00, 0x00, 0x00, 0x00, 0x00, 0x00, 0x00, 0x00, 0x00, 0x00, 0x00, 0x00, 
    0x04, 0x9d, 0xff, 0xff, 0xea, 0x60, 0x00, 0x00, 0x00, 0x00, 0x03, 0xdf, 0xff, 
    0xff, 0xff, 0xff, 0xff, 0x70, 0x00, 0x00, 0x00, 0x6f, 0xff, 0xff, 0xff, 0xff, 
    0xff, 0xff, 0xfa, 0x00, 0x00, 0x03, 0xff, 0xff, 0xff, 0xff, 0xff, 0xff, 0xff, 
    0xff, 0x90, 0x00, 0x0d, 0xff, 0xff, 0xf8, 0x30, 0x01, 0x6d, 0xff, 0xff, 0xf2, 
    0x00, 0x3f, 0xff, 0xfe, 0x20, 0x00, 0x00, 0x00, 0xbf, 0xff, 0xf9, 0x00, 0x7f, 
    0xff, 0xf6, 0x00, 0x00, 0x00, 0x00, 0x1f, 0xff, 0xfd, 0x00, 0x9f, 0xff, 0xf1, 
    0x00, 0x00, 0x00, 0x00, 0x0c, 0xff, 0xff, 0x00, 0x9f, 0xff, 0xf0, 0x00, 0x00, 
    0x00, 0x00, 0x0a, 0xff, 0xff, 0x00, 0x7f, 0xff, 0xf1, 0x00, 0x00, 0x00, 0x00, 
    0x0c, 0xff, 0xfd, 0x00, 0x3f, 0xff, 0xf7, 0x00, 0x00, 0x00, 0x00, 0x2f, 0xff, 
    0xf8, 0x00, 0x0b, 0xff, 0xff, 0x40, 0x00, 0x00, 0x01, 0xdf, 0xff, 0xf1, 0x00, 
    0x01, 0xef, 0xff, 0xfa, 0x41, 0x13, 0x7e, 0xff, 0xff, 0x40, 0x00, 0x00, 0x2d, 
    0xff, 0xff, 0xff, 0xff, 0xff, 0xff, 0xf5, 0x00, 0x00, 0x00, 0x00, 0x9f, 0xff, 
    0xff, 0xff, 0xff, 0xfe, 0x20, 0x00, 0x00, 0x00, 0x0a, 0xff, 0xff, 0xff, 0xff, 
    0xff, 0xff, 0xe5, 0x00, 0x00, 0x01, 0xdf, 0xff, 0xff, 0xff, 0xff, 0xff, 0xff, 
    0xff, 0x70, 0x00, 0x0b, 0xff, 0xff, 0xf8, 0x30, 0x01, 0x4b, 0xff, 0xff, 0xf4, 
    0x00, 0x4f, 0xff, 0xfe, 0x20, 0x00, 0x00, 0x00, 0x6f, 0xff, 0xfd, 0x00, 0xaf, 
    0xff, 0xf3, 0x00, 0x00, 0x00, 0x00, 0x09, 0xff, 0xff, 0x40, 0xdf, 0xff, 0xd0, 
    0x00, 0x00, 0x00, 0x00, 0x03, 0xff, 0xff, 0x70, 0xff, 0xff, 0xa0, 0x00, 0x00, 
    0x00, 0x00, 0x00, 0xff, 0xff, 0x90, 0xff, 0xff, 0xb0, 0x00, 0x00, 0x00, 0x00, 
    0x00, 0xff, 0xff, 0x90, 0xef, 0xff, 0xe0, 0x00, 0x00, 0x00, 0x00, 0x04, 0xff, 
    0xff, 0x80, 0xaf, 0xff, 0xf5, 0x00, 0x00, 0x00, 0x00, 0x0b, 0xff, 0xff, 0x40, 
    0x5f, 0xff, 0xff, 0x30, 0x00, 0x00, 0x00, 0x8f, 0xff, 0xfe, 0x00, 0x0c, 0xff, 
    0xff, 0xfa, 0x41, 0x12, 0x6c, 0xff, 0xff, 0xf6, 0x00, 0x01, 0xef, 0xff, 0xff, 
    0xff, 0xff, 0xff, 0xff, 0xff, 0xb0, 0x00, 0x00, 0x3e, 0xff, 0xff, 0xff, 0xff, 
    0xff, 0xff, 0xfb, 0x00, 0x00, 0x00, 0x00, 0x9f, 0xff, 0xff, 0xff, 0xff, 0xfe, 
    0x60, 0x00, 0x00, 0x00, 0x00, 0x01, 0x7b, 0xef, 0xff, 0xda, 0x50, 0x00, 0x00, 
    0x00
};
static GX_CONST GX_UBYTE FONT_THEME_1_FONT_MEDIUM_40_4BPP_char_39[310] =
{
    0x00, 0x00, 0x03, 0x8c, 0xef, 0xed, 0xa5, 0x00, 0x00, 0x00, 0x00, 0x02, 0xbf, 
    0xff, 0xff, 0xff, 0xff, 0xd3, 0x00, 0x00, 0x00, 0x3e, 0xff, 0xff, 0xff, 0xff, 
    0xff, 0xff, 0x50, 0x00, 0x01, 0xef, 0xff, 0xff, 0xff, 0xff, 0xff, 0xff, 0xf2, 
    0x00, 0x0a, 0xff, 0xff, 0xf9, 0x31, 0x15, 0xcf, 0xff, 0xfb, 0x00, 0x2f, 0xff, 
    0xff, 0x40, 0x00, 0x00, 0x09, 0xff, 0xff, 0x20, 0x7f, 0xff, 0xf8, 0x00, 0x00, 
    0x00, 0x00, 0xdf, 0xff, 0x80, 0xbf, 0xff, 0xf1, 0x00, 0x00, 0x00, 0x00, 0x6f, 
    0xff, 0xc0, 0xef, 0xff, 0xc0, 0x00, 0x00, 0x00, 0x00, 0x2f, 0xff, 0xf0, 0xff, 
    0xff, 0xa0, 0x00, 0x00, 0x00, 0x00, 0x0f, 0xff, 0xf3, 0xff, 0xff, 0xa0, 0x00, 
    0x00, 0x00, 0x00, 0x0f, 0xff, 0xf5, 0xef, 0xff, 0xc0, 0x00, 0x00, 0x00, 0x00, 
    0x1f, 0xff, 0xf7, 0xcf, 0xff, 0xf0, 0x00, 0x00, 0x00, 0x00, 0x5f, 0xff, 0xf8, 
    0x9f, 0xff, 0xf7, 0x00, 0x00, 0x00, 0x00, 0xcf, 0xff, 0xf9, 0x4f, 0xff, 0xff, 
    0x40, 0x00, 0x00, 0x07, 0xff, 0xff, 0xf9, 0x0c, 0xff, 0xff, 0xf9, 0x41, 0x14, 
    0xaf, 0xff, 0xff, 0xfa, 0x03, 0xff, 0xff, 0xff, 0xff, 0xff, 0xff, 0xff, 0xff, 
    0xf9, 0x00, 0x5f, 0xff, 0xff, 0xff, 0xff, 0xff, 0xea, 0xff, 0xf9, 0x00, 0x03, 
    0xdf, 0xff, 0xff, 0xff, 0xfc, 0x28, 0xff, 0xf8, 0x00, 0x00, 0x05, 0xad, 0xff, 
    0xda, 0x50, 0x08, 0xff, 0xf7, 0x00, 0x00, 0x00, 0x00, 0x00, 0x00, 0x00, 0x0a, 
    0xff, 0xf6, 0x00, 0x00, 0x00, 0x00, 0x00, 0x00, 0x00, 0x0c, 0xff, 0xf4, 0x01, 
    0x11, 0x10, 0x00, 0x00, 0x00, 0x00, 0x0f, 0xff, 0xf1, 0x1f, 0xff, 0xf7, 0x00, 
    0x00, 0x00, 0x00, 0x4f, 0xff, 0xe0, 0x0e, 0xff, 0xfd, 0x00, 0x00, 0x00, 0x00, 
    0xaf, 0xff, 0xa0, 0x09, 0xff, 0xff, 0x80, 0x00, 0x00, 0x05, 0xff, 0xff, 0x50, 
    0x02, 0xff, 0xff, 0xfb, 0x41, 0x13, 0x9f, 0xff, 0xfe, 0x00, 0x00, 0x8f, 0xff, 
    0xff, 0xff, 0xff, 0xff, 0xff, 0xf5, 0x00, 0x00, 0x0b, 0xff, 0xff, 0xff, 0xff, 
    0xff, 0xff, 0x90, 0x00, 0x00, 0x00, 0x8f, 0xff, 0xff, 0xff, 0xff, 0xf7, 0x00, 
    0x00, 0x00, 0x00, 0x01, 0x7b, 0xef, 0xfe, 0xb7, 0x10, 0x00, 0x00
};
static GX_CONST GX_GLYPH THEME_1_FONT_MEDIUM_40_4BPP_FONT_PAGE_1_GLYPHS[10] =
{
    {FONT_THEME_1_FONT_MEDIUM_40_4BPP_char_30, 31, 0, 25, 2, 21, 31},
    {FONT_THEME_1_FONT_MEDIUM_40_4BPP_char_31, 30, 0, 14, 1, 9, 30},
    {FONT_THEME_1_FONT_MEDIUM_40_4BPP_char_32, 31, 0, 23, 2, 19, 31},
    {FONT_THEME_1_FONT_MEDIUM_40_4BPP_char_33, 31, 0, 23, 1, 20, 31},
    {FONT_THEME_1_FONT_MEDIUM_40_4BPP_char_34, 30, 0, 26, 2, 23, 30},
    {FONT_THEME_1_FONT_MEDIUM_40_4BPP_char_35, 30, 0, 26, 3, 21, 30},
    {FONT_THEME_1_FONT_MEDIUM_40_4BPP_char_36, 31, 0, 26, 3, 21, 31},
    {FONT_THEME_1_FONT_MEDIUM_40_4BPP_char_37, 30, 0, 23, 2, 19, 30},
    {FONT_THEME_1_FONT_MEDIUM_40_4BPP_char_38, 32, 0, 25, 2, 21, 32},
    {FONT_THEME_1_FONT_MEDIUM_40_4BPP_char_39, 31, 0, 25, 3, 20, 31}
};

static GX_CONST GX_FONT THEME_1_FONT_MEDIUM_40_4BPP = 
{
    GX_FONT_FORMAT_4BPP,                     /* format                         */
    0,                                       /* line pre-space                 */
    0,                                       /* line post-space                */ 
    32,                                      /* font data height               */
    32,                                      /* font baseline offset           */
    0x30,                                    /* first glyph within data page   */
    0x39,                                    /* last glyph within data page    */
    {THEME_1_FONT_MEDIUM_40_4BPP_FONT_PAGE_1_GLYPHS},    /* pointer to glyph data */
    GX_NULL                                  /* next font page                 */
};


/* Font THEME_1_FONT_REGULAR_26_1BPP Data Definition                           */

static GX_CONST GX_UBYTE FONT_THEME_1_FONT_REGULAR_26_1BPP_char_20[1] =
{
    0x00
};
static GX_CONST GX_UBYTE FONT_THEME_1_FONT_REGULAR_26_1BPP_char_21[19] =
{
    0x60, 0x60, 0x60, 0x60, 0x60, 0x60, 0x60, 0x60, 0x60, 0x60, 0x60, 0x60, 0x60, 
    0x00, 0x00, 0x00, 0xe0, 0xe0, 0xe0
};
static GX_CONST GX_UBYTE FONT_THEME_1_FONT_REGULAR_26_1BPP_char_22[5] =
{
    0xd8, 0xd8, 0xd8, 0xd8, 0xd8
};
static GX_CONST GX_UBYTE FONT_THEME_1_FONT_REGULAR_26_1BPP_char_23[60] =
{
    0x01, 0x81, 0x80, 0x01, 0x83, 0x80, 0x01, 0x83, 0x00, 0x01, 0x83, 0x00, 0x03, 
    0x83, 0x00, 0x3f, 0xff, 0xf0, 0x3f, 0xff, 0xf0, 0x03, 0x06, 0x00, 0x03, 0x06, 
    0x00, 0x07, 0x06, 0x00, 0x07, 0x06, 0x00, 0x06, 0x06, 0x00, 0x06, 0x0e, 0x00, 
    0xff, 0xff, 0xc0, 0xff, 0xff, 0xc0, 0x0e, 0x0c, 0x00, 0x0c, 0x0c, 0x00, 0x0c, 
    0x1c, 0x00, 0x0c, 0x18, 0x00, 0x0c, 0x18, 0x00
};
static GX_CONST GX_UBYTE FONT_THEME_1_FONT_REGULAR_26_1BPP_char_24[48] =
{
    0x02, 0x00, 0x02, 0x00, 0x02, 0x00, 0x1f, 0x80, 0x3f, 0xc0, 0x72, 0xe0, 0xe2, 
    0x70, 0xc2, 0x70, 0xc2, 0x00, 0xe2, 0x00, 0x72, 0x00, 0x7e, 0x00, 0x1f, 0xc0, 
    0x03, 0xe0, 0x02, 0xf0, 0x02, 0x70, 0x02, 0x30, 0xe2, 0x30, 0xe2, 0x70, 0x72, 
    0xe0, 0x3f, 0xe0, 0x1f, 0x80, 0x02, 0x00, 0x02, 0x00
};
static GX_CONST GX_UBYTE FONT_THEME_1_FONT_REGULAR_26_1BPP_char_25[57] =
{
    0x3c, 0x06, 0x00, 0x7e, 0x0c, 0x00, 0xe7, 0x0c, 0x00, 0xc3, 0x18, 0x00, 0xc3, 
    0x18, 0x00, 0xe7, 0x30, 0x00, 0x7e, 0x70, 0x00, 0x3c, 0x60, 0x00, 0x00, 0xc0, 
    0x00, 0x00, 0xc0, 0x00, 0x01, 0x80, 0x00, 0x01, 0x8f, 0x00, 0x03, 0x3f, 0x80, 
    0x03, 0x31, 0xc0, 0x06, 0x30, 0xc0, 0x06, 0x31, 0xc0, 0x0c, 0x39, 0xc0, 0x0c, 
    0x3f, 0x80, 0x18, 0x0f, 0x00
};
static GX_CONST GX_UBYTE FONT_THEME_1_FONT_REGULAR_26_1BPP_char_26[57] =
{
    0x07, 0xc0, 0x00, 0x0f, 0xe0, 0x00, 0x1c, 0x70, 0x00, 0x18, 0x70, 0x00, 0x18, 
    0x00, 0x00, 0x18, 0x00, 0x00, 0x1c, 0x00, 0x00, 0x0e, 0x00, 0x00, 0x1f, 0x00, 
    0x00, 0x7b, 0x83, 0x80, 0x71, 0xc3, 0x00, 0xe0, 0xe7, 0x00, 0xc0, 0x76, 0x00, 
    0xc0, 0x3e, 0x00, 0xe0, 0x1c, 0x00, 0xe0, 0x3e, 0x00, 0x78, 0xf7, 0x00, 0x3f, 
    0xe3, 0x80, 0x1f, 0x81, 0xc0
};
static GX_CONST GX_UBYTE FONT_THEME_1_FONT_REGULAR_26_1BPP_char_27[5] =
{
    0xc0, 0xc0, 0xc0, 0xc0, 0xc0
};
static GX_CONST GX_UBYTE FONT_THEME_1_FONT_REGULAR_26_1BPP_char_28[30] =
{
    0x07, 0x0e, 0x0c, 0x18, 0x38, 0x30, 0x30, 0x70, 0x60, 0x60, 0xe0, 0xe0, 0xe0, 
    0xc0, 0xc0, 0xc0, 0xc0, 0xe0, 0xe0, 0xe0, 0x60, 0x60, 0x70, 0x70, 0x30, 0x38, 
    0x18, 0x1c, 0x0e, 0x07
};
static GX_CONST GX_UBYTE FONT_THEME_1_FONT_REGULAR_26_1BPP_char_29[30] =
{
    0xe0, 0x70, 0x38, 0x18, 0x1c, 0x0c, 0x0e, 0x06, 0x07, 0x07, 0x07, 0x03, 0x03, 
    0x03, 0x03, 0x03, 0x03, 0x03, 0x03, 0x03, 0x07, 0x07, 0x06, 0x0e, 0x0e, 0x1c, 
    0x1c, 0x38, 0x30, 0x60
};
static GX_CONST GX_UBYTE FONT_THEME_1_FONT_REGULAR_26_1BPP_char_2a[20] =
{
    0x18, 0x00, 0x08, 0x00, 0xc9, 0x00, 0xeb, 0x80, 0x3e, 0x00, 0x3e, 0x00, 0xeb, 
    0x80, 0xc9, 0x00, 0x18, 0x00, 0x18, 0x00
};
static GX_CONST GX_UBYTE FONT_THEME_1_FONT_REGULAR_26_1BPP_char_2b[28] =
{
    0x03, 0x00, 0x03, 0x00, 0x03, 0x00, 0x03, 0x00, 0x03, 0x00, 0x03, 0x00, 0xff, 
    0xf8, 0xff, 0xf8, 0x03, 0x00, 0x03, 0x00, 0x03, 0x00, 0x03, 0x00, 0x03, 0x00, 
    0x03, 0x00
};
static GX_CONST GX_UBYTE FONT_THEME_1_FONT_REGULAR_26_1BPP_char_2c[7] =
{
    0x30, 0x70, 0x60, 0x60, 0x60, 0xc0, 0xc0
};
static GX_CONST GX_UBYTE FONT_THEME_1_FONT_REGULAR_26_1BPP_char_2d[4] =
{
    0xff, 0xc0, 0xff, 0xc0
};
static GX_CONST GX_UBYTE FONT_THEME_1_FONT_REGULAR_26_1BPP_char_2e[3] =
{
    0xe0, 0xe0, 0xe0
};
static GX_CONST GX_UBYTE FONT_THEME_1_FONT_REGULAR_26_1BPP_char_2f[60] =
{
    0x01, 0xc0, 0x01, 0x80, 0x01, 0x80, 0x01, 0x80, 0x03, 0x80, 0x03, 0x80, 0x03, 
    0x00, 0x03, 0x00, 0x07, 0x00, 0x07, 0x00, 0x06, 0x00, 0x06, 0x00, 0x06, 0x00, 
    0x0e, 0x00, 0x0c, 0x00, 0x0c, 0x00, 0x0c, 0x00, 0x1c, 0x00, 0x18, 0x00, 0x18, 
    0x00, 0x18, 0x00, 0x38, 0x00, 0x38, 0x00, 0x30, 0x00, 0x30, 0x00, 0x70, 0x00, 
    0x70, 0x00, 0x60, 0x00, 0x60, 0x00, 0xe0, 0x00
};
static GX_CONST GX_UBYTE FONT_THEME_1_FONT_REGULAR_26_1BPP_char_30[40] =
{
    0x0f, 0x80, 0x3f, 0xe0, 0x38, 0xe0, 0x70, 0x70, 0x60, 0x30, 0xe0, 0x38, 0xe0, 
    0x38, 0xe0, 0x38, 0xc0, 0x18, 0xc0, 0x18, 0xc0, 0x18, 0xc0, 0x18, 0xe0, 0x38, 
    0xe0, 0x38, 0xe0, 0x38, 0x60, 0x30, 0x70, 0x70, 0x38, 0xe0, 0x3f, 0xe0, 0x0f, 
    0x80
};
static GX_CONST GX_UBYTE FONT_THEME_1_FONT_REGULAR_26_1BPP_char_31[20] =
{
    0xf8, 0xf8, 0x18, 0x18, 0x18, 0x18, 0x18, 0x18, 0x18, 0x18, 0x18, 0x18, 0x18, 
    0x18, 0x18, 0x18, 0x18, 0x18, 0x18, 0x18
};
static GX_CONST GX_UBYTE FONT_THEME_1_FONT_REGULAR_26_1BPP_char_32[40] =
{
    0x1f, 0x80, 0x3f, 0xc0, 0x70, 0xe0, 0xe0, 0x70, 0xe0, 0x70, 0xc0, 0x30, 0x00, 
    0x30, 0x00, 0x70, 0x00, 0x70, 0x00, 0xe0, 0x00, 0xe0, 0x01, 0xc0, 0x03, 0x80, 
    0x07, 0x00, 0x0e, 0x00, 0x1c, 0x00, 0x38, 0x00, 0x70, 0x00, 0xff, 0xf0, 0xff, 
    0xf0
};
static GX_CONST GX_UBYTE FONT_THEME_1_FONT_REGULAR_26_1BPP_char_33[40] =
{
    0x0f, 0x80, 0x3f, 0xe0, 0x78, 0xf0, 0x60, 0x70, 0x60, 0x30, 0x00, 0x30, 0x00, 
    0x30, 0x00, 0x70, 0x00, 0xe0, 0x0f, 0xc0, 0x0f, 0xc0, 0x00, 0xe0, 0x00, 0x70, 
    0x00, 0x30, 0xc0, 0x30, 0xe0, 0x30, 0x60, 0x70, 0x78, 0xf0, 0x3f, 0xe0, 0x0f, 
    0x80
};
static GX_CONST GX_UBYTE FONT_THEME_1_FONT_REGULAR_26_1BPP_char_34[40] =
{
    0x00, 0x70, 0x00, 0xf0, 0x00, 0xf0, 0x01, 0xb0, 0x03, 0xb0, 0x03, 0x30, 0x06, 
    0x30, 0x0e, 0x30, 0x0c, 0x30, 0x1c, 0x30, 0x38, 0x30, 0x30, 0x30, 0x70, 0x30, 
    0xe0, 0x30, 0xff, 0xfe, 0xff, 0xfe, 0x00, 0x30, 0x00, 0x30, 0x00, 0x30, 0x00, 
    0x30
};
static GX_CONST GX_UBYTE FONT_THEME_1_FONT_REGULAR_26_1BPP_char_35[40] =
{
    0xff, 0xe0, 0xff, 0xe0, 0xc0, 0x00, 0xc0, 0x00, 0xc0, 0x00, 0xc0, 0x00, 0xc0, 
    0x00, 0xcf, 0x80, 0xdf, 0xe0, 0xf0, 0xf0, 0xe0, 0x70, 0xc0, 0x30, 0x00, 0x30, 
    0x00, 0x30, 0x00, 0x30, 0xc0, 0x30, 0xe0, 0x70, 0x70, 0xe0, 0x3f, 0xc0, 0x1f, 
    0x80
};
static GX_CONST GX_UBYTE FONT_THEME_1_FONT_REGULAR_26_1BPP_char_36[40] =
{
    0x0f, 0x80, 0x3f, 0xe0, 0x38, 0xe0, 0x70, 0x70, 0x60, 0x30, 0xe0, 0x00, 0xe0, 
    0x00, 0xe7, 0xc0, 0xdf, 0xe0, 0xd8, 0x70, 0xf0, 0x30, 0xe0, 0x38, 0xe0, 0x38, 
    0xe0, 0x18, 0xe0, 0x38, 0x60, 0x38, 0x70, 0x30, 0x38, 0x70, 0x3f, 0xe0, 0x0f, 
    0xc0
};
static GX_CONST GX_UBYTE FONT_THEME_1_FONT_REGULAR_26_1BPP_char_37[38] =
{
    0xff, 0xf0, 0xff, 0xf0, 0x00, 0x30, 0x00, 0x60, 0x00, 0x60, 0x00, 0xc0, 0x00, 
    0xc0, 0x01, 0xc0, 0x01, 0x80, 0x01, 0x80, 0x03, 0x00, 0x03, 0x00, 0x07, 0x00, 
    0x06, 0x00, 0x06, 0x00, 0x0c, 0x00, 0x0c, 0x00, 0x1c, 0x00, 0x18, 0x00
};
static GX_CONST GX_UBYTE FONT_THEME_1_FONT_REGULAR_26_1BPP_char_38[40] =
{
    0x0f, 0xc0, 0x3f, 0xf0, 0x78, 0x70, 0x60, 0x38, 0x60, 0x18, 0x60, 0x18, 0x60, 
    0x38, 0x38, 0x70, 0x1f, 0xe0, 0x3f, 0xe0, 0x70, 0x70, 0xe0, 0x38, 0xe0, 0x18, 
    0xc0, 0x18, 0xc0, 0x18, 0xe0, 0x18, 0xe0, 0x38, 0x78, 0x70, 0x3f, 0xe0, 0x0f, 
    0xc0
};
static GX_CONST GX_UBYTE FONT_THEME_1_FONT_REGULAR_26_1BPP_char_39[40] =
{
    0x0f, 0x80, 0x3f, 0xe0, 0x78, 0xf0, 0x60, 0x30, 0xe0, 0x30, 0xe0, 0x38, 0xc0, 
    0x18, 0xc0, 0x38, 0xe0, 0x38, 0x60, 0x38, 0x78, 0xf8, 0x3f, 0xd8, 0x1f, 0x98, 
    0x00, 0x18, 0x00, 0x38, 0x60, 0x30, 0x70, 0x30, 0x78, 0xf0, 0x3f, 0xe0, 0x0f, 
    0x80
};
static GX_CONST GX_UBYTE FONT_THEME_1_FONT_REGULAR_26_1BPP_char_3a[15] =
{
    0xe0, 0xe0, 0xe0, 0x00, 0x00, 0x00, 0x00, 0x00, 0x00, 0x00, 0x00, 0x00, 0xe0, 
    0xe0, 0xe0
};
static GX_CONST GX_UBYTE FONT_THEME_1_FONT_REGULAR_26_1BPP_char_3b[18] =
{
    0x70, 0x70, 0x70, 0x00, 0x00, 0x00, 0x00, 0x00, 0x00, 0x00, 0x00, 0x30, 0x70, 
    0x60, 0x60, 0xc0, 0xc0, 0xc0
};
static GX_CONST GX_UBYTE FONT_THEME_1_FONT_REGULAR_26_1BPP_char_3c[24] =
{
    0x03, 0x80, 0x07, 0x00, 0x0e, 0x00, 0x1c, 0x00, 0x38, 0x00, 0x70, 0x00, 0x70, 
    0x00, 0x38, 0x00, 0x1c, 0x00, 0x0e, 0x00, 0x07, 0x00, 0x03, 0x80
};
static GX_CONST GX_UBYTE FONT_THEME_1_FONT_REGULAR_26_1BPP_char_3d[16] =
{
    0xff, 0xfc, 0xff, 0xfc, 0x00, 0x00, 0x00, 0x00, 0x00, 0x00, 0x00, 0x00, 0xff, 
    0xfc, 0xff, 0xfc
};
static GX_CONST GX_UBYTE FONT_THEME_1_FONT_REGULAR_26_1BPP_char_3e[24] =
{
    0x70, 0x00, 0x38, 0x00, 0x1c, 0x00, 0x0e, 0x00, 0x07, 0x00, 0x03, 0x80, 0x03, 
    0x80, 0x07, 0x00, 0x0e, 0x00, 0x1c, 0x00, 0x38, 0x00, 0x70, 0x00
};
static GX_CONST GX_UBYTE FONT_THEME_1_FONT_REGULAR_26_1BPP_char_3f[38] =
{
    0x1f, 0x00, 0x7f, 0xc0, 0x71, 0xe0, 0xe0, 0xe0, 0xc0, 0x60, 0x00, 0x60, 0x00, 
    0x60, 0x00, 0xe0, 0x01, 0xe0, 0x1f, 0xc0, 0x1f, 0x80, 0x18, 0x00, 0x18, 0x00, 
    0x18, 0x00, 0x00, 0x00, 0x00, 0x00, 0x18, 0x00, 0x38, 0x00, 0x18, 0x00
};
static GX_CONST GX_UBYTE FONT_THEME_1_FONT_REGULAR_26_1BPP_char_40[69] =
{
    0x00, 0x7f, 0x80, 0x01, 0xff, 0xe0, 0x07, 0xc0, 0xf0, 0x0f, 0x00, 0x38, 0x1c, 
    0x00, 0x1c, 0x38, 0x00, 0x0c, 0x38, 0x7d, 0x8e, 0x71, 0xff, 0x8e, 0x61, 0xc7, 
    0x86, 0x63, 0x83, 0x86, 0xe7, 0x03, 0x86, 0xe7, 0x03, 0x0e, 0xc6, 0x03, 0x0e, 
    0xc6, 0x03, 0x0c, 0xc7, 0x07, 0x1c, 0xe7, 0x8f, 0x18, 0xe3, 0xfb, 0xf0, 0x61, 
    0xf1, 0xe0, 0x70, 0x00, 0x00, 0x38, 0x00, 0x00, 0x3e, 0x04, 0x00, 0x0f, 0xfc, 
    0x00, 0x07, 0xf8, 0x00
};
static GX_CONST GX_UBYTE FONT_THEME_1_FONT_REGULAR_26_1BPP_char_41[38] =
{
    0x03, 0x80, 0x03, 0xc0, 0x03, 0xc0, 0x07, 0xc0, 0x06, 0xe0, 0x0e, 0x60, 0x0e, 
    0x60, 0x0c, 0x70, 0x1c, 0x30, 0x1c, 0x30, 0x18, 0x38, 0x38, 0x18, 0x38, 0x18, 
    0x3f, 0xfc, 0x7f, 0xfc, 0x70, 0x0c, 0x60, 0x0e, 0xe0, 0x06, 0xe0, 0x07
};
static GX_CONST GX_UBYTE FONT_THEME_1_FONT_REGULAR_26_1BPP_char_42[38] =
{
    0xff, 0x80, 0xff, 0xe0, 0xc0, 0xf0, 0xc0, 0x30, 0xc0, 0x30, 0xc0, 0x30, 0xc0, 
    0x30, 0xc0, 0x70, 0xff, 0xc0, 0xff, 0xc0, 0xc0, 0xe0, 0xc0, 0x70, 0xc0, 0x30, 
    0xc0, 0x30, 0xc0, 0x30, 0xc0, 0x70, 0xc0, 0xf0, 0xff, 0xe0, 0xff, 0x80
};
static GX_CONST GX_UBYTE FONT_THEME_1_FONT_REGULAR_26_1BPP_char_43[57] =
{
    0x03, 0xf0, 0x00, 0x0f, 0xfc, 0x00, 0x1e, 0x1e, 0x00, 0x38, 0x07, 0x00, 0x70, 
    0x03, 0x80, 0x60, 0x01, 0x80, 0xe0, 0x00, 0x00, 0xe0, 0x00, 0x00, 0xc0, 0x00, 
    0x00, 0xc0, 0x00, 0x00, 0xc0, 0x00, 0x00, 0xe0, 0x00, 0x00, 0xe0, 0x00, 0x00, 
    0x60, 0x01, 0x80, 0x70, 0x03, 0x80, 0x38, 0x07, 0x00, 0x1e, 0x1e, 0x00, 0x0f, 
    0xfc, 0x00, 0x03, 0xf0, 0x00
};
static GX_CONST GX_UBYTE FONT_THEME_1_FONT_REGULAR_26_1BPP_char_44[38] =
{
    0xff, 0x80, 0xff, 0xe0, 0xc0, 0xf8, 0xc0, 0x3c, 0xc0, 0x1c, 0xc0, 0x0e, 0xc0, 
    0x06, 0xc0, 0x06, 0xc0, 0x06, 0xc0, 0x06, 0xc0, 0x06, 0xc0, 0x06, 0xc0, 0x06, 
    0xc0, 0x0e, 0xc0, 0x0c, 0xc0, 0x1c, 0xc0, 0xf8, 0xff, 0xf0, 0xff, 0x80
};
static GX_CONST GX_UBYTE FONT_THEME_1_FONT_REGULAR_26_1BPP_char_45[38] =
{
    0xff, 0xc0, 0xff, 0xc0, 0xc0, 0x00, 0xc0, 0x00, 0xc0, 0x00, 0xc0, 0x00, 0xc0, 
    0x00, 0xc0, 0x00, 0xc0, 0x00, 0xff, 0x80, 0xff, 0x80, 0xc0, 0x00, 0xc0, 0x00, 
    0xc0, 0x00, 0xc0, 0x00, 0xc0, 0x00, 0xc0, 0x00, 0xff, 0xc0, 0xff, 0xc0
};
static GX_CONST GX_UBYTE FONT_THEME_1_FONT_REGULAR_26_1BPP_char_46[38] =
{
    0xff, 0xe0, 0xff, 0xe0, 0xc0, 0x00, 0xc0, 0x00, 0xc0, 0x00, 0xc0, 0x00, 0xc0, 
    0x00, 0xc0, 0x00, 0xc0, 0x00, 0xff, 0x80, 0xff, 0x80, 0xc0, 0x00, 0xc0, 0x00, 
    0xc0, 0x00, 0xc0, 0x00, 0xc0, 0x00, 0xc0, 0x00, 0xc0, 0x00, 0xc0, 0x00
};
static GX_CONST GX_UBYTE FONT_THEME_1_FONT_REGULAR_26_1BPP_char_47[57] =
{
    0x03, 0xf0, 0x00, 0x0f, 0xfc, 0x00, 0x1e, 0x1e, 0x00, 0x38, 0x07, 0x00, 0x70, 
    0x03, 0x80, 0x60, 0x03, 0x80, 0xe0, 0x00, 0x00, 0xe0, 0x00, 0x00, 0xc0, 0x00, 
    0x00, 0xc0, 0xff, 0xc0, 0xc0, 0xff, 0xc0, 0xe0, 0x01, 0xc0, 0xe0, 0x01, 0xc0, 
    0x60, 0x01, 0x80, 0x70, 0x03, 0x80, 0x38, 0x07, 0x00, 0x1e, 0x1e, 0x00, 0x0f, 
    0xfc, 0x00, 0x03, 0xf0, 0x00
};
static GX_CONST GX_UBYTE FONT_THEME_1_FONT_REGULAR_26_1BPP_char_48[38] =
{
    0xc0, 0x0c, 0xc0, 0x0c, 0xc0, 0x0c, 0xc0, 0x0c, 0xc0, 0x0c, 0xc0, 0x0c, 0xc0, 
    0x0c, 0xc0, 0x0c, 0xff, 0xfc, 0xff, 0xfc, 0xc0, 0x0c, 0xc0, 0x0c, 0xc0, 0x0c, 
    0xc0, 0x0c, 0xc0, 0x0c, 0xc0, 0x0c, 0xc0, 0x0c, 0xc0, 0x0c, 0xc0, 0x0c
};
static GX_CONST GX_UBYTE FONT_THEME_1_FONT_REGULAR_26_1BPP_char_49[19] =
{
    0xc0, 0xc0, 0xc0, 0xc0, 0xc0, 0xc0, 0xc0, 0xc0, 0xc0, 0xc0, 0xc0, 0xc0, 0xc0, 
    0xc0, 0xc0, 0xc0, 0xc0, 0xc0, 0xc0
};
static GX_CONST GX_UBYTE FONT_THEME_1_FONT_REGULAR_26_1BPP_char_4a[38] =
{
    0x00, 0xc0, 0x00, 0xc0, 0x00, 0xc0, 0x00, 0xc0, 0x00, 0xc0, 0x00, 0xc0, 0x00, 
    0xc0, 0x00, 0xc0, 0x00, 0xc0, 0x00, 0xc0, 0x00, 0xc0, 0x00, 0xc0, 0x00, 0xc0, 
    0x00, 0xc0, 0xc0, 0xc0, 0xe1, 0xc0, 0x73, 0x80, 0x7f, 0x80, 0x1e, 0x00
};
static GX_CONST GX_UBYTE FONT_THEME_1_FONT_REGULAR_26_1BPP_char_4b[38] =
{
    0xc0, 0x70, 0xc0, 0x70, 0xc0, 0xe0, 0xc1, 0xc0, 0xc3, 0x80, 0xc7, 0x00, 0xce, 
    0x00, 0xcc, 0x00, 0xdc, 0x00, 0xf8, 0x00, 0xdc, 0x00, 0xdc, 0x00, 0xce, 0x00, 
    0xc7, 0x00, 0xc3, 0x80, 0xc1, 0xc0, 0xc0, 0xe0, 0xc0, 0x70, 0xc0, 0x78
};
static GX_CONST GX_UBYTE FONT_THEME_1_FONT_REGULAR_26_1BPP_char_4c[38] =
{
    0xc0, 0x00, 0xc0, 0x00, 0xc0, 0x00, 0xc0, 0x00, 0xc0, 0x00, 0xc0, 0x00, 0xc0, 
    0x00, 0xc0, 0x00, 0xc0, 0x00, 0xc0, 0x00, 0xc0, 0x00, 0xc0, 0x00, 0xc0, 0x00, 
    0xc0, 0x00, 0xc0, 0x00, 0xc0, 0x00, 0xc0, 0x00, 0xff, 0x80, 0xff, 0x80
};
static GX_CONST GX_UBYTE FONT_THEME_1_FONT_REGULAR_26_1BPP_char_4d[57] =
{
    0xe0, 0x00, 0xc0, 0xe0, 0x01, 0xc0, 0xf0, 0x01, 0xc0, 0xf0, 0x03, 0xc0, 0xf0, 
    0x03, 0xc0, 0xd8, 0x03, 0xc0, 0xd8, 0x06, 0xc0, 0xcc, 0x06, 0xc0, 0xcc, 0x0c, 
    0xc0, 0xce, 0x0c, 0xc0, 0xc6, 0x1c, 0xc0, 0xc6, 0x18, 0xc0, 0xc3, 0x18, 0xc0, 
    0xc3, 0x30, 0xc0, 0xc1, 0xb0, 0xc0, 0xc1, 0xf0, 0xc0, 0xc1, 0xe0, 0xc0, 0xc0, 
    0xe0, 0xc0, 0xc0, 0xc0, 0xc0
};
static GX_CONST GX_UBYTE FONT_THEME_1_FONT_REGULAR_26_1BPP_char_4e[38] =
{
    0xe0, 0x0c, 0xe0, 0x0c, 0xf0, 0x0c, 0xf8, 0x0c, 0xd8, 0x0c, 0xdc, 0x0c, 0xce, 
    0x0c, 0xc6, 0x0c, 0xc7, 0x0c, 0xc3, 0x0c, 0xc1, 0x8c, 0xc1, 0xcc, 0xc0, 0xcc, 
    0xc0, 0xec, 0xc0, 0x7c, 0xc0, 0x3c, 0xc0, 0x3c, 0xc0, 0x1c, 0xc0, 0x0c
};
static GX_CONST GX_UBYTE FONT_THEME_1_FONT_REGULAR_26_1BPP_char_4f[57] =
{
    0x03, 0xf0, 0x00, 0x0f, 0xfc, 0x00, 0x1e, 0x1e, 0x00, 0x38, 0x07, 0x00, 0x70, 
    0x03, 0x80, 0x60, 0x01, 0x80, 0xe0, 0x01, 0xc0, 0xe0, 0x01, 0xc0, 0xc0, 0x00, 
    0xc0, 0xc0, 0x00, 0xc0, 0xc0, 0x00, 0xc0, 0xe0, 0x01, 0xc0, 0xe0, 0x01, 0xc0, 
    0x60, 0x01, 0x80, 0x70, 0x03, 0x80, 0x38, 0x07, 0x00, 0x1e, 0x1e, 0x00, 0x0f, 
    0xfc, 0x00, 0x03, 0xf0, 0x00
};
static GX_CONST GX_UBYTE FONT_THEME_1_FONT_REGULAR_26_1BPP_char_50[38] =
{
    0xff, 0x80, 0xff, 0xc0, 0xc0, 0xe0, 0xc0, 0x70, 0xc0, 0x70, 0xc0, 0x30, 0xc0, 
    0x70, 0xc0, 0x70, 0xc0, 0xe0, 0xff, 0xe0, 0xff, 0x80, 0xc0, 0x00, 0xc0, 0x00, 
    0xc0, 0x00, 0xc0, 0x00, 0xc0, 0x00, 0xc0, 0x00, 0xc0, 0x00, 0xc0, 0x00
};
static GX_CONST GX_UBYTE FONT_THEME_1_FONT_REGULAR_26_1BPP_char_51[69] =
{
    0x03, 0xf0, 0x00, 0x0f, 0xfc, 0x00, 0x1e, 0x1e, 0x00, 0x38, 0x07, 0x00, 0x70, 
    0x03, 0x80, 0x60, 0x01, 0x80, 0xe0, 0x01, 0xc0, 0xe0, 0x01, 0xc0, 0xc0, 0x00, 
    0xc0, 0xc0, 0x00, 0xc0, 0xc0, 0x00, 0xc0, 0xe0, 0x01, 0xc0, 0xe0, 0x01, 0xc0, 
    0x60, 0x01, 0x80, 0x70, 0x03, 0x80, 0x38, 0x07, 0x00, 0x1e, 0x1e, 0x00, 0x0f, 
    0xfc, 0x00, 0x03, 0xfe, 0x00, 0x00, 0x0e, 0x00, 0x00, 0x07, 0x00, 0x00, 0x03, 
    0x80, 0x00, 0x01, 0xc0
};
static GX_CONST GX_UBYTE FONT_THEME_1_FONT_REGULAR_26_1BPP_char_52[38] =
{
    0xff, 0x80, 0xff, 0xc0, 0xc0, 0xe0, 0xc0, 0x70, 0xc0, 0x70, 0xc0, 0x30, 0xc0, 
    0x70, 0xc0, 0x70, 0xc0, 0xe0, 0xff, 0xc0, 0xff, 0x80, 0xc7, 0x00, 0xc3, 0x80, 
    0xc3, 0x80, 0xc1, 0xc0, 0xc0, 0xc0, 0xc0, 0xe0, 0xc0, 0x60, 0xc0, 0x70
};
static GX_CONST GX_UBYTE FONT_THEME_1_FONT_REGULAR_26_1BPP_char_53[38] =
{
    0x1f, 0x80, 0x3f, 0xe0, 0x70, 0xe0, 0xe0, 0x70, 0xc0, 0x30, 0xc0, 0x00, 0xe0, 
    0x00, 0x70, 0x00, 0x7e, 0x00, 0x1f, 0xc0, 0x03, 0xe0, 0x00, 0x70, 0x00, 0x30, 
    0x00, 0x30, 0xe0, 0x30, 0xe0, 0x70, 0x70, 0xf0, 0x3f, 0xe0, 0x1f, 0x80
};
static GX_CONST GX_UBYTE FONT_THEME_1_FONT_REGULAR_26_1BPP_char_54[38] =
{
    0xff, 0xf0, 0xff, 0xf0, 0x06, 0x00, 0x06, 0x00, 0x06, 0x00, 0x06, 0x00, 0x06, 
    0x00, 0x06, 0x00, 0x06, 0x00, 0x06, 0x00, 0x06, 0x00, 0x06, 0x00, 0x06, 0x00, 
    0x06, 0x00, 0x06, 0x00, 0x06, 0x00, 0x06, 0x00, 0x06, 0x00, 0x06, 0x00
};
static GX_CONST GX_UBYTE FONT_THEME_1_FONT_REGULAR_26_1BPP_char_55[38] =
{
    0xc0, 0x18, 0xc0, 0x18, 0xc0, 0x18, 0xc0, 0x18, 0xc0, 0x18, 0xc0, 0x18, 0xc0, 
    0x18, 0xc0, 0x18, 0xc0, 0x18, 0xc0, 0x18, 0xc0, 0x18, 0xc0, 0x18, 0xc0, 0x18, 
    0xe0, 0x18, 0xe0, 0x18, 0x60, 0x38, 0x78, 0x70, 0x3f, 0xe0, 0x0f, 0xc0
};
static GX_CONST GX_UBYTE FONT_THEME_1_FONT_REGULAR_26_1BPP_char_56[38] =
{
    0xc0, 0x07, 0xe0, 0x06, 0xe0, 0x06, 0x60, 0x0e, 0x70, 0x0c, 0x30, 0x0c, 0x30, 
    0x1c, 0x38, 0x18, 0x18, 0x18, 0x18, 0x38, 0x1c, 0x30, 0x0c, 0x70, 0x0c, 0x60, 
    0x0e, 0x60, 0x06, 0xe0, 0x06, 0xc0, 0x07, 0xc0, 0x03, 0xc0, 0x03, 0x80
};
static GX_CONST GX_UBYTE FONT_THEME_1_FONT_REGULAR_26_1BPP_char_57[57] =
{
    0xc0, 0x38, 0x07, 0xc0, 0x38, 0x06, 0xe0, 0x3c, 0x06, 0x60, 0x7c, 0x0e, 0x60, 
    0x6c, 0x0e, 0x60, 0x6e, 0x0c, 0x70, 0x6e, 0x0c, 0x30, 0xe6, 0x1c, 0x30, 0xc6, 
    0x18, 0x30, 0xc7, 0x18, 0x38, 0xc3, 0x18, 0x19, 0x83, 0x38, 0x19, 0x83, 0x30, 
    0x19, 0x83, 0xb0, 0x1d, 0x81, 0xb0, 0x0f, 0x01, 0xf0, 0x0f, 0x01, 0xe0, 0x0f, 
    0x01, 0xe0, 0x06, 0x00, 0xe0
};
static GX_CONST GX_UBYTE FONT_THEME_1_FONT_REGULAR_26_1BPP_char_58[38] =
{
    0xe0, 0x1c, 0x70, 0x38, 0x30, 0x38, 0x38, 0x70, 0x18, 0x60, 0x1c, 0xe0, 0x0e, 
    0xc0, 0x07, 0xc0, 0x07, 0x80, 0x03, 0x00, 0x07, 0x80, 0x07, 0xc0, 0x0d, 0xc0, 
    0x1c, 0xe0, 0x18, 0x60, 0x38, 0x70, 0x30, 0x38, 0x70, 0x38, 0xe0, 0x1c
};
static GX_CONST GX_UBYTE FONT_THEME_1_FONT_REGULAR_26_1BPP_char_59[38] =
{
    0xe0, 0x1c, 0x60, 0x1c, 0x70, 0x18, 0x30, 0x38, 0x38, 0x30, 0x18, 0x70, 0x1c, 
    0x60, 0x0c, 0xe0, 0x0e, 0xc0, 0x07, 0xc0, 0x07, 0x80, 0x03, 0x80, 0x03, 0x00, 
    0x03, 0x00, 0x03, 0x00, 0x03, 0x00, 0x03, 0x00, 0x03, 0x00, 0x03, 0x00
};
static GX_CONST GX_UBYTE FONT_THEME_1_FONT_REGULAR_26_1BPP_char_5a[38] =
{
    0xff, 0xf0, 0xff, 0xf0, 0x00, 0x70, 0x00, 0xe0, 0x00, 0xc0, 0x01, 0xc0, 0x03, 
    0x80, 0x03, 0x80, 0x07, 0x00, 0x06, 0x00, 0x0e, 0x00, 0x1c, 0x00, 0x1c, 0x00, 
    0x38, 0x00, 0x30, 0x00, 0x70, 0x00, 0xe0, 0x00, 0xff, 0xf0, 0xff, 0xf0
};
static GX_CONST GX_UBYTE FONT_THEME_1_FONT_REGULAR_26_1BPP_char_5b[30] =
{
    0xf8, 0xf8, 0xc0, 0xc0, 0xc0, 0xc0, 0xc0, 0xc0, 0xc0, 0xc0, 0xc0, 0xc0, 0xc0, 
    0xc0, 0xc0, 0xc0, 0xc0, 0xc0, 0xc0, 0xc0, 0xc0, 0xc0, 0xc0, 0xc0, 0xc0, 0xc0, 
    0xc0, 0xc0, 0xf8, 0xf8
};
static GX_CONST GX_UBYTE FONT_THEME_1_FONT_REGULAR_26_1BPP_char_5c[60] =
{
    0x60, 0x00, 0x60, 0x00, 0x60, 0x00, 0x70, 0x00, 0x30, 0x00, 0x30, 0x00, 0x38, 
    0x00, 0x38, 0x00, 0x18, 0x00, 0x18, 0x00, 0x1c, 0x00, 0x0c, 0x00, 0x0c, 0x00, 
    0x0c, 0x00, 0x0e, 0x00, 0x06, 0x00, 0x06, 0x00, 0x07, 0x00, 0x07, 0x00, 0x03, 
    0x00, 0x03, 0x00, 0x03, 0x80, 0x01, 0x80, 0x01, 0x80, 0x01, 0x80, 0x01, 0xc0, 
    0x00, 0xc0, 0x00, 0xc0, 0x00, 0xc0, 0x00, 0xe0
};
static GX_CONST GX_UBYTE FONT_THEME_1_FONT_REGULAR_26_1BPP_char_5d[30] =
{
    0xf8, 0xf8, 0x18, 0x18, 0x18, 0x18, 0x18, 0x18, 0x18, 0x18, 0x18, 0x18, 0x18, 
    0x18, 0x18, 0x18, 0x18, 0x18, 0x18, 0x18, 0x18, 0x18, 0x18, 0x18, 0x18, 0x18, 
    0x18, 0x18, 0xf8, 0xf8
};
static GX_CONST GX_UBYTE FONT_THEME_1_FONT_REGULAR_26_1BPP_char_5e[28] =
{
    0x03, 0x80, 0x07, 0x80, 0x07, 0x80, 0x07, 0xc0, 0x0e, 0xc0, 0x0c, 0xe0, 0x1c, 
    0x60, 0x18, 0x70, 0x38, 0x30, 0x30, 0x30, 0x70, 0x38, 0x70, 0x18, 0x60, 0x1c, 
    0xe0, 0x0c
};
static GX_CONST GX_UBYTE FONT_THEME_1_FONT_REGULAR_26_1BPP_char_5f[4] =
{
    0xff, 0xfc, 0xff, 0xfc
};
static GX_CONST GX_UBYTE FONT_THEME_1_FONT_REGULAR_26_1BPP_char_60[5] =
{
    0x80, 0xe0, 0x70, 0x1c, 0x0c
};
static GX_CONST GX_UBYTE FONT_THEME_1_FONT_REGULAR_26_1BPP_char_61[30] =
{
    0x0f, 0x8c, 0x3f, 0xec, 0x38, 0x7c, 0x70, 0x3c, 0xe0, 0x1c, 0xe0, 0x0c, 0xc0, 
    0x0c, 0xc0, 0x0c, 0xc0, 0x0c, 0xe0, 0x0c, 0xe0, 0x1c, 0x70, 0x3c, 0x38, 0x7c, 
    0x1f, 0xec, 0x0f, 0x8c
};
static GX_CONST GX_UBYTE FONT_THEME_1_FONT_REGULAR_26_1BPP_char_62[40] =
{
    0xc0, 0x00, 0xc0, 0x00, 0xc0, 0x00, 0xc0, 0x00, 0xc0, 0x00, 0xc7, 0xc0, 0xcf, 
    0xf0, 0xd8, 0x78, 0xf0, 0x1c, 0xe0, 0x1c, 0xe0, 0x0c, 0xc0, 0x0c, 0xc0, 0x0c, 
    0xc0, 0x0c, 0xe0, 0x0c, 0xe0, 0x1c, 0xf0, 0x38, 0xd8, 0x78, 0xcf, 0xf0, 0xc7, 
    0xc0
};
static GX_CONST GX_UBYTE FONT_THEME_1_FONT_REGULAR_26_1BPP_char_63[30] =
{
    0x0f, 0xc0, 0x1f, 0xf0, 0x38, 0x70, 0x70, 0x38, 0xe0, 0x18, 0xe0, 0x00, 0xc0, 
    0x00, 0xc0, 0x00, 0xc0, 0x00, 0xe0, 0x00, 0xe0, 0x18, 0x70, 0x38, 0x38, 0x70, 
    0x1f, 0xe0, 0x0f, 0xc0
};
static GX_CONST GX_UBYTE FONT_THEME_1_FONT_REGULAR_26_1BPP_char_64[40] =
{
    0x00, 0x0c, 0x00, 0x0c, 0x00, 0x0c, 0x00, 0x0c, 0x00, 0x0c, 0x0f, 0x8c, 0x3f, 
    0xec, 0x38, 0x7c, 0x70, 0x3c, 0xe0, 0x1c, 0xe0, 0x0c, 0xc0, 0x0c, 0xc0, 0x0c, 
    0xc0, 0x0c, 0xe0, 0x0c, 0xe0, 0x1c, 0x70, 0x3c, 0x38, 0x7c, 0x1f, 0xec, 0x0f, 
    0x8c
};
static GX_CONST GX_UBYTE FONT_THEME_1_FONT_REGULAR_26_1BPP_char_65[30] =
{
    0x0f, 0xc0, 0x1f, 0xf0, 0x38, 0x78, 0x70, 0x18, 0xe0, 0x1c, 0xc0, 0x0c, 0xff, 
    0xfc, 0xff, 0xfc, 0xc0, 0x00, 0xe0, 0x00, 0xe0, 0x1c, 0x70, 0x38, 0x38, 0x78, 
    0x1f, 0xf0, 0x0f, 0xc0
};
static GX_CONST GX_UBYTE FONT_THEME_1_FONT_REGULAR_26_1BPP_char_66[21] =
{
    0x00, 0x1e, 0x3e, 0x38, 0x30, 0x30, 0xfe, 0xfe, 0x30, 0x30, 0x30, 0x30, 0x30, 
    0x30, 0x30, 0x30, 0x30, 0x30, 0x30, 0x30, 0x30
};
static GX_CONST GX_UBYTE FONT_THEME_1_FONT_REGULAR_26_1BPP_char_67[44] =
{
    0x0f, 0x8c, 0x3f, 0xec, 0x38, 0x7c, 0x70, 0x3c, 0xe0, 0x1c, 0xe0, 0x0c, 0xc0, 
    0x0c, 0xc0, 0x0c, 0xc0, 0x0c, 0xe0, 0x0c, 0xe0, 0x1c, 0x70, 0x3c, 0x38, 0x7c, 
    0x1f, 0xec, 0x0f, 0x8c, 0x00, 0x0c, 0x00, 0x0c, 0x60, 0x0c, 0x70, 0x1c, 0x3c, 
    0x78, 0x1f, 0xf0, 0x0f, 0xc0
};
static GX_CONST GX_UBYTE FONT_THEME_1_FONT_REGULAR_26_1BPP_char_68[40] =
{
    0xc0, 0x00, 0xc0, 0x00, 0xc0, 0x00, 0xc0, 0x00, 0xc0, 0x00, 0xc7, 0xc0, 0xdf, 
    0xe0, 0xf8, 0xf0, 0xe0, 0x38, 0xe0, 0x38, 0xe0, 0x38, 0xc0, 0x18, 0xc0, 0x18, 
    0xc0, 0x18, 0xc0, 0x18, 0xc0, 0x18, 0xc0, 0x18, 0xc0, 0x18, 0xc0, 0x18, 0xc0, 
    0x18
};
static GX_CONST GX_UBYTE FONT_THEME_1_FONT_REGULAR_26_1BPP_char_69[21] =
{
    0x00, 0xe0, 0xe0, 0x40, 0x00, 0x00, 0x60, 0x60, 0x60, 0x60, 0x60, 0x60, 0x60, 
    0x60, 0x60, 0x60, 0x60, 0x60, 0x60, 0x60, 0x60
};
static GX_CONST GX_UBYTE FONT_THEME_1_FONT_REGULAR_26_1BPP_char_6a[28] =
{
    0x08, 0x1c, 0x1c, 0x08, 0x00, 0x00, 0x0c, 0x0c, 0x0c, 0x0c, 0x0c, 0x0c, 0x0c, 
    0x0c, 0x0c, 0x0c, 0x0c, 0x0c, 0x0c, 0x0c, 0x0c, 0x0c, 0x0c, 0x0c, 0x0c, 0x1c, 
    0xf8, 0xf0
};
static GX_CONST GX_UBYTE FONT_THEME_1_FONT_REGULAR_26_1BPP_char_6b[40] =
{
    0xc0, 0x00, 0xc0, 0x00, 0xc0, 0x00, 0xc0, 0x00, 0xc0, 0x00, 0xc1, 0xe0, 0xc1, 
    0xc0, 0xc3, 0x80, 0xc7, 0x00, 0xce, 0x00, 0xdc, 0x00, 0xd8, 0x00, 0xf8, 0x00, 
    0xd8, 0x00, 0xdc, 0x00, 0xce, 0x00, 0xc7, 0x00, 0xc3, 0x80, 0xc1, 0xc0, 0xc0, 
    0xe0
};
static GX_CONST GX_UBYTE FONT_THEME_1_FONT_REGULAR_26_1BPP_char_6c[20] =
{
    0xc0, 0xc0, 0xc0, 0xc0, 0xc0, 0xc0, 0xc0, 0xc0, 0xc0, 0xc0, 0xc0, 0xc0, 0xc0, 
    0xc0, 0xc0, 0xc0, 0xc0, 0xc0, 0xc0, 0xc0
};
static GX_CONST GX_UBYTE FONT_THEME_1_FONT_REGULAR_26_1BPP_char_6d[45] =
{
    0xcf, 0x83, 0xe0, 0xdf, 0xe7, 0xf8, 0xf8, 0xee, 0x38, 0xe0, 0x78, 0x1c, 0xe0, 
    0x38, 0x0c, 0xe0, 0x38, 0x0c, 0xc0, 0x30, 0x0c, 0xc0, 0x30, 0x0c, 0xc0, 0x30, 
    0x0c, 0xc0, 0x30, 0x0c, 0xc0, 0x30, 0x0c, 0xc0, 0x30, 0x0c, 0xc0, 0x30, 0x0c, 
    0xc0, 0x30, 0x0c, 0xc0, 0x30, 0x0c
};
static GX_CONST GX_UBYTE FONT_THEME_1_FONT_REGULAR_26_1BPP_char_6e[30] =
{
    0xc7, 0xc0, 0xdf, 0xe0, 0xf8, 0xf0, 0xe0, 0x38, 0xe0, 0x38, 0xe0, 0x38, 0xc0, 
    0x18, 0xc0, 0x18, 0xc0, 0x18, 0xc0, 0x18, 0xc0, 0x18, 0xc0, 0x18, 0xc0, 0x18, 
    0xc0, 0x18, 0xc0, 0x18
};
static GX_CONST GX_UBYTE FONT_THEME_1_FONT_REGULAR_26_1BPP_char_6f[30] =
{
    0x0f, 0xc0, 0x1f, 0xf0, 0x38, 0x78, 0x70, 0x18, 0xe0, 0x1c, 0xe0, 0x0c, 0xc0, 
    0x0c, 0xc0, 0x0c, 0xc0, 0x0c, 0xe0, 0x0c, 0xe0, 0x1c, 0x70, 0x38, 0x38, 0x78, 
    0x1f, 0xf0, 0x0f, 0xc0
};
static GX_CONST GX_UBYTE FONT_THEME_1_FONT_REGULAR_26_1BPP_char_70[44] =
{
    0xc7, 0xc0, 0xcf, 0xf0, 0xd8, 0x78, 0xf0, 0x1c, 0xe0, 0x1c, 0xe0, 0x0c, 0xc0, 
    0x0c, 0xc0, 0x0c, 0xc0, 0x0c, 0xe0, 0x0c, 0xe0, 0x1c, 0xf0, 0x38, 0xd8, 0x78, 
    0xcf, 0xf0, 0xc7, 0xc0, 0xc0, 0x00, 0xc0, 0x00, 0xc0, 0x00, 0xc0, 0x00, 0xc0, 
    0x00, 0xc0, 0x00, 0xc0, 0x00
};
static GX_CONST GX_UBYTE FONT_THEME_1_FONT_REGULAR_26_1BPP_char_71[44] =
{
    0x0f, 0x8c, 0x3f, 0xec, 0x38, 0x7c, 0x70, 0x3c, 0xe0, 0x1c, 0xe0, 0x0c, 0xc0, 
    0x0c, 0xc0, 0x0c, 0xc0, 0x0c, 0xe0, 0x0c, 0xe0, 0x1c, 0x70, 0x3c, 0x38, 0x7c, 
    0x1f, 0xec, 0x0f, 0x8c, 0x00, 0x0c, 0x00, 0x0c, 0x00, 0x0c, 0x00, 0x0c, 0x00, 
    0x0c, 0x00, 0x0c, 0x00, 0x0c
};
static GX_CONST GX_UBYTE FONT_THEME_1_FONT_REGULAR_26_1BPP_char_72[15] =
{
    0xce, 0xde, 0xf8, 0xe0, 0xe0, 0xe0, 0xc0, 0xc0, 0xc0, 0xc0, 0xc0, 0xc0, 0xc0, 
    0xc0, 0xc0
};
static GX_CONST GX_UBYTE FONT_THEME_1_FONT_REGULAR_26_1BPP_char_73[30] =
{
    0x0f, 0x80, 0x3f, 0xc0, 0x70, 0xe0, 0x70, 0x60, 0x60, 0x60, 0x70, 0x00, 0x3c, 
    0x00, 0x1f, 0x80, 0x03, 0xe0, 0x00, 0xe0, 0xe0, 0x60, 0x70, 0x60, 0x78, 0xe0, 
    0x3f, 0xc0, 0x0f, 0x80
};
static GX_CONST GX_UBYTE FONT_THEME_1_FONT_REGULAR_26_1BPP_char_74[19] =
{
    0x30, 0x30, 0x30, 0x30, 0xff, 0xff, 0x30, 0x30, 0x30, 0x30, 0x30, 0x30, 0x30, 
    0x30, 0x30, 0x30, 0x38, 0x1f, 0x0f
};
static GX_CONST GX_UBYTE FONT_THEME_1_FONT_REGULAR_26_1BPP_char_75[30] =
{
    0xc0, 0x18, 0xc0, 0x18, 0xc0, 0x18, 0xc0, 0x18, 0xc0, 0x18, 0xc0, 0x18, 0xc0, 
    0x18, 0xc0, 0x18, 0xc0, 0x18, 0xe0, 0x38, 0xe0, 0x38, 0xe0, 0x38, 0x78, 0xf8, 
    0x3f, 0xd8, 0x1f, 0x18
};
static GX_CONST GX_UBYTE FONT_THEME_1_FONT_REGULAR_26_1BPP_char_76[30] =
{
    0xe0, 0x0c, 0x60, 0x1c, 0x70, 0x18, 0x30, 0x38, 0x30, 0x38, 0x38, 0x30, 0x18, 
    0x70, 0x1c, 0x60, 0x1c, 0x60, 0x0c, 0xe0, 0x0e, 0xc0, 0x06, 0xc0, 0x07, 0xc0, 
    0x07, 0x80, 0x03, 0x80
};
static GX_CONST GX_UBYTE FONT_THEME_1_FONT_REGULAR_26_1BPP_char_77[45] =
{
    0xe0, 0x70, 0x38, 0x60, 0x70, 0x38, 0x60, 0x78, 0x30, 0x70, 0x78, 0x30, 0x30, 
    0xd8, 0x70, 0x30, 0xd8, 0x60, 0x30, 0xcc, 0x60, 0x19, 0x8c, 0x60, 0x19, 0x8c, 
    0xc0, 0x19, 0x86, 0xc0, 0x19, 0x86, 0xc0, 0x0f, 0x06, 0xc0, 0x0f, 0x07, 0x80, 
    0x0f, 0x03, 0x80, 0x06, 0x03, 0x80
};
static GX_CONST GX_UBYTE FONT_THEME_1_FONT_REGULAR_26_1BPP_char_78[30] =
{
    0x60, 0x70, 0x70, 0x60, 0x38, 0xe0, 0x38, 0xc0, 0x1d, 0x80, 0x0f, 0x80, 0x0f, 
    0x00, 0x07, 0x00, 0x0f, 0x00, 0x0f, 0x80, 0x19, 0x80, 0x39, 0xc0, 0x30, 0xe0, 
    0x70, 0x60, 0x60, 0x70
};
static GX_CONST GX_UBYTE FONT_THEME_1_FONT_REGULAR_26_1BPP_char_79[44] =
{
    0x60, 0x0c, 0x60, 0x1c, 0x70, 0x18, 0x30, 0x18, 0x38, 0x38, 0x38, 0x30, 0x18, 
    0x70, 0x1c, 0x60, 0x0c, 0x60, 0x0c, 0xe0, 0x0e, 0xc0, 0x06, 0xc0, 0x07, 0x80, 
    0x03, 0x80, 0x03, 0x80, 0x03, 0x00, 0x07, 0x00, 0x06, 0x00, 0x06, 0x00, 0x0e, 
    0x00, 0x0c, 0x00, 0x1c, 0x00
};
static GX_CONST GX_UBYTE FONT_THEME_1_FONT_REGULAR_26_1BPP_char_7a[30] =
{
    0xff, 0xc0, 0xff, 0xc0, 0x01, 0xc0, 0x03, 0x80, 0x03, 0x00, 0x07, 0x00, 0x0e, 
    0x00, 0x0c, 0x00, 0x1c, 0x00, 0x38, 0x00, 0x30, 0x00, 0x70, 0x00, 0xe0, 0x00, 
    0xff, 0xc0, 0xff, 0xc0
};
static GX_CONST GX_UBYTE FONT_THEME_1_FONT_REGULAR_26_1BPP_char_7b[30] =
{
    0x0f, 0x1f, 0x38, 0x30, 0x30, 0x30, 0x30, 0x30, 0x38, 0x38, 0x18, 0x18, 0x38, 
    0x70, 0xe0, 0xe0, 0x70, 0x38, 0x18, 0x18, 0x38, 0x38, 0x30, 0x30, 0x30, 0x30, 
    0x30, 0x38, 0x1f, 0x0f
};
static GX_CONST GX_UBYTE FONT_THEME_1_FONT_REGULAR_26_1BPP_char_7c[25] =
{
    0xc0, 0xc0, 0xc0, 0xc0, 0xc0, 0xc0, 0xc0, 0xc0, 0xc0, 0xc0, 0xc0, 0xc0, 0xc0, 
    0xc0, 0xc0, 0xc0, 0xc0, 0xc0, 0xc0, 0xc0, 0xc0, 0xc0, 0xc0, 0xc0, 0xc0
};
static GX_CONST GX_UBYTE FONT_THEME_1_FONT_REGULAR_26_1BPP_char_7d[30] =
{
    0xf0, 0xf8, 0x1c, 0x0c, 0x0c, 0x0c, 0x0c, 0x0c, 0x1c, 0x1c, 0x18, 0x18, 0x1c, 
    0x0e, 0x07, 0x07, 0x0e, 0x1c, 0x18, 0x18, 0x1c, 0x1c, 0x0c, 0x0c, 0x0c, 0x0c, 
    0x0c, 0x1c, 0xf8, 0xf0
};
static GX_CONST GX_UBYTE FONT_THEME_1_FONT_REGULAR_26_1BPP_char_7e[8] =
{
    0x38, 0x20, 0x7e, 0x60, 0xc7, 0xe0, 0xc3, 0xc0
};
static GX_CONST GX_GLYPH THEME_1_FONT_REGULAR_26_1BPP_FONT_PAGE_1_GLYPHS[95] =
{
    {FONT_THEME_1_FONT_REGULAR_26_1BPP_char_20, 0, 0, 7, 0, 1, 1},
    {FONT_THEME_1_FONT_REGULAR_26_1BPP_char_21, 19, 0, 7, 2, 3, 19},
    {FONT_THEME_1_FONT_REGULAR_26_1BPP_char_22, 21, -16, 7, 1, 5, 5},
    {FONT_THEME_1_FONT_REGULAR_26_1BPP_char_23, 20, 0, 22, 1, 20, 20},
    {FONT_THEME_1_FONT_REGULAR_26_1BPP_char_24, 22, 2, 16, 2, 12, 24},
    {FONT_THEME_1_FONT_REGULAR_26_1BPP_char_25, 19, 0, 20, 1, 18, 19},
    {FONT_THEME_1_FONT_REGULAR_26_1BPP_char_26, 19, 0, 19, 1, 18, 19},
    {FONT_THEME_1_FONT_REGULAR_26_1BPP_char_27, 21, -16, 5, 1, 2, 5},
    {FONT_THEME_1_FONT_REGULAR_26_1BPP_char_28, 25, 5, 12, 3, 8, 30},
    {FONT_THEME_1_FONT_REGULAR_26_1BPP_char_29, 25, 5, 12, 1, 8, 30},
    {FONT_THEME_1_FONT_REGULAR_26_1BPP_char_2a, 20, -10, 13, 1, 9, 10},
    {FONT_THEME_1_FONT_REGULAR_26_1BPP_char_2b, 17, -3, 17, 2, 13, 14},
    {FONT_THEME_1_FONT_REGULAR_26_1BPP_char_2c, 3, 4, 5, -1, 4, 7},
    {FONT_THEME_1_FONT_REGULAR_26_1BPP_char_2d, 12, -9, 14, 2, 10, 2},
    {FONT_THEME_1_FONT_REGULAR_26_1BPP_char_2e, 3, 0, 5, 1, 3, 3},
    {FONT_THEME_1_FONT_REGULAR_26_1BPP_char_2f, 25, 5, 12, 1, 10, 30},
    {FONT_THEME_1_FONT_REGULAR_26_1BPP_char_30, 20, 0, 17, 2, 13, 20},
    {FONT_THEME_1_FONT_REGULAR_26_1BPP_char_31, 20, 0, 8, 0, 5, 20},
    {FONT_THEME_1_FONT_REGULAR_26_1BPP_char_32, 20, 0, 14, 1, 12, 20},
    {FONT_THEME_1_FONT_REGULAR_26_1BPP_char_33, 20, 0, 15, 1, 12, 20},
    {FONT_THEME_1_FONT_REGULAR_26_1BPP_char_34, 20, 0, 17, 1, 15, 20},
    {FONT_THEME_1_FONT_REGULAR_26_1BPP_char_35, 20, 0, 16, 1, 12, 20},
    {FONT_THEME_1_FONT_REGULAR_26_1BPP_char_36, 20, 0, 17, 2, 13, 20},
    {FONT_THEME_1_FONT_REGULAR_26_1BPP_char_37, 20, 0, 14, 1, 12, 19},
    {FONT_THEME_1_FONT_REGULAR_26_1BPP_char_38, 20, 0, 17, 2, 13, 20},
    {FONT_THEME_1_FONT_REGULAR_26_1BPP_char_39, 20, 0, 17, 2, 13, 20},
    {FONT_THEME_1_FONT_REGULAR_26_1BPP_char_3a, 15, 0, 5, 1, 3, 15},
    {FONT_THEME_1_FONT_REGULAR_26_1BPP_char_3b, 15, 3, 7, 0, 4, 18},
    {FONT_THEME_1_FONT_REGULAR_26_1BPP_char_3c, 16, -4, 14, 2, 9, 12},
    {FONT_THEME_1_FONT_REGULAR_26_1BPP_char_3d, 14, -6, 20, 3, 14, 8},
    {FONT_THEME_1_FONT_REGULAR_26_1BPP_char_3e, 16, -4, 14, 2, 10, 12},
    {FONT_THEME_1_FONT_REGULAR_26_1BPP_char_3f, 19, 0, 14, 1, 11, 19},
    {FONT_THEME_1_FONT_REGULAR_26_1BPP_char_40, 19, 6, 27, 2, 23, 23},
    {FONT_THEME_1_FONT_REGULAR_26_1BPP_char_41, 19, 0, 18, 0, 16, 19},
    {FONT_THEME_1_FONT_REGULAR_26_1BPP_char_42, 19, 0, 16, 2, 12, 19},
    {FONT_THEME_1_FONT_REGULAR_26_1BPP_char_43, 19, 0, 20, 1, 17, 19},
    {FONT_THEME_1_FONT_REGULAR_26_1BPP_char_44, 19, 0, 19, 2, 15, 19},
    {FONT_THEME_1_FONT_REGULAR_26_1BPP_char_45, 19, 0, 14, 2, 10, 19},
    {FONT_THEME_1_FONT_REGULAR_26_1BPP_char_46, 19, 0, 13, 2, 11, 19},
    {FONT_THEME_1_FONT_REGULAR_26_1BPP_char_47, 19, 0, 20, 1, 18, 19},
    {FONT_THEME_1_FONT_REGULAR_26_1BPP_char_48, 19, 0, 18, 2, 14, 19},
    {FONT_THEME_1_FONT_REGULAR_26_1BPP_char_49, 19, 0, 6, 2, 2, 19},
    {FONT_THEME_1_FONT_REGULAR_26_1BPP_char_4a, 19, 0, 14, 1, 10, 19},
    {FONT_THEME_1_FONT_REGULAR_26_1BPP_char_4b, 19, 0, 16, 2, 13, 19},
    {FONT_THEME_1_FONT_REGULAR_26_1BPP_char_4c, 19, 0, 11, 2, 9, 19},
    {FONT_THEME_1_FONT_REGULAR_26_1BPP_char_4d, 19, 0, 22, 2, 18, 19},
    {FONT_THEME_1_FONT_REGULAR_26_1BPP_char_4e, 19, 0, 18, 2, 14, 19},
    {FONT_THEME_1_FONT_REGULAR_26_1BPP_char_4f, 19, 0, 20, 1, 18, 19},
    {FONT_THEME_1_FONT_REGULAR_26_1BPP_char_50, 19, 0, 15, 2, 12, 19},
    {FONT_THEME_1_FONT_REGULAR_26_1BPP_char_51, 19, 4, 20, 1, 18, 23},
    {FONT_THEME_1_FONT_REGULAR_26_1BPP_char_52, 19, 0, 16, 2, 12, 19},
    {FONT_THEME_1_FONT_REGULAR_26_1BPP_char_53, 19, 0, 15, 1, 12, 19},
    {FONT_THEME_1_FONT_REGULAR_26_1BPP_char_54, 19, 0, 14, 1, 12, 19},
    {FONT_THEME_1_FONT_REGULAR_26_1BPP_char_55, 19, 0, 17, 2, 13, 19},
    {FONT_THEME_1_FONT_REGULAR_26_1BPP_char_56, 19, 0, 18, 0, 16, 19},
    {FONT_THEME_1_FONT_REGULAR_26_1BPP_char_57, 19, 0, 25, 0, 24, 19},
    {FONT_THEME_1_FONT_REGULAR_26_1BPP_char_58, 19, 0, 16, 1, 14, 19},
    {FONT_THEME_1_FONT_REGULAR_26_1BPP_char_59, 19, 0, 15, 0, 14, 19},
    {FONT_THEME_1_FONT_REGULAR_26_1BPP_char_5a, 19, 0, 14, 1, 12, 19},
    {FONT_THEME_1_FONT_REGULAR_26_1BPP_char_5b, 26, 5, 10, 3, 5, 30},
    {FONT_THEME_1_FONT_REGULAR_26_1BPP_char_5c, 25, 5, 17, 3, 11, 30},
    {FONT_THEME_1_FONT_REGULAR_26_1BPP_char_5d, 26, 5, 11, 2, 5, 30},
    {FONT_THEME_1_FONT_REGULAR_26_1BPP_char_5e, 19, -5, 16, 0, 14, 14},
    {FONT_THEME_1_FONT_REGULAR_26_1BPP_char_5f, 0, 3, 20, 3, 14, 2},
    {FONT_THEME_1_FONT_REGULAR_26_1BPP_char_60, 22, -15, 7, 1, 6, 5},
    {FONT_THEME_1_FONT_REGULAR_26_1BPP_char_61, 15, 0, 17, 1, 14, 15},
    {FONT_THEME_1_FONT_REGULAR_26_1BPP_char_62, 20, 0, 18, 2, 14, 20},
    {FONT_THEME_1_FONT_REGULAR_26_1BPP_char_63, 15, 0, 16, 1, 14, 15},
    {FONT_THEME_1_FONT_REGULAR_26_1BPP_char_64, 20, 0, 17, 1, 14, 20},
    {FONT_THEME_1_FONT_REGULAR_26_1BPP_char_65, 15, 0, 16, 1, 14, 15},
    {FONT_THEME_1_FONT_REGULAR_26_1BPP_char_66, 21, 0, 9, 1, 7, 21},
    {FONT_THEME_1_FONT_REGULAR_26_1BPP_char_67, 15, 7, 17, 1, 14, 22},
    {FONT_THEME_1_FONT_REGULAR_26_1BPP_char_68, 20, 0, 17, 2, 13, 20},
    {FONT_THEME_1_FONT_REGULAR_26_1BPP_char_69, 21, 0, 7, 2, 3, 21},
    {FONT_THEME_1_FONT_REGULAR_26_1BPP_char_6a, 21, 7, 7, -1, 6, 28},
    {FONT_THEME_1_FONT_REGULAR_26_1BPP_char_6b, 20, 0, 13, 2, 11, 20},
    {FONT_THEME_1_FONT_REGULAR_26_1BPP_char_6c, 20, 0, 6, 2, 2, 20},
    {FONT_THEME_1_FONT_REGULAR_26_1BPP_char_6d, 15, 0, 26, 2, 22, 15},
    {FONT_THEME_1_FONT_REGULAR_26_1BPP_char_6e, 15, 0, 17, 2, 13, 15},
    {FONT_THEME_1_FONT_REGULAR_26_1BPP_char_6f, 15, 0, 17, 1, 14, 15},
    {FONT_THEME_1_FONT_REGULAR_26_1BPP_char_70, 15, 7, 18, 2, 14, 22},
    {FONT_THEME_1_FONT_REGULAR_26_1BPP_char_71, 15, 7, 17, 1, 14, 22},
    {FONT_THEME_1_FONT_REGULAR_26_1BPP_char_72, 15, 0, 10, 2, 7, 15},
    {FONT_THEME_1_FONT_REGULAR_26_1BPP_char_73, 15, 0, 14, 1, 11, 15},
    {FONT_THEME_1_FONT_REGULAR_26_1BPP_char_74, 19, 0, 10, 1, 8, 19},
    {FONT_THEME_1_FONT_REGULAR_26_1BPP_char_75, 15, 0, 17, 2, 13, 15},
    {FONT_THEME_1_FONT_REGULAR_26_1BPP_char_76, 15, 0, 15, 0, 14, 15},
    {FONT_THEME_1_FONT_REGULAR_26_1BPP_char_77, 15, 0, 21, 0, 21, 15},
    {FONT_THEME_1_FONT_REGULAR_26_1BPP_char_78, 15, 0, 12, 0, 12, 15},
    {FONT_THEME_1_FONT_REGULAR_26_1BPP_char_79, 15, 7, 15, 0, 14, 22},
    {FONT_THEME_1_FONT_REGULAR_26_1BPP_char_7a, 15, 0, 12, 1, 10, 15},
    {FONT_THEME_1_FONT_REGULAR_26_1BPP_char_7b, 26, 5, 12, 3, 8, 30},
    {FONT_THEME_1_FONT_REGULAR_26_1BPP_char_7c, 22, 3, 8, 3, 2, 25},
    {FONT_THEME_1_FONT_REGULAR_26_1BPP_char_7d, 26, 5, 12, 1, 8, 30},
    {FONT_THEME_1_FONT_REGULAR_26_1BPP_char_7e, 11, -7, 14, 0, 12, 4}
};

static GX_CONST GX_FONT THEME_1_FONT_REGULAR_26_1BPP = 
{
    GX_FONT_FORMAT_1BPP,                     /* format                         */
    0,                                       /* line pre-space                 */
    0,                                       /* line post-space                */ 
    33,                                      /* font data height               */
    26,                                      /* font baseline offset           */
    0x20,                                    /* first glyph within data page   */
    0x7e,                                    /* last glyph within data page    */
    {THEME_1_FONT_REGULAR_26_1BPP_FONT_PAGE_1_GLYPHS},    /* pointer to glyph data */
    GX_NULL                                  /* next font page                 */
};


/* Font THEME_1_FONT_BOLD_24_1BPP Data Definition                              */

static GX_CONST GX_UBYTE FONT_THEME_1_FONT_BOLD_24_1BPP_char_20[1] =
{
    0x00
};
static GX_CONST GX_UBYTE FONT_THEME_1_FONT_BOLD_24_1BPP_char_21[18] =
{
    0xf0, 0xf0, 0xf0, 0xf0, 0xf0, 0xf0, 0xf0, 0xf0, 0xf0, 0xf0, 0xf0, 0xf0, 0x00, 
    0x70, 0xf8, 0xf8, 0xf8, 0x70
};
static GX_CONST GX_UBYTE FONT_THEME_1_FONT_BOLD_24_1BPP_char_22[5] =
{
    0xe7, 0xe7, 0xe7, 0xe7, 0xe7
};
static GX_CONST GX_UBYTE FONT_THEME_1_FONT_BOLD_24_1BPP_char_23[57] =
{
    0x03, 0xc3, 0xc0, 0x03, 0xc3, 0xc0, 0x03, 0xc3, 0xc0, 0x03, 0xc3, 0xc0, 0x7f, 
    0xff, 0xf0, 0x7f, 0xff, 0xf0, 0x7f, 0xff, 0xf0, 0x7f, 0xff, 0xf0, 0x0f, 0x07, 
    0x80, 0x0f, 0x0f, 0x00, 0x0f, 0x0f, 0x00, 0xff, 0xff, 0xe0, 0xff, 0xff, 0xe0, 
    0xff, 0xff, 0xe0, 0xff, 0xff, 0xe0, 0x1e, 0x1e, 0x00, 0x1e, 0x1e, 0x00, 0x1e, 
    0x1e, 0x00, 0x3c, 0x3c, 0x00
};
static GX_CONST GX_UBYTE FONT_THEME_1_FONT_BOLD_24_1BPP_char_24[44] =
{
    0x06, 0x00, 0x06, 0x00, 0x06, 0x00, 0x1f, 0xc0, 0x7f, 0xe0, 0x7f, 0xf0, 0xfe, 
    0xf0, 0xf6, 0xf8, 0xf6, 0x00, 0xfe, 0x00, 0x7f, 0x80, 0x3f, 0xe0, 0x0f, 0xf0, 
    0x07, 0xf8, 0x06, 0x78, 0xf6, 0x78, 0xfe, 0xf8, 0x7f, 0xf0, 0x7f, 0xe0, 0x1f, 
    0xc0, 0x06, 0x00, 0x06, 0x00
};
static GX_CONST GX_UBYTE FONT_THEME_1_FONT_BOLD_24_1BPP_char_25[51] =
{
    0x3c, 0x0f, 0x00, 0x7e, 0x1e, 0x00, 0xe7, 0x1e, 0x00, 0xe7, 0x3c, 0x00, 0xe7, 
    0x3c, 0x00, 0xff, 0x78, 0x00, 0x7e, 0x78, 0x00, 0x3c, 0xf0, 0x00, 0x00, 0xe0, 
    0x00, 0x01, 0xef, 0xc0, 0x01, 0xcf, 0xe0, 0x03, 0xdc, 0xe0, 0x07, 0x9c, 0xe0, 
    0x07, 0x9c, 0xe0, 0x0f, 0x1f, 0xe0, 0x0f, 0x0f, 0xc0, 0x1e, 0x07, 0x80
};
static GX_CONST GX_UBYTE FONT_THEME_1_FONT_BOLD_24_1BPP_char_26[51] =
{
    0x07, 0xc0, 0x00, 0x1f, 0xf0, 0x00, 0x3f, 0xf0, 0x00, 0x3f, 0xf8, 0x00, 0x3c, 
    0x78, 0x00, 0x3c, 0x00, 0x00, 0x1e, 0x00, 0x00, 0x1f, 0x80, 0x00, 0x7f, 0xc7, 
    0x80, 0x7b, 0xef, 0x00, 0xf1, 0xff, 0x00, 0xf0, 0xfe, 0x00, 0xf8, 0x3e, 0x00, 
    0xff, 0xff, 0x00, 0x7f, 0xff, 0x00, 0x3f, 0xf7, 0x80, 0x0f, 0xc7, 0xc0
};
static GX_CONST GX_UBYTE FONT_THEME_1_FONT_BOLD_24_1BPP_char_27[5] =
{
    0xe0, 0xe0, 0xe0, 0xe0, 0xe0
};
static GX_CONST GX_UBYTE FONT_THEME_1_FONT_BOLD_24_1BPP_char_28[56] =
{
    0x07, 0x80, 0x0f, 0x00, 0x1e, 0x00, 0x1e, 0x00, 0x3c, 0x00, 0x3c, 0x00, 0x78, 
    0x00, 0x78, 0x00, 0x78, 0x00, 0xf8, 0x00, 0xf0, 0x00, 0xf0, 0x00, 0xf0, 0x00, 
    0xf0, 0x00, 0xf0, 0x00, 0xf0, 0x00, 0xf0, 0x00, 0xf0, 0x00, 0xf8, 0x00, 0x78, 
    0x00, 0x78, 0x00, 0x78, 0x00, 0x7c, 0x00, 0x3c, 0x00, 0x3e, 0x00, 0x1e, 0x00, 
    0x0f, 0x00, 0x07, 0x80
};
static GX_CONST GX_UBYTE FONT_THEME_1_FONT_BOLD_24_1BPP_char_29[56] =
{
    0xf0, 0x00, 0x78, 0x00, 0x3c, 0x00, 0x3e, 0x00, 0x1e, 0x00, 0x1f, 0x00, 0x0f, 
    0x00, 0x0f, 0x00, 0x0f, 0x00, 0x0f, 0x80, 0x07, 0x80, 0x07, 0x80, 0x07, 0x80, 
    0x07, 0x80, 0x07, 0x80, 0x07, 0x80, 0x07, 0x80, 0x07, 0x80, 0x07, 0x80, 0x0f, 
    0x80, 0x0f, 0x00, 0x0f, 0x00, 0x1f, 0x00, 0x1e, 0x00, 0x3e, 0x00, 0x3c, 0x00, 
    0x78, 0x00, 0xf8, 0x00
};
static GX_CONST GX_UBYTE FONT_THEME_1_FONT_BOLD_24_1BPP_char_2a[18] =
{
    0x1c, 0x00, 0x5d, 0x00, 0xeb, 0x80, 0xff, 0x80, 0x1c, 0x00, 0xff, 0x80, 0xeb, 
    0x80, 0x5d, 0x00, 0x1c, 0x00
};
static GX_CONST GX_UBYTE FONT_THEME_1_FONT_BOLD_24_1BPP_char_2b[26] =
{
    0x0f, 0x00, 0x0f, 0x00, 0x0f, 0x00, 0x0f, 0x00, 0x0f, 0x00, 0xff, 0xf0, 0xff, 
    0xf0, 0xff, 0xf0, 0xff, 0xf0, 0x0f, 0x00, 0x0f, 0x00, 0x0f, 0x00, 0x0f, 0x00

};
static GX_CONST GX_UBYTE FONT_THEME_1_FONT_BOLD_24_1BPP_char_2c[7] =
{
    0x78, 0x70, 0xf0, 0xf0, 0xe0, 0xe0, 0xc0
};
static GX_CONST GX_UBYTE FONT_THEME_1_FONT_BOLD_24_1BPP_char_2d[8] =
{
    0xff, 0xe0, 0xff, 0xe0, 0xff, 0xe0, 0xff, 0xe0
};
static GX_CONST GX_UBYTE FONT_THEME_1_FONT_BOLD_24_1BPP_char_2e[5] =
{
    0x70, 0xf8, 0xf8, 0xf8, 0x70
};
static GX_CONST GX_UBYTE FONT_THEME_1_FONT_BOLD_24_1BPP_char_2f[56] =
{
    0x01, 0xe0, 0x03, 0xc0, 0x03, 0xc0, 0x03, 0xc0, 0x03, 0xc0, 0x07, 0x80, 0x07, 
    0x80, 0x07, 0x80, 0x07, 0x80, 0x0f, 0x00, 0x0f, 0x00, 0x0f, 0x00, 0x0f, 0x00, 
    0x0f, 0x00, 0x1e, 0x00, 0x1e, 0x00, 0x1e, 0x00, 0x1e, 0x00, 0x3c, 0x00, 0x3c, 
    0x00, 0x3c, 0x00, 0x3c, 0x00, 0x78, 0x00, 0x78, 0x00, 0x78, 0x00, 0x78, 0x00, 
    0x78, 0x00, 0xf0, 0x00
};
static GX_CONST GX_UBYTE FONT_THEME_1_FONT_BOLD_24_1BPP_char_30[36] =
{
    0x0f, 0x80, 0x3f, 0xe0, 0x7f, 0xf0, 0x7f, 0xf0, 0x78, 0xf8, 0xf8, 0x78, 0xf0, 
    0x78, 0xf0, 0x78, 0xf0, 0x78, 0xf0, 0x78, 0xf0, 0x78, 0xf0, 0x78, 0xf0, 0x78, 
    0x78, 0xf8, 0x7f, 0xf0, 0x7f, 0xf0, 0x3f, 0xe0, 0x0f, 0x80
};
static GX_CONST GX_UBYTE FONT_THEME_1_FONT_BOLD_24_1BPP_char_31[18] =
{
    0xfe, 0xfe, 0xfe, 0xfe, 0x1e, 0x1e, 0x1e, 0x1e, 0x1e, 0x1e, 0x1e, 0x1e, 0x1e, 
    0x1e, 0x1e, 0x1e, 0x1e, 0x1e
};
static GX_CONST GX_UBYTE FONT_THEME_1_FONT_BOLD_24_1BPP_char_32[36] =
{
    0x1f, 0x80, 0x3f, 0xe0, 0x7f, 0xe0, 0xff, 0xf0, 0xf8, 0xf0, 0xf0, 0xf0, 0x00, 
    0xf0, 0x01, 0xf0, 0x01, 0xe0, 0x03, 0xe0, 0x07, 0xc0, 0x0f, 0x80, 0x1f, 0x00, 
    0x7e, 0x00, 0xff, 0xf0, 0xff, 0xf0, 0xff, 0xf0, 0xff, 0xf0
};
static GX_CONST GX_UBYTE FONT_THEME_1_FONT_BOLD_24_1BPP_char_33[38] =
{
    0x0f, 0x00, 0x3f, 0xc0, 0x7f, 0xe0, 0xff, 0xf0, 0xf9, 0xf0, 0xf0, 0xf0, 0x00, 
    0xf0, 0x07, 0xe0, 0x07, 0xc0, 0x07, 0xc0, 0x07, 0xe0, 0x01, 0xf0, 0x00, 0xf0, 
    0xf0, 0xf0, 0xf8, 0xf0, 0xff, 0xf0, 0x7f, 0xe0, 0x3f, 0xe0, 0x1f, 0x80
};
static GX_CONST GX_UBYTE FONT_THEME_1_FONT_BOLD_24_1BPP_char_34[34] =
{
    0x01, 0xf0, 0x03, 0xf0, 0x03, 0xf0, 0x07, 0xf0, 0x0f, 0xf0, 0x1e, 0xf0, 0x1e, 
    0xf0, 0x3c, 0xf0, 0x78, 0xf0, 0x78, 0xf0, 0xff, 0xfc, 0xff, 0xfc, 0xff, 0xfc, 
    0xff, 0xfc, 0x00, 0xf0, 0x00, 0xf0, 0x00, 0xf0
};
static GX_CONST GX_UBYTE FONT_THEME_1_FONT_BOLD_24_1BPP_char_35[36] =
{
    0xff, 0xe0, 0xff, 0xe0, 0xff, 0xe0, 0xff, 0xe0, 0xf0, 0x00, 0xf0, 0x00, 0xf7, 
    0x80, 0xff, 0xe0, 0xff, 0xe0, 0xff, 0xf0, 0xf8, 0xf0, 0x00, 0xf0, 0x00, 0xf0, 
    0xf8, 0xf0, 0xff, 0xf0, 0x7f, 0xe0, 0x3f, 0xc0, 0x1f, 0x80
};
static GX_CONST GX_UBYTE FONT_THEME_1_FONT_BOLD_24_1BPP_char_36[38] =
{
    0x07, 0x00, 0x1f, 0xc0, 0x3f, 0xe0, 0x7f, 0xf0, 0x78, 0xf0, 0xf8, 0xf0, 0xf0, 
    0x00, 0xf3, 0xc0, 0xf7, 0xf0, 0xff, 0xf0, 0xff, 0xf8, 0xf8, 0xf8, 0xf8, 0x78, 
    0xf8, 0x78, 0x78, 0xf8, 0x7f, 0xf8, 0x7f, 0xf0, 0x3f, 0xe0, 0x0f, 0xc0
};
static GX_CONST GX_UBYTE FONT_THEME_1_FONT_BOLD_24_1BPP_char_37[36] =
{
    0xff, 0xf0, 0xff, 0xf0, 0xff, 0xf0, 0xff, 0xf0, 0x01, 0xe0, 0x01, 0xe0, 0x03, 
    0xe0, 0x03, 0xc0, 0x03, 0xc0, 0x07, 0x80, 0x07, 0x80, 0x0f, 0x80, 0x0f, 0x00, 
    0x1f, 0x00, 0x1e, 0x00, 0x1e, 0x00, 0x3c, 0x00, 0x3c, 0x00
};
static GX_CONST GX_UBYTE FONT_THEME_1_FONT_BOLD_24_1BPP_char_38[38] =
{
    0x1f, 0xc0, 0x3f, 0xe0, 0x7f, 0xf0, 0xff, 0xf8, 0xf8, 0xf8, 0xf0, 0x78, 0xf0, 
    0x78, 0x78, 0xf0, 0x3f, 0xe0, 0x3f, 0xe0, 0x7f, 0xf0, 0xf8, 0xf8, 0xf0, 0x78, 
    0xf0, 0x78, 0xf8, 0xf8, 0xff, 0xf8, 0x7f, 0xf0, 0x3f, 0xe0, 0x1f, 0xc0
};
static GX_CONST GX_UBYTE FONT_THEME_1_FONT_BOLD_24_1BPP_char_39[38] =
{
    0x0f, 0x00, 0x3f, 0xc0, 0x7f, 0xe0, 0x7f, 0xe0, 0xf9, 0xf0, 0xf0, 0xf0, 0xf0, 
    0xf0, 0xf0, 0xf0, 0xf9, 0xf0, 0xff, 0xf0, 0x7f, 0xf0, 0x3f, 0xf0, 0x0c, 0xf0, 
    0x00, 0xf0, 0x78, 0xf0, 0x7f, 0xe0, 0x7f, 0xe0, 0x3f, 0xc0, 0x0f, 0x80
};
static GX_CONST GX_UBYTE FONT_THEME_1_FONT_BOLD_24_1BPP_char_3a[14] =
{
    0x70, 0xf8, 0xf8, 0x70, 0x00, 0x00, 0x00, 0x00, 0x00, 0x70, 0xf8, 0xf8, 0xf8, 
    0x70
};
static GX_CONST GX_UBYTE FONT_THEME_1_FONT_BOLD_24_1BPP_char_3b[18] =
{
    0x70, 0xf8, 0xf8, 0xf8, 0x70, 0x00, 0x00, 0x00, 0x00, 0x00, 0x00, 0x78, 0x70, 
    0xf0, 0xf0, 0xe0, 0xe0, 0xc0
};
static GX_CONST GX_UBYTE FONT_THEME_1_FONT_BOLD_24_1BPP_char_3c[22] =
{
    0x07, 0xc0, 0x0f, 0x80, 0x1f, 0x00, 0x3e, 0x00, 0x7c, 0x00, 0xfc, 0x00, 0x7c, 
    0x00, 0x3e, 0x00, 0x1f, 0x00, 0x0f, 0x80, 0x07, 0xc0
};
static GX_CONST GX_UBYTE FONT_THEME_1_FONT_BOLD_24_1BPP_char_3d[20] =
{
    0xff, 0xf8, 0xff, 0xf8, 0xff, 0xf8, 0xff, 0xf8, 0x00, 0x00, 0x00, 0x00, 0xff, 
    0xf8, 0xff, 0xf8, 0xff, 0xf8, 0xff, 0xf8
};
static GX_CONST GX_UBYTE FONT_THEME_1_FONT_BOLD_24_1BPP_char_3e[22] =
{
    0xf8, 0x00, 0x7c, 0x00, 0x3e, 0x00, 0x1f, 0x00, 0x0f, 0x80, 0x0f, 0xc0, 0x1f, 
    0x80, 0x1f, 0x00, 0x3e, 0x00, 0x7c, 0x00, 0xf8, 0x00
};
static GX_CONST GX_UBYTE FONT_THEME_1_FONT_BOLD_24_1BPP_char_3f[38] =
{
    0x0e, 0x00, 0x3f, 0x80, 0x7f, 0xc0, 0xff, 0xe0, 0xf9, 0xe0, 0xf1, 0xe0, 0x01, 
    0xe0, 0x03, 0xe0, 0x3f, 0xe0, 0x3f, 0xc0, 0x3f, 0x00, 0x3c, 0x00, 0x3c, 0x00, 
    0x00, 0x00, 0x1c, 0x00, 0x3e, 0x00, 0x3e, 0x00, 0x3e, 0x00, 0x1c, 0x00
};
static GX_CONST GX_UBYTE FONT_THEME_1_FONT_BOLD_24_1BPP_char_40[69] =
{
    0x00, 0x3f, 0x00, 0x01, 0xff, 0xc0, 0x07, 0xff, 0xe0, 0x0f, 0xc1, 0xf0, 0x1e, 
    0x00, 0x78, 0x3c, 0x00, 0x38, 0x38, 0x7b, 0x9c, 0x79, 0xff, 0x9c, 0x73, 0xff, 
    0x9c, 0x73, 0xcf, 0x1c, 0xe7, 0x87, 0x1c, 0xe7, 0x87, 0x1c, 0xe7, 0x87, 0x38, 
    0xe7, 0x8f, 0x38, 0xe7, 0xff, 0xf8, 0xe3, 0xff, 0xf0, 0xf1, 0xe3, 0xc0, 0x70, 
    0x00, 0x00, 0x78, 0x00, 0x00, 0x3e, 0x0c, 0x00, 0x1f, 0xfc, 0x00, 0x0f, 0xfc, 
    0x00, 0x03, 0xf0, 0x00
};
static GX_CONST GX_UBYTE FONT_THEME_1_FONT_BOLD_24_1BPP_char_41[51] =
{
    0x03, 0xe0, 0x00, 0x03, 0xf0, 0x00, 0x03, 0xf0, 0x00, 0x07, 0xf0, 0x00, 0x07, 
    0xf8, 0x00, 0x0f, 0x78, 0x00, 0x0f, 0x3c, 0x00, 0x0f, 0x3c, 0x00, 0x1e, 0x3c, 
    0x00, 0x1e, 0x1e, 0x00, 0x1f, 0xfe, 0x00, 0x3f, 0xfe, 0x00, 0x3f, 0xff, 0x00, 
    0x3f, 0xff, 0x00, 0x7c, 0x0f, 0x00, 0x78, 0x0f, 0x80, 0x78, 0x07, 0x80
};
static GX_CONST GX_UBYTE FONT_THEME_1_FONT_BOLD_24_1BPP_char_42[34] =
{
    0xff, 0xc0, 0xff, 0xf0, 0xff, 0xf8, 0xff, 0xf8, 0xf0, 0x78, 0xf0, 0x78, 0xff, 
    0xf0, 0xff, 0xe0, 0xff, 0xe0, 0xff, 0xf0, 0xf0, 0xf8, 0xf0, 0x78, 0xf0, 0x78, 
    0xff, 0xf8, 0xff, 0xf8, 0xff, 0xf0, 0xff, 0xe0
};
static GX_CONST GX_UBYTE FONT_THEME_1_FONT_BOLD_24_1BPP_char_43[34] =
{
    0x07, 0xf0, 0x1f, 0xfc, 0x3f, 0xfe, 0x7f, 0xfe, 0x7c, 0x1f, 0xf8, 0x0f, 0xf0, 
    0x00, 0xf0, 0x00, 0xf0, 0x00, 0xf0, 0x00, 0xf0, 0x00, 0xf8, 0x0f, 0x7c, 0x1f, 
    0x7f, 0xfe, 0x3f, 0xfe, 0x1f, 0xfc, 0x07, 0xf0
};
static GX_CONST GX_UBYTE FONT_THEME_1_FONT_BOLD_24_1BPP_char_44[34] =
{
    0xff, 0xc0, 0xff, 0xf0, 0xff, 0xf8, 0xff, 0xfc, 0xf0, 0x7c, 0xf0, 0x3e, 0xf0, 
    0x1e, 0xf0, 0x1e, 0xf0, 0x1e, 0xf0, 0x1e, 0xf0, 0x1e, 0xf0, 0x3e, 0xf0, 0x7c, 
    0xff, 0xfc, 0xff, 0xf8, 0xff, 0xf0, 0xff, 0xc0
};
static GX_CONST GX_UBYTE FONT_THEME_1_FONT_BOLD_24_1BPP_char_45[34] =
{
    0xff, 0xe0, 0xff, 0xe0, 0xff, 0xe0, 0xff, 0xe0, 0xf0, 0x00, 0xf0, 0x00, 0xff, 
    0xc0, 0xff, 0xc0, 0xff, 0xc0, 0xff, 0xc0, 0xf0, 0x00, 0xf0, 0x00, 0xf0, 0x00, 
    0xff, 0xe0, 0xff, 0xe0, 0xff, 0xe0, 0xff, 0xe0
};
static GX_CONST GX_UBYTE FONT_THEME_1_FONT_BOLD_24_1BPP_char_46[34] =
{
    0xff, 0xe0, 0xff, 0xe0, 0xff, 0xe0, 0xff, 0xe0, 0xf0, 0x00, 0xf0, 0x00, 0xff, 
    0xc0, 0xff, 0xc0, 0xff, 0xc0, 0xff, 0xc0, 0xf0, 0x00, 0xf0, 0x00, 0xf0, 0x00, 
    0xf0, 0x00, 0xf0, 0x00, 0xf0, 0x00, 0xf0, 0x00
};
static GX_CONST GX_UBYTE FONT_THEME_1_FONT_BOLD_24_1BPP_char_47[51] =
{
    0x03, 0xf0, 0x00, 0x0f, 0xfc, 0x00, 0x3f, 0xfe, 0x00, 0x7f, 0xff, 0x00, 0x7c, 
    0x0f, 0x00, 0xf8, 0x00, 0x00, 0xf0, 0x00, 0x00, 0xf0, 0xff, 0x80, 0xf0, 0xff, 
    0x80, 0xf0, 0xff, 0x80, 0xf0, 0xff, 0x80, 0xf8, 0x07, 0x80, 0x7c, 0x0f, 0x80, 
    0x7f, 0xff, 0x00, 0x3f, 0xfe, 0x00, 0x1f, 0xfc, 0x00, 0x03, 0xf0, 0x00
};
static GX_CONST GX_UBYTE FONT_THEME_1_FONT_BOLD_24_1BPP_char_48[34] =
{
    0xf0, 0x1e, 0xf0, 0x1e, 0xf0, 0x1e, 0xf0, 0x1e, 0xf0, 0x1e, 0xf0, 0x1e, 0xff, 
    0xfe, 0xff, 0xfe, 0xff, 0xfe, 0xff, 0xfe, 0xf0, 0x1e, 0xf0, 0x1e, 0xf0, 0x1e, 
    0xf0, 0x1e, 0xf0, 0x1e, 0xf0, 0x1e, 0xf0, 0x1e
};
static GX_CONST GX_UBYTE FONT_THEME_1_FONT_BOLD_24_1BPP_char_49[17] =
{
    0xf0, 0xf0, 0xf0, 0xf0, 0xf0, 0xf0, 0xf0, 0xf0, 0xf0, 0xf0, 0xf0, 0xf0, 0xf0, 
    0xf0, 0xf0, 0xf0, 0xf0
};
static GX_CONST GX_UBYTE FONT_THEME_1_FONT_BOLD_24_1BPP_char_4a[34] =
{
    0x01, 0xe0, 0x01, 0xe0, 0x01, 0xe0, 0x01, 0xe0, 0x01, 0xe0, 0x01, 0xe0, 0x01, 
    0xe0, 0x01, 0xe0, 0x01, 0xe0, 0x01, 0xe0, 0x01, 0xe0, 0xf1, 0xe0, 0xf1, 0xe0, 
    0xff, 0xe0, 0x7f, 0xc0, 0x3f, 0xc0, 0x1f, 0x00
};
static GX_CONST GX_UBYTE FONT_THEME_1_FONT_BOLD_24_1BPP_char_4b[34] =
{
    0xf0, 0x7c, 0xf0, 0x78, 0xf0, 0xf8, 0xf1, 0xf0, 0xf3, 0xe0, 0xf3, 0xc0, 0xf7, 
    0xc0, 0xff, 0x80, 0xff, 0x00, 0xff, 0x80, 0xf7, 0xc0, 0xf3, 0xe0, 0xf3, 0xe0, 
    0xf1, 0xf0, 0xf0, 0xf8, 0xf0, 0x7c, 0xf0, 0x7c
};
static GX_CONST GX_UBYTE FONT_THEME_1_FONT_BOLD_24_1BPP_char_4c[34] =
{
    0xf0, 0x00, 0xf0, 0x00, 0xf0, 0x00, 0xf0, 0x00, 0xf0, 0x00, 0xf0, 0x00, 0xf0, 
    0x00, 0xf0, 0x00, 0xf0, 0x00, 0xf0, 0x00, 0xf0, 0x00, 0xf0, 0x00, 0xf0, 0x00, 
    0xff, 0xc0, 0xff, 0xc0, 0xff, 0xc0, 0xff, 0xc0
};
static GX_CONST GX_UBYTE FONT_THEME_1_FONT_BOLD_24_1BPP_char_4d[51] =
{
    0xf8, 0x03, 0xe0, 0xfc, 0x03, 0xe0, 0xfc, 0x07, 0xe0, 0xfc, 0x07, 0xe0, 0xfe, 
    0x0f, 0xe0, 0xfe, 0x0f, 0xe0, 0xff, 0x0f, 0xe0, 0xff, 0x1f, 0xe0, 0xf7, 0x1d, 
    0xe0, 0xf7, 0x9d, 0xe0, 0xf3, 0xbd, 0xe0, 0xf3, 0xf9, 0xe0, 0xf3, 0xf9, 0xe0, 
    0xf1, 0xf9, 0xe0, 0xf1, 0xf1, 0xe0, 0xf1, 0xf1, 0xe0, 0xf0, 0xe1, 0xe0
};
static GX_CONST GX_UBYTE FONT_THEME_1_FONT_BOLD_24_1BPP_char_4e[34] =
{
    0xf8, 0x1e, 0xf8, 0x1e, 0xfc, 0x1e, 0xfc, 0x1e, 0xfe, 0x1e, 0xff, 0x1e, 0xff, 
    0x1e, 0xf7, 0x9e, 0xf7, 0xde, 0xf3, 0xde, 0xf1, 0xfe, 0xf1, 0xfe, 0xf0, 0xfe, 
    0xf0, 0x7e, 0xf0, 0x7e, 0xf0, 0x3e, 0xf0, 0x1e
};
static GX_CONST GX_UBYTE FONT_THEME_1_FONT_BOLD_24_1BPP_char_4f[51] =
{
    0x03, 0xf0, 0x00, 0x0f, 0xfc, 0x00, 0x3f, 0xfe, 0x00, 0x3f, 0xff, 0x00, 0x7c, 
    0x1f, 0x00, 0xf8, 0x0f, 0x80, 0xf0, 0x07, 0x80, 0xf0, 0x07, 0x80, 0xf0, 0x07, 
    0x80, 0xf0, 0x07, 0x80, 0xf0, 0x07, 0x80, 0xf8, 0x0f, 0x80, 0x7c, 0x1f, 0x00, 
    0x3f, 0xff, 0x00, 0x3f, 0xfe, 0x00, 0x0f, 0xfc, 0x00, 0x07, 0xf0, 0x00
};
static GX_CONST GX_UBYTE FONT_THEME_1_FONT_BOLD_24_1BPP_char_50[34] =
{
    0xff, 0xc0, 0xff, 0xe0, 0xff, 0xf0, 0xff, 0xf8, 0xf0, 0xf8, 0xf0, 0x78, 0xf0, 
    0x78, 0xff, 0xf8, 0xff, 0xf0, 0xff, 0xe0, 0xff, 0xc0, 0xf0, 0x00, 0xf0, 0x00, 
    0xf0, 0x00, 0xf0, 0x00, 0xf0, 0x00, 0xf0, 0x00
};
static GX_CONST GX_UBYTE FONT_THEME_1_FONT_BOLD_24_1BPP_char_51[60] =
{
    0x03, 0xf0, 0x00, 0x0f, 0xfc, 0x00, 0x3f, 0xfe, 0x00, 0x3f, 0xff, 0x00, 0x7c, 
    0x1f, 0x00, 0xf8, 0x0f, 0x80, 0xf0, 0x07, 0x80, 0xf0, 0x07, 0x80, 0xf0, 0x07, 
    0x80, 0xf0, 0x07, 0x80, 0xf0, 0x07, 0x80, 0xf8, 0x0f, 0x80, 0x7c, 0x1f, 0x00, 
    0x3f, 0xff, 0x00, 0x3f, 0xfe, 0x00, 0x0f, 0xfc, 0x00, 0x07, 0xfe, 0x00, 0x00, 
    0x1f, 0x00, 0x00, 0x0f, 0x00, 0x00, 0x0f, 0x80
};
static GX_CONST GX_UBYTE FONT_THEME_1_FONT_BOLD_24_1BPP_char_52[34] =
{
    0xff, 0xc0, 0xff, 0xe0, 0xff, 0xf0, 0xff, 0xf8, 0xf0, 0x78, 0xf0, 0x78, 0xf0, 
    0xf8, 0xff, 0xf0, 0xff, 0xf0, 0xff, 0xc0, 0xf7, 0xc0, 0xf3, 0xc0, 0xf3, 0xe0, 
    0xf1, 0xe0, 0xf1, 0xf0, 0xf0, 0xf0, 0xf0, 0xf8
};
static GX_CONST GX_UBYTE FONT_THEME_1_FONT_BOLD_24_1BPP_char_53[34] =
{
    0x1f, 0x80, 0x7f, 0xe0, 0x7f, 0xe0, 0xff, 0xf0, 0xf0, 0xf0, 0xf0, 0x00, 0xf8, 
    0x00, 0x7f, 0x00, 0x3f, 0xe0, 0x07, 0xf0, 0x00, 0xf8, 0x00, 0x78, 0xf8, 0x78, 
    0xff, 0xf8, 0x7f, 0xf0, 0x3f, 0xe0, 0x0f, 0xc0
};
static GX_CONST GX_UBYTE FONT_THEME_1_FONT_BOLD_24_1BPP_char_54[34] =
{
    0xff, 0xf8, 0xff, 0xf8, 0xff, 0xf8, 0xff, 0xf8, 0x07, 0x80, 0x07, 0x80, 0x07, 
    0x80, 0x07, 0x80, 0x07, 0x80, 0x07, 0x80, 0x07, 0x80, 0x07, 0x80, 0x07, 0x80, 
    0x07, 0x80, 0x07, 0x80, 0x07, 0x80, 0x07, 0x80
};
static GX_CONST GX_UBYTE FONT_THEME_1_FONT_BOLD_24_1BPP_char_55[34] =
{
    0xf0, 0x3c, 0xf0, 0x3c, 0xf0, 0x3c, 0xf0, 0x3c, 0xf0, 0x3c, 0xf0, 0x3c, 0xf0, 
    0x3c, 0xf0, 0x3c, 0xf0, 0x3c, 0xf0, 0x3c, 0xf0, 0x3c, 0xf0, 0x3c, 0xf8, 0x7c, 
    0x7f, 0xf8, 0x7f, 0xf8, 0x3f, 0xf0, 0x0f, 0xc0
};
static GX_CONST GX_UBYTE FONT_THEME_1_FONT_BOLD_24_1BPP_char_56[51] =
{
    0xf8, 0x07, 0x80, 0x78, 0x0f, 0x80, 0x78, 0x0f, 0x00, 0x7c, 0x0f, 0x00, 0x3c, 
    0x1f, 0x00, 0x3c, 0x1e, 0x00, 0x1e, 0x1e, 0x00, 0x1e, 0x3e, 0x00, 0x1e, 0x3c, 
    0x00, 0x0f, 0x3c, 0x00, 0x0f, 0x3c, 0x00, 0x0f, 0x78, 0x00, 0x07, 0xf8, 0x00, 
    0x07, 0xf8, 0x00, 0x07, 0xf0, 0x00, 0x03, 0xf0, 0x00, 0x03, 0xf0, 0x00
};
static GX_CONST GX_UBYTE FONT_THEME_1_FONT_BOLD_24_1BPP_char_57[51] =
{
    0xf0, 0x7c, 0x1f, 0xf0, 0x7c, 0x1e, 0xf0, 0x7c, 0x1e, 0xf8, 0x7e, 0x1e, 0x78, 
    0xfe, 0x3e, 0x78, 0xfe, 0x3c, 0x78, 0xee, 0x3c, 0x78, 0xef, 0x3c, 0x3d, 0xef, 
    0x38, 0x3d, 0xe7, 0x78, 0x3d, 0xc7, 0x78, 0x3d, 0xc7, 0xf8, 0x1f, 0xc7, 0xf0, 
    0x1f, 0xc7, 0xf0, 0x1f, 0x83, 0xf0, 0x1f, 0x83, 0xf0, 0x0f, 0x83, 0xe0
};
static GX_CONST GX_UBYTE FONT_THEME_1_FONT_BOLD_24_1BPP_char_58[34] =
{
    0xf8, 0x3e, 0x78, 0x3c, 0x7c, 0x7c, 0x3e, 0x78, 0x1e, 0xf8, 0x1f, 0xf0, 0x0f, 
    0xe0, 0x07, 0xe0, 0x07, 0xc0, 0x0f, 0xe0, 0x0f, 0xe0, 0x1f, 0xf0, 0x3e, 0xf8, 
    0x3c, 0x78, 0x7c, 0x7c, 0x78, 0x3e, 0xf8, 0x3e
};
static GX_CONST GX_UBYTE FONT_THEME_1_FONT_BOLD_24_1BPP_char_59[34] =
{
    0xf8, 0x1f, 0x7c, 0x1e, 0x7c, 0x3e, 0x3c, 0x3c, 0x3e, 0x7c, 0x1e, 0x78, 0x1f, 
    0xf8, 0x0f, 0xf0, 0x07, 0xf0, 0x07, 0xe0, 0x03, 0xe0, 0x03, 0xc0, 0x03, 0xc0, 
    0x03, 0xc0, 0x03, 0xc0, 0x03, 0xc0, 0x03, 0xc0
};
static GX_CONST GX_UBYTE FONT_THEME_1_FONT_BOLD_24_1BPP_char_5a[34] =
{
    0xff, 0xf0, 0xff, 0xf0, 0xff, 0xf0, 0xff, 0xf0, 0x01, 0xe0, 0x03, 0xc0, 0x07, 
    0xc0, 0x0f, 0x80, 0x0f, 0x00, 0x1f, 0x00, 0x3e, 0x00, 0x3c, 0x00, 0x78, 0x00, 
    0xff, 0xf0, 0xff, 0xf0, 0xff, 0xf0, 0xff, 0xf0
};
static GX_CONST GX_UBYTE FONT_THEME_1_FONT_BOLD_24_1BPP_char_5b[28] =
{
    0xfe, 0xfe, 0xfe, 0xfe, 0xf0, 0xf0, 0xf0, 0xf0, 0xf0, 0xf0, 0xf0, 0xf0, 0xf0, 
    0xf0, 0xf0, 0xf0, 0xf0, 0xf0, 0xf0, 0xf0, 0xf0, 0xf0, 0xf0, 0xf0, 0xfe, 0xfe, 
    0xfe, 0xfe
};
static GX_CONST GX_UBYTE FONT_THEME_1_FONT_BOLD_24_1BPP_char_5c[56] =
{
    0x70, 0x00, 0x78, 0x00, 0x78, 0x00, 0x78, 0x00, 0x78, 0x00, 0x3c, 0x00, 0x3c, 
    0x00, 0x3c, 0x00, 0x3c, 0x00, 0x1e, 0x00, 0x1e, 0x00, 0x1e, 0x00, 0x1e, 0x00, 
    0x1e, 0x00, 0x0f, 0x00, 0x0f, 0x00, 0x0f, 0x00, 0x0f, 0x00, 0x07, 0x80, 0x07, 
    0x80, 0x07, 0x80, 0x07, 0x80, 0x03, 0xc0, 0x03, 0xc0, 0x03, 0xc0, 0x03, 0xc0, 
    0x03, 0xc0, 0x01, 0xe0
};
static GX_CONST GX_UBYTE FONT_THEME_1_FONT_BOLD_24_1BPP_char_5d[28] =
{
    0xff, 0xff, 0xff, 0xff, 0x0f, 0x0f, 0x0f, 0x0f, 0x0f, 0x0f, 0x0f, 0x0f, 0x0f, 
    0x0f, 0x0f, 0x0f, 0x0f, 0x0f, 0x0f, 0x0f, 0x0f, 0x0f, 0x0f, 0x0f, 0xff, 0xff, 
    0xff, 0xff
};
static GX_CONST GX_UBYTE FONT_THEME_1_FONT_BOLD_24_1BPP_char_5e[28] =
{
    0x03, 0xc0, 0x07, 0xc0, 0x07, 0xc0, 0x0f, 0xe0, 0x0f, 0xe0, 0x1f, 0xf0, 0x1e, 
    0xf0, 0x1e, 0xf8, 0x3c, 0x78, 0x3c, 0x78, 0x78, 0x3c, 0x78, 0x3c, 0xf8, 0x1e, 
    0xf0, 0x1e
};
static GX_CONST GX_UBYTE FONT_THEME_1_FONT_BOLD_24_1BPP_char_5f[8] =
{
    0xff, 0xfe, 0xff, 0xfe, 0xff, 0xfe, 0xff, 0xfe
};
static GX_CONST GX_UBYTE FONT_THEME_1_FONT_BOLD_24_1BPP_char_60[6] =
{
    0x00, 0xc0, 0xf0, 0xfc, 0x3c, 0x0c
};
static GX_CONST GX_UBYTE FONT_THEME_1_FONT_BOLD_24_1BPP_char_61[28] =
{
    0x0f, 0x3c, 0x3f, 0xfc, 0x7f, 0xfc, 0x7f, 0xfc, 0xf8, 0x7c, 0xf0, 0x3c, 0xf0, 
    0x3c, 0xf0, 0x3c, 0xf0, 0x3c, 0xf8, 0x7c, 0x7f, 0xfc, 0x7f, 0xfc, 0x3f, 0xfc, 
    0x0f, 0x3c
};
static GX_CONST GX_UBYTE FONT_THEME_1_FONT_BOLD_24_1BPP_char_62[36] =
{
    0xf0, 0x00, 0xf0, 0x00, 0xf0, 0x00, 0xf0, 0x00, 0xf3, 0xe0, 0xf7, 0xf0, 0xff, 
    0xf8, 0xff, 0xf8, 0xf8, 0x7c, 0xf0, 0x3c, 0xf0, 0x3c, 0xf0, 0x3c, 0xf0, 0x3c, 
    0xf8, 0x7c, 0xff, 0xf8, 0xff, 0xf8, 0xf7, 0xf0, 0xf3, 0xe0
};
static GX_CONST GX_UBYTE FONT_THEME_1_FONT_BOLD_24_1BPP_char_63[28] =
{
    0x0f, 0x80, 0x3f, 0xe0, 0x7f, 0xf0, 0x7f, 0xf8, 0xf8, 0xf8, 0xf0, 0x00, 0xf0, 
    0x00, 0xf0, 0x00, 0xf0, 0x00, 0xf8, 0xf8, 0x7f, 0xf8, 0x7f, 0xf0, 0x3f, 0xe0, 
    0x0f, 0x80
};
static GX_CONST GX_UBYTE FONT_THEME_1_FONT_BOLD_24_1BPP_char_64[36] =
{
    0x00, 0x3c, 0x00, 0x3c, 0x00, 0x3c, 0x00, 0x3c, 0x0f, 0x3c, 0x3f, 0xfc, 0x7f, 
    0xfc, 0x7f, 0xfc, 0xf8, 0x7c, 0xf0, 0x3c, 0xf0, 0x3c, 0xf0, 0x3c, 0xf0, 0x3c, 
    0xf8, 0x7c, 0x7f, 0xfc, 0x7f, 0xfc, 0x3f, 0xfc, 0x0f, 0x3c
};
static GX_CONST GX_UBYTE FONT_THEME_1_FONT_BOLD_24_1BPP_char_65[28] =
{
    0x0f, 0x80, 0x3f, 0xe0, 0x7f, 0xf0, 0x7f, 0xf0, 0xf8, 0x78, 0xf0, 0x78, 0xff, 
    0xf8, 0xff, 0xf8, 0xf0, 0x00, 0xf8, 0xf8, 0x7f, 0xf0, 0x7f, 0xf0, 0x3f, 0xe0, 
    0x0f, 0x80
};
static GX_CONST GX_UBYTE FONT_THEME_1_FONT_BOLD_24_1BPP_char_66[20] =
{
    0x03, 0x1f, 0x1f, 0x3f, 0x3c, 0x3c, 0xff, 0xff, 0xff, 0xff, 0x3c, 0x3c, 0x3c, 
    0x3c, 0x3c, 0x3c, 0x3c, 0x3c, 0x3c, 0x3c
};
static GX_CONST GX_UBYTE FONT_THEME_1_FONT_BOLD_24_1BPP_char_67[42] =
{
    0x0f, 0x3c, 0x3f, 0xfc, 0x7f, 0xfc, 0x7f, 0xfc, 0xf8, 0x7c, 0xf0, 0x3c, 0xf0, 
    0x3c, 0xf0, 0x3c, 0xf0, 0x3c, 0xf8, 0x7c, 0x7f, 0xfc, 0x7f, 0xfc, 0x3f, 0xfc, 
    0x0f, 0x3c, 0x00, 0x3c, 0x78, 0x3c, 0x78, 0x7c, 0x7f, 0xf8, 0x3f, 0xf8, 0x1f, 
    0xf0, 0x0f, 0xc0
};
static GX_CONST GX_UBYTE FONT_THEME_1_FONT_BOLD_24_1BPP_char_68[36] =
{
    0xf0, 0x00, 0xf0, 0x00, 0xf0, 0x00, 0xf0, 0x00, 0xf3, 0xc0, 0xf7, 0xf0, 0xff, 
    0xf0, 0xff, 0xf8, 0xf8, 0xf8, 0xf0, 0x78, 0xf0, 0x78, 0xf0, 0x78, 0xf0, 0x78, 
    0xf0, 0x78, 0xf0, 0x78, 0xf0, 0x78, 0xf0, 0x78, 0xf0, 0x78
};
static GX_CONST GX_UBYTE FONT_THEME_1_FONT_BOLD_24_1BPP_char_69[20] =
{
    0x70, 0xf8, 0xf8, 0xf8, 0x70, 0x00, 0xf0, 0xf0, 0xf0, 0xf0, 0xf0, 0xf0, 0xf0, 
    0xf0, 0xf0, 0xf0, 0xf0, 0xf0, 0xf0, 0xf0
};
static GX_CONST GX_UBYTE FONT_THEME_1_FONT_BOLD_24_1BPP_char_6a[27] =
{
    0x1c, 0x3e, 0x3e, 0x3e, 0x1c, 0x00, 0x3c, 0x3c, 0x3c, 0x3c, 0x3c, 0x3c, 0x3c, 
    0x3c, 0x3c, 0x3c, 0x3c, 0x3c, 0x3c, 0x3c, 0x3c, 0x3c, 0x3c, 0xfc, 0xfc, 0xf8, 
    0xf0
};
static GX_CONST GX_UBYTE FONT_THEME_1_FONT_BOLD_24_1BPP_char_6b[36] =
{
    0xf0, 0x00, 0xf0, 0x00, 0xf0, 0x00, 0xf0, 0x00, 0xf0, 0xf8, 0xf1, 0xf0, 0xf3, 
    0xe0, 0xf3, 0xe0, 0xf7, 0xc0, 0xff, 0x80, 0xff, 0x00, 0xff, 0x00, 0xff, 0x80, 
    0xf7, 0xc0, 0xf3, 0xe0, 0xf1, 0xe0, 0xf1, 0xf0, 0xf0, 0xf8
};
static GX_CONST GX_UBYTE FONT_THEME_1_FONT_BOLD_24_1BPP_char_6c[18] =
{
    0xf0, 0xf0, 0xf0, 0xf0, 0xf0, 0xf0, 0xf0, 0xf0, 0xf0, 0xf0, 0xf0, 0xf0, 0xf0, 
    0xf0, 0xf0, 0xf0, 0xf0, 0xf0
};
static GX_CONST GX_UBYTE FONT_THEME_1_FONT_BOLD_24_1BPP_char_6d[42] =
{
    0xf3, 0xc1, 0xe0, 0xff, 0xf7, 0xf8, 0xff, 0xff, 0xf8, 0xff, 0xff, 0xfc, 0xf8, 
    0xfc, 0x7c, 0xf0, 0x78, 0x3c, 0xf0, 0x78, 0x3c, 0xf0, 0x78, 0x3c, 0xf0, 0x78, 
    0x3c, 0xf0, 0x78, 0x3c, 0xf0, 0x78, 0x3c, 0xf0, 0x78, 0x3c, 0xf0, 0x78, 0x3c, 
    0xf0, 0x78, 0x3c
};
static GX_CONST GX_UBYTE FONT_THEME_1_FONT_BOLD_24_1BPP_char_6e[28] =
{
    0xf3, 0xc0, 0xf7, 0xf0, 0xff, 0xf0, 0xff, 0xf8, 0xf8, 0xf8, 0xf0, 0x78, 0xf0, 
    0x78, 0xf0, 0x78, 0xf0, 0x78, 0xf0, 0x78, 0xf0, 0x78, 0xf0, 0x78, 0xf0, 0x78, 
    0xf0, 0x78
};
static GX_CONST GX_UBYTE FONT_THEME_1_FONT_BOLD_24_1BPP_char_6f[28] =
{
    0x0f, 0xc0, 0x3f, 0xf0, 0x7f, 0xf8, 0x7f, 0xf8, 0xf8, 0x7c, 0xf0, 0x3c, 0xf0, 
    0x3c, 0xf0, 0x3c, 0xf0, 0x3c, 0xf8, 0x7c, 0x7f, 0xf8, 0x7f, 0xf8, 0x3f, 0xf0, 
    0x0f, 0xc0
};
static GX_CONST GX_UBYTE FONT_THEME_1_FONT_BOLD_24_1BPP_char_70[42] =
{
    0xf3, 0xe0, 0xf7, 0xf0, 0xff, 0xf8, 0xff, 0xf8, 0xf8, 0x7c, 0xf0, 0x3c, 0xf0, 
    0x3c, 0xf0, 0x3c, 0xf0, 0x3c, 0xf8, 0x7c, 0xff, 0xf8, 0xff, 0xf8, 0xf7, 0xf0, 
    0xf3, 0xe0, 0xf0, 0x00, 0xf0, 0x00, 0xf0, 0x00, 0xf0, 0x00, 0xf0, 0x00, 0xf0, 
    0x00, 0xf0, 0x00
};
static GX_CONST GX_UBYTE FONT_THEME_1_FONT_BOLD_24_1BPP_char_71[42] =
{
    0x0f, 0x3c, 0x3f, 0xfc, 0x7f, 0xfc, 0x7f, 0xfc, 0xf8, 0x7c, 0xf0, 0x3c, 0xf0, 
    0x3c, 0xf0, 0x3c, 0xf0, 0x3c, 0xf8, 0x7c, 0x7f, 0xfc, 0x7f, 0xfc, 0x3f, 0xfc, 
    0x0f, 0x3c, 0x00, 0x3c, 0x00, 0x3c, 0x00, 0x3c, 0x00, 0x3c, 0x00, 0x3c, 0x00, 
    0x3c, 0x00, 0x3c
};
static GX_CONST GX_UBYTE FONT_THEME_1_FONT_BOLD_24_1BPP_char_72[28] =
{
    0xf3, 0x80, 0xf7, 0x80, 0xff, 0x80, 0xff, 0x80, 0xf8, 0x00, 0xf0, 0x00, 0xf0, 
    0x00, 0xf0, 0x00, 0xf0, 0x00, 0xf0, 0x00, 0xf0, 0x00, 0xf0, 0x00, 0xf0, 0x00, 
    0xf0, 0x00
};
static GX_CONST GX_UBYTE FONT_THEME_1_FONT_BOLD_24_1BPP_char_73[28] =
{
    0x1f, 0x00, 0x7f, 0xc0, 0xff, 0xc0, 0xff, 0xe0, 0xf1, 0xe0, 0xf8, 0x00, 0x7f, 
    0x00, 0x1f, 0xc0, 0x03, 0xe0, 0xf1, 0xe0, 0xff, 0xe0, 0xff, 0xe0, 0x7f, 0xc0, 
    0x1f, 0x80
};
static GX_CONST GX_UBYTE FONT_THEME_1_FONT_BOLD_24_1BPP_char_74[17] =
{
    0x3c, 0x3c, 0x3c, 0xff, 0xff, 0xff, 0xff, 0x3c, 0x3c, 0x3c, 0x3c, 0x3c, 0x3c, 
    0x3f, 0x3f, 0x1f, 0x0f
};
static GX_CONST GX_UBYTE FONT_THEME_1_FONT_BOLD_24_1BPP_char_75[28] =
{
    0xf0, 0x78, 0xf0, 0x78, 0xf0, 0x78, 0xf0, 0x78, 0xf0, 0x78, 0xf0, 0x78, 0xf0, 
    0x78, 0xf0, 0x78, 0xf0, 0x78, 0xf8, 0xf8, 0xff, 0xf8, 0x7f, 0xf8, 0x7f, 0xf8, 
    0x1e, 0x78
};
static GX_CONST GX_UBYTE FONT_THEME_1_FONT_BOLD_24_1BPP_char_76[28] =
{
    0xf8, 0x3e, 0x78, 0x3c, 0x78, 0x3c, 0x7c, 0x7c, 0x3c, 0x78, 0x3c, 0x78, 0x3e, 
    0xf8, 0x1e, 0xf0, 0x1e, 0xf0, 0x1e, 0xf0, 0x0f, 0xe0, 0x0f, 0xe0, 0x0f, 0xe0, 
    0x07, 0xc0
};
static GX_CONST GX_UBYTE FONT_THEME_1_FONT_BOLD_24_1BPP_char_77[42] =
{
    0xf0, 0xf8, 0x78, 0xf0, 0xf8, 0x70, 0x78, 0xf8, 0xf0, 0x78, 0xfc, 0xf0, 0x79, 
    0xfc, 0xf0, 0x39, 0xdc, 0xe0, 0x39, 0xdc, 0xe0, 0x3d, 0xdd, 0xe0, 0x3f, 0xdf, 
    0xe0, 0x1f, 0x9f, 0xc0, 0x1f, 0x8f, 0xc0, 0x1f, 0x8f, 0xc0, 0x1f, 0x8f, 0xc0, 
    0x0f, 0x0f, 0x80
};
static GX_CONST GX_UBYTE FONT_THEME_1_FONT_BOLD_24_1BPP_char_78[28] =
{
    0xf8, 0x7c, 0x7c, 0x78, 0x3c, 0xf0, 0x3f, 0xf0, 0x1f, 0xe0, 0x0f, 0xc0, 0x0f, 
    0xc0, 0x0f, 0xc0, 0x0f, 0xc0, 0x1f, 0xe0, 0x3f, 0xf0, 0x3c, 0xf0, 0x7c, 0xf8, 
    0x78, 0x7c
};
static GX_CONST GX_UBYTE FONT_THEME_1_FONT_BOLD_24_1BPP_char_79[42] =
{
    0xf8, 0x1e, 0x78, 0x3e, 0x78, 0x3c, 0x7c, 0x3c, 0x3c, 0x78, 0x3c, 0x78, 0x1e, 
    0xf8, 0x1e, 0xf0, 0x1f, 0xf0, 0x0f, 0xe0, 0x0f, 0xe0, 0x07, 0xe0, 0x07, 0xc0, 
    0x07, 0xc0, 0x07, 0x80, 0x07, 0x80, 0x0f, 0x80, 0x0f, 0x00, 0x1f, 0x00, 0x1e, 
    0x00, 0x1e, 0x00
};
static GX_CONST GX_UBYTE FONT_THEME_1_FONT_BOLD_24_1BPP_char_7a[28] =
{
    0xff, 0xc0, 0xff, 0xc0, 0xff, 0xc0, 0xff, 0xc0, 0x07, 0x80, 0x0f, 0x00, 0x1f, 
    0x00, 0x3e, 0x00, 0x3c, 0x00, 0x78, 0x00, 0xff, 0xc0, 0xff, 0xc0, 0xff, 0xc0, 
    0xff, 0xc0
};
static GX_CONST GX_UBYTE FONT_THEME_1_FONT_BOLD_24_1BPP_char_7b[56] =
{
    0x0f, 0x80, 0x1f, 0x80, 0x3f, 0x80, 0x3f, 0x80, 0x3c, 0x00, 0x3c, 0x00, 0x3c, 
    0x00, 0x3c, 0x00, 0x3c, 0x00, 0x3c, 0x00, 0x3c, 0x00, 0x3c, 0x00, 0xfc, 0x00, 
    0xf8, 0x00, 0xf0, 0x00, 0xf8, 0x00, 0x7c, 0x00, 0x3c, 0x00, 0x3c, 0x00, 0x3c, 
    0x00, 0x3c, 0x00, 0x3c, 0x00, 0x3c, 0x00, 0x3c, 0x00, 0x3f, 0x80, 0x3f, 0x80, 
    0x1f, 0x80, 0x0f, 0x80
};
static GX_CONST GX_UBYTE FONT_THEME_1_FONT_BOLD_24_1BPP_char_7c[23] =
{
    0xf0, 0xf0, 0xf0, 0xf0, 0xf0, 0xf0, 0xf0, 0xf0, 0xf0, 0xf0, 0xf0, 0xf0, 0xf0, 
    0xf0, 0xf0, 0xf0, 0xf0, 0xf0, 0xf0, 0xf0, 0xf0, 0xf0, 0xf0
};
static GX_CONST GX_UBYTE FONT_THEME_1_FONT_BOLD_24_1BPP_char_7d[28] =
{
    0xf0, 0xf8, 0xfc, 0xfc, 0x3c, 0x3c, 0x3c, 0x3c, 0x3c, 0x3c, 0x3c, 0x3e, 0x3f, 
    0x1f, 0x0f, 0x1f, 0x3e, 0x3c, 0x3c, 0x3c, 0x3c, 0x3c, 0x3c, 0x3c, 0xfc, 0xfc, 
    0xf8, 0xf0
};
static GX_CONST GX_UBYTE FONT_THEME_1_FONT_BOLD_24_1BPP_char_7e[10] =
{
    0x3e, 0x3c, 0x7f, 0xf8, 0xff, 0xf8, 0xff, 0xf0, 0xe1, 0xe0
};
static GX_CONST GX_GLYPH THEME_1_FONT_BOLD_24_1BPP_FONT_PAGE_1_GLYPHS[95] =
{
    {FONT_THEME_1_FONT_BOLD_24_1BPP_char_20, 0, 0, 5, 0, 1, 1},
    {FONT_THEME_1_FONT_BOLD_24_1BPP_char_21, 18, 0, 9, 2, 5, 18},
    {FONT_THEME_1_FONT_BOLD_24_1BPP_char_22, 19, -14, 10, 1, 8, 5},
    {FONT_THEME_1_FONT_BOLD_24_1BPP_char_23, 19, 0, 22, 1, 20, 19},
    {FONT_THEME_1_FONT_BOLD_24_1BPP_char_24, 20, 2, 16, 1, 13, 22},
    {FONT_THEME_1_FONT_BOLD_24_1BPP_char_25, 17, 0, 21, 1, 19, 17},
    {FONT_THEME_1_FONT_BOLD_24_1BPP_char_26, 17, 0, 20, 1, 19, 17},
    {FONT_THEME_1_FONT_BOLD_24_1BPP_char_27, 19, -14, 5, 1, 3, 5},
    {FONT_THEME_1_FONT_BOLD_24_1BPP_char_28, 23, 5, 12, 2, 9, 28},
    {FONT_THEME_1_FONT_BOLD_24_1BPP_char_29, 23, 5, 12, 1, 9, 28},
    {FONT_THEME_1_FONT_BOLD_24_1BPP_char_2a, 18, -9, 13, 1, 9, 9},
    {FONT_THEME_1_FONT_BOLD_24_1BPP_char_2b, 15, -2, 14, 1, 12, 13},
    {FONT_THEME_1_FONT_BOLD_24_1BPP_char_2c, 4, 3, 7, 0, 5, 7},
    {FONT_THEME_1_FONT_BOLD_24_1BPP_char_2d, 11, -7, 14, 1, 11, 4},
    {FONT_THEME_1_FONT_BOLD_24_1BPP_char_2e, 5, 0, 7, 1, 5, 5},
    {FONT_THEME_1_FONT_BOLD_24_1BPP_char_2f, 23, 5, 11, 0, 11, 28},
    {FONT_THEME_1_FONT_BOLD_24_1BPP_char_30, 18, 0, 15, 1, 13, 18},
    {FONT_THEME_1_FONT_BOLD_24_1BPP_char_31, 18, 0, 9, 0, 7, 18},
    {FONT_THEME_1_FONT_BOLD_24_1BPP_char_32, 18, 0, 14, 1, 12, 18},
    {FONT_THEME_1_FONT_BOLD_24_1BPP_char_33, 19, 0, 14, 1, 12, 19},
    {FONT_THEME_1_FONT_BOLD_24_1BPP_char_34, 17, 0, 16, 1, 14, 17},
    {FONT_THEME_1_FONT_BOLD_24_1BPP_char_35, 18, 0, 15, 2, 12, 18},
    {FONT_THEME_1_FONT_BOLD_24_1BPP_char_36, 19, 0, 15, 1, 13, 19},
    {FONT_THEME_1_FONT_BOLD_24_1BPP_char_37, 18, 0, 14, 1, 12, 18},
    {FONT_THEME_1_FONT_BOLD_24_1BPP_char_38, 19, 0, 15, 1, 13, 19},
    {FONT_THEME_1_FONT_BOLD_24_1BPP_char_39, 19, 0, 14, 1, 12, 19},
    {FONT_THEME_1_FONT_BOLD_24_1BPP_char_3a, 14, 0, 7, 1, 5, 14},
    {FONT_THEME_1_FONT_BOLD_24_1BPP_char_3b, 14, 4, 9, 1, 5, 18},
    {FONT_THEME_1_FONT_BOLD_24_1BPP_char_3c, 14, -3, 13, 1, 10, 11},
    {FONT_THEME_1_FONT_BOLD_24_1BPP_char_3d, 14, -4, 17, 2, 13, 10},
    {FONT_THEME_1_FONT_BOLD_24_1BPP_char_3e, 14, -3, 13, 1, 10, 11},
    {FONT_THEME_1_FONT_BOLD_24_1BPP_char_3f, 19, 0, 13, 1, 11, 19},
    {FONT_THEME_1_FONT_BOLD_24_1BPP_char_40, 17, 6, 26, 2, 22, 23},
    {FONT_THEME_1_FONT_BOLD_24_1BPP_char_41, 17, 0, 18, 0, 17, 17},
    {FONT_THEME_1_FONT_BOLD_24_1BPP_char_42, 17, 0, 15, 1, 13, 17},
    {FONT_THEME_1_FONT_BOLD_24_1BPP_char_43, 17, 0, 18, 1, 16, 17},
    {FONT_THEME_1_FONT_BOLD_24_1BPP_char_44, 17, 0, 17, 1, 15, 17},
    {FONT_THEME_1_FONT_BOLD_24_1BPP_char_45, 17, 0, 13, 1, 11, 17},
    {FONT_THEME_1_FONT_BOLD_24_1BPP_char_46, 17, 0, 13, 1, 11, 17},
    {FONT_THEME_1_FONT_BOLD_24_1BPP_char_47, 17, 0, 19, 1, 17, 17},
    {FONT_THEME_1_FONT_BOLD_24_1BPP_char_48, 17, 0, 17, 1, 15, 17},
    {FONT_THEME_1_FONT_BOLD_24_1BPP_char_49, 17, 0, 7, 1, 4, 17},
    {FONT_THEME_1_FONT_BOLD_24_1BPP_char_4a, 17, 0, 14, 1, 11, 17},
    {FONT_THEME_1_FONT_BOLD_24_1BPP_char_4b, 17, 0, 16, 1, 15, 17},
    {FONT_THEME_1_FONT_BOLD_24_1BPP_char_4c, 17, 0, 11, 1, 10, 17},
    {FONT_THEME_1_FONT_BOLD_24_1BPP_char_4d, 17, 0, 22, 1, 19, 17},
    {FONT_THEME_1_FONT_BOLD_24_1BPP_char_4e, 17, 0, 18, 1, 15, 17},
    {FONT_THEME_1_FONT_BOLD_24_1BPP_char_4f, 17, 0, 19, 1, 17, 17},
    {FONT_THEME_1_FONT_BOLD_24_1BPP_char_50, 17, 0, 15, 1, 13, 17},
    {FONT_THEME_1_FONT_BOLD_24_1BPP_char_51, 17, 3, 19, 1, 18, 20},
    {FONT_THEME_1_FONT_BOLD_24_1BPP_char_52, 17, 0, 15, 1, 13, 17},
    {FONT_THEME_1_FONT_BOLD_24_1BPP_char_53, 17, 0, 15, 1, 13, 17},
    {FONT_THEME_1_FONT_BOLD_24_1BPP_char_54, 17, 0, 15, 1, 13, 17},
    {FONT_THEME_1_FONT_BOLD_24_1BPP_char_55, 17, 0, 17, 1, 14, 17},
    {FONT_THEME_1_FONT_BOLD_24_1BPP_char_56, 17, 0, 18, 0, 17, 17},
    {FONT_THEME_1_FONT_BOLD_24_1BPP_char_57, 17, 0, 25, 0, 24, 17},
    {FONT_THEME_1_FONT_BOLD_24_1BPP_char_58, 17, 0, 17, 0, 16, 17},
    {FONT_THEME_1_FONT_BOLD_24_1BPP_char_59, 17, 0, 16, 0, 16, 17},
    {FONT_THEME_1_FONT_BOLD_24_1BPP_char_5a, 17, 0, 14, 1, 12, 17},
    {FONT_THEME_1_FONT_BOLD_24_1BPP_char_5b, 23, 5, 12, 3, 7, 28},
    {FONT_THEME_1_FONT_BOLD_24_1BPP_char_5c, 23, 5, 19, 4, 11, 28},
    {FONT_THEME_1_FONT_BOLD_24_1BPP_char_5d, 23, 5, 13, 2, 8, 28},
    {FONT_THEME_1_FONT_BOLD_24_1BPP_char_5e, 18, -4, 17, 0, 15, 14},
    {FONT_THEME_1_FONT_BOLD_24_1BPP_char_5f, -1, 5, 19, 2, 15, 4},
    {FONT_THEME_1_FONT_BOLD_24_1BPP_char_60, 21, -14, 8, 1, 6, 6},
    {FONT_THEME_1_FONT_BOLD_24_1BPP_char_61, 14, 0, 17, 1, 14, 14},
    {FONT_THEME_1_FONT_BOLD_24_1BPP_char_62, 18, 0, 16, 1, 14, 18},
    {FONT_THEME_1_FONT_BOLD_24_1BPP_char_63, 14, 0, 15, 1, 13, 14},
    {FONT_THEME_1_FONT_BOLD_24_1BPP_char_64, 18, 0, 17, 1, 14, 18},
    {FONT_THEME_1_FONT_BOLD_24_1BPP_char_65, 14, 0, 15, 1, 13, 14},
    {FONT_THEME_1_FONT_BOLD_24_1BPP_char_66, 20, 0, 10, 1, 8, 20},
    {FONT_THEME_1_FONT_BOLD_24_1BPP_char_67, 14, 7, 17, 1, 14, 21},
    {FONT_THEME_1_FONT_BOLD_24_1BPP_char_68, 18, 0, 16, 1, 13, 18},
    {FONT_THEME_1_FONT_BOLD_24_1BPP_char_69, 20, 0, 7, 1, 5, 20},
    {FONT_THEME_1_FONT_BOLD_24_1BPP_char_6a, 20, 7, 7, -1, 7, 27},
    {FONT_THEME_1_FONT_BOLD_24_1BPP_char_6b, 18, 0, 14, 1, 13, 18},
    {FONT_THEME_1_FONT_BOLD_24_1BPP_char_6c, 18, 0, 7, 1, 4, 18},
    {FONT_THEME_1_FONT_BOLD_24_1BPP_char_6d, 14, 0, 25, 1, 22, 14},
    {FONT_THEME_1_FONT_BOLD_24_1BPP_char_6e, 14, 0, 16, 1, 13, 14},
    {FONT_THEME_1_FONT_BOLD_24_1BPP_char_6f, 14, 0, 16, 1, 14, 14},
    {FONT_THEME_1_FONT_BOLD_24_1BPP_char_70, 14, 7, 16, 1, 14, 21},
    {FONT_THEME_1_FONT_BOLD_24_1BPP_char_71, 14, 7, 17, 1, 14, 21},
    {FONT_THEME_1_FONT_BOLD_24_1BPP_char_72, 14, 0, 10, 1, 9, 14},
    {FONT_THEME_1_FONT_BOLD_24_1BPP_char_73, 14, 0, 13, 0, 11, 14},
    {FONT_THEME_1_FONT_BOLD_24_1BPP_char_74, 17, 0, 10, 1, 8, 17},
    {FONT_THEME_1_FONT_BOLD_24_1BPP_char_75, 14, 0, 16, 1, 13, 14},
    {FONT_THEME_1_FONT_BOLD_24_1BPP_char_76, 14, 0, 15, 0, 15, 14},
    {FONT_THEME_1_FONT_BOLD_24_1BPP_char_77, 14, 0, 21, 0, 21, 14},
    {FONT_THEME_1_FONT_BOLD_24_1BPP_char_78, 14, 0, 14, 0, 14, 14},
    {FONT_THEME_1_FONT_BOLD_24_1BPP_char_79, 14, 7, 15, -1, 15, 21},
    {FONT_THEME_1_FONT_BOLD_24_1BPP_char_7a, 14, 0, 12, 1, 10, 14},
    {FONT_THEME_1_FONT_BOLD_24_1BPP_char_7b, 23, 5, 12, 2, 9, 28},
    {FONT_THEME_1_FONT_BOLD_24_1BPP_char_7c, 20, 3, 7, 1, 4, 23},
    {FONT_THEME_1_FONT_BOLD_24_1BPP_char_7d, 23, 5, 12, 2, 8, 28},
    {FONT_THEME_1_FONT_BOLD_24_1BPP_char_7e, 10, -5, 15, 0, 14, 5}
};

static GX_CONST GX_FONT THEME_1_FONT_BOLD_24_1BPP = 
{
    GX_FONT_FORMAT_1BPP,                     /* format                         */
    0,                                       /* line pre-space                 */
    0,                                       /* line post-space                */ 
    30,                                      /* font data height               */
    23,                                      /* font baseline offset           */
    0x20,                                    /* first glyph within data page   */
    0x7e,                                    /* last glyph within data page    */
    {THEME_1_FONT_BOLD_24_1BPP_FONT_PAGE_1_GLYPHS},    /* pointer to glyph data */
    GX_NULL                                  /* next font page                 */
};


/* Font THEME_1_FONT_REGULAR_20_1BPP Data Definition                           */

static GX_CONST GX_UBYTE FONT_THEME_1_FONT_REGULAR_20_1BPP_char_20[1] =
{
    0x00
};
static GX_CONST GX_UBYTE FONT_THEME_1_FONT_REGULAR_20_1BPP_char_21[14] =
{
    0xc0, 0xc0, 0xc0, 0xc0, 0xc0, 0xc0, 0xc0, 0xc0, 0xc0, 0xc0, 0x00, 0x00, 0xc0, 
    0xc0
};
static GX_CONST GX_UBYTE FONT_THEME_1_FONT_REGULAR_20_1BPP_char_22[4] =
{
    0xf0, 0xf0, 0xf0, 0xf0
};
static GX_CONST GX_UBYTE FONT_THEME_1_FONT_REGULAR_20_1BPP_char_23[30] =
{
    0x06, 0x18, 0x06, 0x18, 0x06, 0x18, 0x04, 0x10, 0x7f, 0xfe, 0x7f, 0xfe, 0x0c, 
    0x30, 0x0c, 0x30, 0x08, 0x20, 0xff, 0xfc, 0xff, 0xfc, 0x18, 0x60, 0x10, 0x60, 
    0x30, 0x40, 0x30, 0xc0
};
static GX_CONST GX_UBYTE FONT_THEME_1_FONT_REGULAR_20_1BPP_char_24[36] =
{
    0x08, 0x00, 0x08, 0x00, 0x3e, 0x00, 0x7f, 0x00, 0xcb, 0x80, 0xc8, 0x00, 0xc8, 
    0x00, 0xe8, 0x00, 0x7c, 0x00, 0x1f, 0x00, 0x0b, 0x80, 0x09, 0x80, 0xc9, 0x80, 
    0xc9, 0x80, 0x7f, 0x00, 0x3e, 0x00, 0x08, 0x00, 0x08, 0x00
};
static GX_CONST GX_UBYTE FONT_THEME_1_FONT_REGULAR_20_1BPP_char_25[28] =
{
    0x78, 0x20, 0xfc, 0x60, 0xcc, 0xc0, 0xcc, 0xc0, 0xfd, 0x80, 0x79, 0x00, 0x03, 
    0x00, 0x02, 0x00, 0x06, 0x70, 0x04, 0xd8, 0x0d, 0x8c, 0x19, 0x8c, 0x11, 0xf8, 
    0x30, 0xf8
};
static GX_CONST GX_UBYTE FONT_THEME_1_FONT_REGULAR_20_1BPP_char_26[28] =
{
    0x0f, 0x00, 0x3f, 0x80, 0x31, 0x80, 0x30, 0x00, 0x30, 0x00, 0x18, 0x00, 0x3c, 
    0x00, 0x66, 0x18, 0xc3, 0x30, 0xc1, 0xe0, 0xc0, 0xe0, 0xc0, 0xe0, 0x7f, 0xb0, 
    0x3e, 0x18
};
static GX_CONST GX_UBYTE FONT_THEME_1_FONT_REGULAR_20_1BPP_char_27[4] =
{
    0xc0, 0xc0, 0xc0, 0xc0
};
static GX_CONST GX_UBYTE FONT_THEME_1_FONT_REGULAR_20_1BPP_char_28[22] =
{
    0x0c, 0x18, 0x30, 0x30, 0x60, 0x60, 0x60, 0xc0, 0xc0, 0xc0, 0xc0, 0xc0, 0xc0, 
    0xc0, 0xc0, 0xc0, 0x60, 0x60, 0x30, 0x30, 0x18, 0x0c
};
static GX_CONST GX_UBYTE FONT_THEME_1_FONT_REGULAR_20_1BPP_char_29[22] =
{
    0x60, 0x30, 0x38, 0x18, 0x0c, 0x0c, 0x0c, 0x04, 0x06, 0x06, 0x06, 0x06, 0x06, 
    0x06, 0x06, 0x0c, 0x0c, 0x0c, 0x18, 0x18, 0x30, 0x60
};
static GX_CONST GX_UBYTE FONT_THEME_1_FONT_REGULAR_20_1BPP_char_2a[7] =
{
    0x18, 0x12, 0xf6, 0x18, 0xf6, 0x52, 0x18
};
static GX_CONST GX_UBYTE FONT_THEME_1_FONT_REGULAR_20_1BPP_char_2b[20] =
{
    0x0c, 0x00, 0x0c, 0x00, 0x0c, 0x00, 0x0c, 0x00, 0xff, 0xc0, 0xff, 0xc0, 0x0c, 
    0x00, 0x0c, 0x00, 0x0c, 0x00, 0x0c, 0x00
};
static GX_CONST GX_UBYTE FONT_THEME_1_FONT_REGULAR_20_1BPP_char_2c[6] =
{
    0x60, 0x60, 0x60, 0x40, 0xc0, 0x80
};
static GX_CONST GX_UBYTE FONT_THEME_1_FONT_REGULAR_20_1BPP_char_2d[2] =
{
    0xff, 0xff
};
static GX_CONST GX_UBYTE FONT_THEME_1_FONT_REGULAR_20_1BPP_char_2e[2] =
{
    0xc0, 0xc0
};
static GX_CONST GX_UBYTE FONT_THEME_1_FONT_REGULAR_20_1BPP_char_2f[22] =
{
    0x06, 0x06, 0x06, 0x04, 0x0c, 0x0c, 0x0c, 0x08, 0x18, 0x18, 0x18, 0x10, 0x30, 
    0x30, 0x30, 0x20, 0x60, 0x60, 0x60, 0x40, 0xc0, 0xc0
};
static GX_CONST GX_UBYTE FONT_THEME_1_FONT_REGULAR_20_1BPP_char_30[30] =
{
    0x1e, 0x00, 0x7f, 0x80, 0x61, 0x80, 0xc0, 0xc0, 0xc0, 0xc0, 0xc0, 0xc0, 0xc0, 
    0xc0, 0xc0, 0xc0, 0xc0, 0xc0, 0xc0, 0xc0, 0xc0, 0xc0, 0xc0, 0xc0, 0x61, 0x80, 
    0x7f, 0x80, 0x1e, 0x00
};
static GX_CONST GX_UBYTE FONT_THEME_1_FONT_REGULAR_20_1BPP_char_31[15] =
{
    0xf0, 0xf0, 0x30, 0x30, 0x30, 0x30, 0x30, 0x30, 0x30, 0x30, 0x30, 0x30, 0x30, 
    0x30, 0x30
};
static GX_CONST GX_UBYTE FONT_THEME_1_FONT_REGULAR_20_1BPP_char_32[30] =
{
    0x3e, 0x00, 0x7f, 0x00, 0xe1, 0x80, 0xc1, 0x80, 0xc1, 0x80, 0x01, 0x80, 0x01, 
    0x80, 0x03, 0x00, 0x07, 0x00, 0x0e, 0x00, 0x0c, 0x00, 0x38, 0x00, 0x70, 0x00, 
    0xff, 0xc0, 0xff, 0xc0
};
static GX_CONST GX_UBYTE FONT_THEME_1_FONT_REGULAR_20_1BPP_char_33[30] =
{
    0x3e, 0x00, 0x7f, 0x00, 0xc1, 0x80, 0xc1, 0x80, 0x01, 0x80, 0x03, 0x00, 0x1f, 
    0x00, 0x1e, 0x00, 0x03, 0x00, 0x01, 0x80, 0x01, 0x80, 0xc1, 0x80, 0xc1, 0x80, 
    0x7f, 0x00, 0x3e, 0x00
};
static GX_CONST GX_UBYTE FONT_THEME_1_FONT_REGULAR_20_1BPP_char_34[28] =
{
    0x03, 0x80, 0x03, 0x80, 0x07, 0x80, 0x0d, 0x80, 0x09, 0x80, 0x19, 0x80, 0x31, 
    0x80, 0x61, 0x80, 0x61, 0x80, 0xff, 0xe0, 0xff, 0xe0, 0x01, 0x80, 0x01, 0x80, 
    0x01, 0x80
};
static GX_CONST GX_UBYTE FONT_THEME_1_FONT_REGULAR_20_1BPP_char_35[30] =
{
    0xff, 0x80, 0xff, 0x80, 0xc0, 0x00, 0xc0, 0x00, 0xc0, 0x00, 0xcc, 0x00, 0xff, 
    0x00, 0xe1, 0x80, 0xc0, 0xc0, 0x00, 0xc0, 0x00, 0xc0, 0xc0, 0xc0, 0xc1, 0x80, 
    0x7f, 0x80, 0x3e, 0x00
};
static GX_CONST GX_UBYTE FONT_THEME_1_FONT_REGULAR_20_1BPP_char_36[30] =
{
    0x1e, 0x00, 0x3f, 0x80, 0x61, 0x80, 0xc0, 0x80, 0xc0, 0x00, 0xc4, 0x00, 0xdf, 
    0x80, 0xe1, 0x80, 0xc0, 0xc0, 0xc0, 0xc0, 0xc0, 0xc0, 0xc0, 0xc0, 0x61, 0xc0, 
    0x7f, 0x80, 0x1f, 0x00
};
static GX_CONST GX_UBYTE FONT_THEME_1_FONT_REGULAR_20_1BPP_char_37[30] =
{
    0xff, 0x80, 0xff, 0x80, 0x01, 0x80, 0x01, 0x00, 0x03, 0x00, 0x02, 0x00, 0x06, 
    0x00, 0x06, 0x00, 0x04, 0x00, 0x0c, 0x00, 0x08, 0x00, 0x18, 0x00, 0x18, 0x00, 
    0x10, 0x00, 0x30, 0x00
};
static GX_CONST GX_UBYTE FONT_THEME_1_FONT_REGULAR_20_1BPP_char_38[30] =
{
    0x3f, 0x00, 0x7f, 0x80, 0xe1, 0xc0, 0xc0, 0xc0, 0xc0, 0xc0, 0x61, 0x80, 0x7f, 
    0x80, 0x3f, 0x00, 0x61, 0x80, 0xc0, 0xc0, 0xc0, 0xc0, 0xc0, 0xc0, 0xe1, 0xc0, 
    0x7f, 0x80, 0x3f, 0x00
};
static GX_CONST GX_UBYTE FONT_THEME_1_FONT_REGULAR_20_1BPP_char_39[30] =
{
    0x3e, 0x00, 0x7f, 0x80, 0xe1, 0x80, 0xc0, 0xc0, 0xc0, 0xc0, 0xc0, 0xc0, 0xc0, 
    0xc0, 0xe1, 0xc0, 0x7f, 0xc0, 0x3e, 0xc0, 0x00, 0xc0, 0xc0, 0xc0, 0x61, 0x80, 
    0x7f, 0x80, 0x1e, 0x00
};
static GX_CONST GX_UBYTE FONT_THEME_1_FONT_REGULAR_20_1BPP_char_3a[11] =
{
    0xc0, 0xc0, 0x00, 0x00, 0x00, 0x00, 0x00, 0x00, 0x00, 0xc0, 0xc0
};
static GX_CONST GX_UBYTE FONT_THEME_1_FONT_REGULAR_20_1BPP_char_3b[13] =
{
    0x60, 0x60, 0x00, 0x00, 0x00, 0x00, 0x00, 0x00, 0x60, 0x40, 0x40, 0x40, 0x80

};
static GX_CONST GX_UBYTE FONT_THEME_1_FONT_REGULAR_20_1BPP_char_3c[9] =
{
    0x0c, 0x18, 0x30, 0x60, 0xc0, 0x60, 0x30, 0x18, 0x0c
};
static GX_CONST GX_UBYTE FONT_THEME_1_FONT_REGULAR_20_1BPP_char_3d[12] =
{
    0xff, 0xc0, 0xff, 0xc0, 0x00, 0x00, 0x00, 0x00, 0xff, 0xc0, 0xff, 0xc0
};
static GX_CONST GX_UBYTE FONT_THEME_1_FONT_REGULAR_20_1BPP_char_3e[9] =
{
    0xe0, 0x70, 0x18, 0x0c, 0x06, 0x0c, 0x18, 0x70, 0xe0
};
static GX_CONST GX_UBYTE FONT_THEME_1_FONT_REGULAR_20_1BPP_char_3f[28] =
{
    0x3e, 0x00, 0x7f, 0x00, 0xc1, 0x80, 0xc1, 0x80, 0x01, 0x80, 0x03, 0x80, 0x3f, 
    0x00, 0x3e, 0x00, 0x30, 0x00, 0x30, 0x00, 0x00, 0x00, 0x00, 0x00, 0x30, 0x00, 
    0x30, 0x00
};
static GX_CONST GX_UBYTE FONT_THEME_1_FONT_REGULAR_20_1BPP_char_40[51] =
{
    0x01, 0xfc, 0x00, 0x07, 0xfe, 0x00, 0x1c, 0x03, 0x00, 0x38, 0x01, 0x80, 0x31, 
    0xe8, 0xc0, 0x63, 0xf8, 0xc0, 0x66, 0x18, 0xc0, 0xcc, 0x18, 0xc0, 0xcc, 0x18, 
    0xc0, 0xcc, 0x10, 0x80, 0xcc, 0x31, 0x80, 0xce, 0x7b, 0x00, 0xc7, 0x8e, 0x00, 
    0x60, 0x00, 0x00, 0x70, 0x00, 0x00, 0x3f, 0xe0, 0x00, 0x0f, 0xc0, 0x00
};
static GX_CONST GX_UBYTE FONT_THEME_1_FONT_REGULAR_20_1BPP_char_41[28] =
{
    0x06, 0x00, 0x0e, 0x00, 0x0f, 0x00, 0x1b, 0x00, 0x1b, 0x00, 0x19, 0x80, 0x31, 
    0x80, 0x31, 0x80, 0x30, 0xc0, 0x60, 0xc0, 0x7f, 0xe0, 0x60, 0x60, 0xc0, 0x60, 
    0xc0, 0x30
};
static GX_CONST GX_UBYTE FONT_THEME_1_FONT_REGULAR_20_1BPP_char_42[28] =
{
    0xfe, 0x00, 0xff, 0x00, 0xc1, 0x80, 0xc1, 0x80, 0xc1, 0x80, 0xc3, 0x00, 0xfe, 
    0x00, 0xff, 0x00, 0xc1, 0x80, 0xc0, 0xc0, 0xc0, 0xc0, 0xc0, 0xc0, 0xff, 0x80, 
    0xff, 0x00
};
static GX_CONST GX_UBYTE FONT_THEME_1_FONT_REGULAR_20_1BPP_char_43[28] =
{
    0x0f, 0xc0, 0x1f, 0xf0, 0x30, 0x38, 0x60, 0x18, 0xc0, 0x00, 0xc0, 0x00, 0xc0, 
    0x00, 0xc0, 0x00, 0xc0, 0x00, 0xc0, 0x00, 0x60, 0x18, 0x70, 0x38, 0x3f, 0xf0, 
    0x0f, 0xc0
};
static GX_CONST GX_UBYTE FONT_THEME_1_FONT_REGULAR_20_1BPP_char_44[28] =
{
    0xff, 0x00, 0xff, 0x80, 0xc0, 0xc0, 0xc0, 0x60, 0xc0, 0x20, 0xc0, 0x30, 0xc0, 
    0x30, 0xc0, 0x30, 0xc0, 0x30, 0xc0, 0x30, 0xc0, 0x60, 0xc0, 0xc0, 0xff, 0x80, 
    0xff, 0x00
};
static GX_CONST GX_UBYTE FONT_THEME_1_FONT_REGULAR_20_1BPP_char_45[14] =
{
    0xff, 0xff, 0xc0, 0xc0, 0xc0, 0xc0, 0xfe, 0xfe, 0xc0, 0xc0, 0xc0, 0xc0, 0xff, 
    0xff
};
static GX_CONST GX_UBYTE FONT_THEME_1_FONT_REGULAR_20_1BPP_char_46[14] =
{
    0xff, 0xff, 0xc0, 0xc0, 0xc0, 0xc0, 0xfe, 0xfe, 0xc0, 0xc0, 0xc0, 0xc0, 0xc0, 
    0xc0
};
static GX_CONST GX_UBYTE FONT_THEME_1_FONT_REGULAR_20_1BPP_char_47[28] =
{
    0x0f, 0xc0, 0x1f, 0xf0, 0x30, 0x38, 0x60, 0x18, 0xc0, 0x00, 0xc0, 0x00, 0xc3, 
    0xfc, 0xc3, 0xfc, 0xc0, 0x0c, 0xc0, 0x0c, 0x60, 0x18, 0x30, 0x38, 0x1f, 0xf0, 
    0x0f, 0xc0
};
static GX_CONST GX_UBYTE FONT_THEME_1_FONT_REGULAR_20_1BPP_char_48[28] =
{
    0xc0, 0x60, 0xc0, 0x60, 0xc0, 0x60, 0xc0, 0x60, 0xc0, 0x60, 0xc0, 0x60, 0xff, 
    0xe0, 0xff, 0xe0, 0xc0, 0x60, 0xc0, 0x60, 0xc0, 0x60, 0xc0, 0x60, 0xc0, 0x60, 
    0xc0, 0x60
};
static GX_CONST GX_UBYTE FONT_THEME_1_FONT_REGULAR_20_1BPP_char_49[14] =
{
    0xc0, 0xc0, 0xc0, 0xc0, 0xc0, 0xc0, 0xc0, 0xc0, 0xc0, 0xc0, 0xc0, 0xc0, 0xc0, 
    0xc0
};
static GX_CONST GX_UBYTE FONT_THEME_1_FONT_REGULAR_20_1BPP_char_4a[14] =
{
    0x03, 0x03, 0x03, 0x03, 0x03, 0x03, 0x03, 0x03, 0x03, 0x03, 0xc3, 0xc3, 0x7e, 
    0x3c
};
static GX_CONST GX_UBYTE FONT_THEME_1_FONT_REGULAR_20_1BPP_char_4b[28] =
{
    0xc1, 0x80, 0xc3, 0x80, 0xc7, 0x00, 0xce, 0x00, 0xcc, 0x00, 0xd8, 0x00, 0xf0, 
    0x00, 0xf0, 0x00, 0xd8, 0x00, 0xcc, 0x00, 0xce, 0x00, 0xc7, 0x00, 0xc3, 0x80, 
    0xc1, 0xc0
};
static GX_CONST GX_UBYTE FONT_THEME_1_FONT_REGULAR_20_1BPP_char_4c[14] =
{
    0xc0, 0xc0, 0xc0, 0xc0, 0xc0, 0xc0, 0xc0, 0xc0, 0xc0, 0xc0, 0xc0, 0xc0, 0xc0, 
    0xfe
};
static GX_CONST GX_UBYTE FONT_THEME_1_FONT_REGULAR_20_1BPP_char_4d[28] =
{
    0xc0, 0x0c, 0xe0, 0x1c, 0xe0, 0x1c, 0xf0, 0x3c, 0xf0, 0x3c, 0xd0, 0x2c, 0xd8, 
    0x6c, 0xc8, 0x4c, 0xcc, 0xcc, 0xcc, 0xcc, 0xc7, 0x8c, 0xc7, 0x8c, 0xc3, 0x0c, 
    0xc3, 0x0c
};
static GX_CONST GX_UBYTE FONT_THEME_1_FONT_REGULAR_20_1BPP_char_4e[28] =
{
    0xc0, 0x60, 0xe0, 0x60, 0xf0, 0x60, 0xf0, 0x60, 0xd8, 0x60, 0xc8, 0x60, 0xcc, 
    0x60, 0xc6, 0x60, 0xc2, 0x60, 0xc3, 0x60, 0xc1, 0xe0, 0xc1, 0xe0, 0xc0, 0xe0, 
    0xc0, 0x60
};
static GX_CONST GX_UBYTE FONT_THEME_1_FONT_REGULAR_20_1BPP_char_4f[28] =
{
    0x0f, 0xc0, 0x1f, 0xe0, 0x30, 0x30, 0x60, 0x18, 0xc0, 0x0c, 0xc0, 0x0c, 0xc0, 
    0x0c, 0xc0, 0x0c, 0xc0, 0x0c, 0xc0, 0x0c, 0x60, 0x18, 0x30, 0x30, 0x1f, 0xe0, 
    0x0f, 0xc0
};
static GX_CONST GX_UBYTE FONT_THEME_1_FONT_REGULAR_20_1BPP_char_50[28] =
{
    0xfe, 0x00, 0xff, 0x00, 0xc1, 0x80, 0xc1, 0x80, 0xc1, 0x80, 0xc1, 0x80, 0xc3, 
    0x00, 0xff, 0x00, 0xfc, 0x00, 0xc0, 0x00, 0xc0, 0x00, 0xc0, 0x00, 0xc0, 0x00, 
    0xc0, 0x00
};
static GX_CONST GX_UBYTE FONT_THEME_1_FONT_REGULAR_20_1BPP_char_51[34] =
{
    0x0f, 0xc0, 0x1f, 0xe0, 0x30, 0x30, 0x60, 0x18, 0xc0, 0x0c, 0xc0, 0x0c, 0xc0, 
    0x0c, 0xc0, 0x0c, 0xc0, 0x0c, 0xc0, 0x0c, 0x60, 0x18, 0x30, 0x30, 0x1f, 0xe0, 
    0x0f, 0xe0, 0x00, 0x30, 0x00, 0x18, 0x00, 0x0c
};
static GX_CONST GX_UBYTE FONT_THEME_1_FONT_REGULAR_20_1BPP_char_52[28] =
{
    0xfe, 0x00, 0xff, 0x00, 0xc1, 0x80, 0xc1, 0x80, 0xc1, 0x80, 0xc1, 0x80, 0xc3, 
    0x00, 0xff, 0x00, 0xfc, 0x00, 0xcc, 0x00, 0xc6, 0x00, 0xc3, 0x00, 0xc3, 0x00, 
    0xc1, 0x80
};
static GX_CONST GX_UBYTE FONT_THEME_1_FONT_REGULAR_20_1BPP_char_53[28] =
{
    0x3e, 0x00, 0x7f, 0x80, 0xc1, 0x80, 0xc0, 0xc0, 0xc0, 0x00, 0xe0, 0x00, 0x7c, 
    0x00, 0x0f, 0x80, 0x01, 0x80, 0x00, 0xc0, 0xc0, 0xc0, 0xc1, 0xc0, 0x7f, 0x80, 
    0x3f, 0x00
};
static GX_CONST GX_UBYTE FONT_THEME_1_FONT_REGULAR_20_1BPP_char_54[28] =
{
    0xff, 0x80, 0xff, 0x80, 0x0c, 0x00, 0x0c, 0x00, 0x0c, 0x00, 0x0c, 0x00, 0x0c, 
    0x00, 0x0c, 0x00, 0x0c, 0x00, 0x0c, 0x00, 0x0c, 0x00, 0x0c, 0x00, 0x0c, 0x00, 
    0x0c, 0x00
};
static GX_CONST GX_UBYTE FONT_THEME_1_FONT_REGULAR_20_1BPP_char_55[28] =
{
    0xc0, 0x60, 0xc0, 0x60, 0xc0, 0x60, 0xc0, 0x60, 0xc0, 0x60, 0xc0, 0x60, 0xc0, 
    0x60, 0xc0, 0x60, 0xc0, 0x60, 0xc0, 0x60, 0xc0, 0x60, 0x60, 0xc0, 0x7f, 0x80, 
    0x1f, 0x00
};
static GX_CONST GX_UBYTE FONT_THEME_1_FONT_REGULAR_20_1BPP_char_56[28] =
{
    0x60, 0x18, 0x60, 0x18, 0x60, 0x30, 0x30, 0x30, 0x30, 0x60, 0x10, 0x60, 0x18, 
    0x60, 0x18, 0xc0, 0x08, 0xc0, 0x0c, 0xc0, 0x0d, 0x80, 0x07, 0x80, 0x07, 0x00, 
    0x03, 0x00
};
static GX_CONST GX_UBYTE FONT_THEME_1_FONT_REGULAR_20_1BPP_char_57[42] =
{
    0x60, 0x60, 0x60, 0x60, 0xe0, 0x60, 0x60, 0xf0, 0xc0, 0x60, 0xf0, 0xc0, 0x30, 
    0xb0, 0xc0, 0x31, 0x90, 0x80, 0x31, 0x99, 0x80, 0x11, 0x19, 0x80, 0x1b, 0x19, 
    0x80, 0x1b, 0x09, 0x00, 0x1a, 0x0f, 0x00, 0x0a, 0x0f, 0x00, 0x0e, 0x06, 0x00, 
    0x0e, 0x06, 0x00
};
static GX_CONST GX_UBYTE FONT_THEME_1_FONT_REGULAR_20_1BPP_char_58[28] =
{
    0xc0, 0xc0, 0x60, 0xc0, 0x61, 0x80, 0x33, 0x00, 0x1b, 0x00, 0x1e, 0x00, 0x0e, 
    0x00, 0x0e, 0x00, 0x1e, 0x00, 0x1b, 0x00, 0x33, 0x00, 0x61, 0x80, 0x60, 0xc0, 
    0xc0, 0xc0
};
static GX_CONST GX_UBYTE FONT_THEME_1_FONT_REGULAR_20_1BPP_char_59[28] =
{
    0x60, 0x60, 0x60, 0x60, 0x30, 0xc0, 0x30, 0xc0, 0x19, 0x80, 0x19, 0x80, 0x0f, 
    0x00, 0x0f, 0x00, 0x06, 0x00, 0x06, 0x00, 0x06, 0x00, 0x06, 0x00, 0x06, 0x00, 
    0x06, 0x00
};
static GX_CONST GX_UBYTE FONT_THEME_1_FONT_REGULAR_20_1BPP_char_5a[28] =
{
    0xff, 0x80, 0xff, 0x80, 0x03, 0x00, 0x03, 0x00, 0x06, 0x00, 0x0c, 0x00, 0x0c, 
    0x00, 0x18, 0x00, 0x38, 0x00, 0x30, 0x00, 0x60, 0x00, 0x60, 0x00, 0xff, 0x80, 
    0xff, 0x80
};
static GX_CONST GX_UBYTE FONT_THEME_1_FONT_REGULAR_20_1BPP_char_5b[22] =
{
    0xf0, 0xf0, 0xc0, 0xc0, 0xc0, 0xc0, 0xc0, 0xc0, 0xc0, 0xc0, 0xc0, 0xc0, 0xc0, 
    0xc0, 0xc0, 0xc0, 0xc0, 0xc0, 0xc0, 0xc0, 0xf0, 0xf0
};
static GX_CONST GX_UBYTE FONT_THEME_1_FONT_REGULAR_20_1BPP_char_5c[22] =
{
    0xc0, 0xc0, 0xc0, 0x40, 0x60, 0x60, 0x60, 0x30, 0x30, 0x30, 0x10, 0x18, 0x18, 
    0x18, 0x0c, 0x0c, 0x0c, 0x04, 0x06, 0x06, 0x06, 0x03
};
static GX_CONST GX_UBYTE FONT_THEME_1_FONT_REGULAR_20_1BPP_char_5d[22] =
{
    0xf0, 0xf0, 0x30, 0x30, 0x30, 0x30, 0x30, 0x30, 0x30, 0x30, 0x30, 0x30, 0x30, 
    0x30, 0x30, 0x30, 0x30, 0x30, 0x30, 0x30, 0xf0, 0xf0
};
static GX_CONST GX_UBYTE FONT_THEME_1_FONT_REGULAR_20_1BPP_char_5e[22] =
{
    0x0c, 0x00, 0x0e, 0x00, 0x0e, 0x00, 0x1a, 0x00, 0x1b, 0x00, 0x31, 0x00, 0x31, 
    0x80, 0x61, 0x80, 0x60, 0xc0, 0xc0, 0xc0, 0xc0, 0x60
};
static GX_CONST GX_UBYTE FONT_THEME_1_FONT_REGULAR_20_1BPP_char_5f[4] =
{
    0xff, 0xe0, 0xff, 0xe0
};
static GX_CONST GX_UBYTE FONT_THEME_1_FONT_REGULAR_20_1BPP_char_60[3] =
{
    0xc0, 0x70, 0x18
};
static GX_CONST GX_UBYTE FONT_THEME_1_FONT_REGULAR_20_1BPP_char_61[22] =
{
    0x1e, 0x60, 0x7f, 0xe0, 0x60, 0xe0, 0xc0, 0x60, 0xc0, 0x60, 0xc0, 0x60, 0xc0, 
    0x60, 0xc0, 0x60, 0x60, 0xe0, 0x7f, 0xe0, 0x1e, 0x60
};
static GX_CONST GX_UBYTE FONT_THEME_1_FONT_REGULAR_20_1BPP_char_62[30] =
{
    0xc0, 0x00, 0xc0, 0x00, 0xc0, 0x00, 0xc0, 0x00, 0xcf, 0x00, 0xff, 0xc0, 0xe0, 
    0xc0, 0xc0, 0x60, 0xc0, 0x60, 0xc0, 0x60, 0xc0, 0x60, 0xc0, 0x60, 0xe0, 0xc0, 
    0xff, 0x80, 0xcf, 0x00
};
static GX_CONST GX_UBYTE FONT_THEME_1_FONT_REGULAR_20_1BPP_char_63[22] =
{
    0x1f, 0x00, 0x7f, 0x80, 0x60, 0xc0, 0xc0, 0xc0, 0xc0, 0x00, 0xc0, 0x00, 0xc0, 
    0x00, 0xc0, 0xc0, 0x60, 0xc0, 0x7f, 0x80, 0x1f, 0x00
};
static GX_CONST GX_UBYTE FONT_THEME_1_FONT_REGULAR_20_1BPP_char_64[30] =
{
    0x00, 0x60, 0x00, 0x60, 0x00, 0x60, 0x00, 0x60, 0x1e, 0x60, 0x7f, 0xe0, 0x60, 
    0xe0, 0xc0, 0x60, 0xc0, 0x60, 0xc0, 0x60, 0xc0, 0x60, 0xc0, 0x60, 0x60, 0xe0, 
    0x7f, 0xe0, 0x1e, 0x60
};
static GX_CONST GX_UBYTE FONT_THEME_1_FONT_REGULAR_20_1BPP_char_65[22] =
{
    0x1f, 0x00, 0x3f, 0x80, 0x60, 0xc0, 0xc0, 0x60, 0xff, 0xe0, 0xff, 0xe0, 0xc0, 
    0x00, 0xc0, 0x60, 0x60, 0xc0, 0x3f, 0x80, 0x1f, 0x00
};
static GX_CONST GX_UBYTE FONT_THEME_1_FONT_REGULAR_20_1BPP_char_66[15] =
{
    0x38, 0x78, 0x60, 0x60, 0xf8, 0xf8, 0x60, 0x60, 0x60, 0x60, 0x60, 0x60, 0x60, 
    0x60, 0x60
};
static GX_CONST GX_UBYTE FONT_THEME_1_FONT_REGULAR_20_1BPP_char_67[32] =
{
    0x1e, 0x60, 0x7f, 0xe0, 0x60, 0xe0, 0xc0, 0x60, 0xc0, 0x60, 0xc0, 0x60, 0xc0, 
    0x60, 0xc0, 0x60, 0x60, 0xe0, 0x7f, 0xe0, 0x1e, 0x60, 0x00, 0x60, 0x40, 0x60, 
    0x60, 0xc0, 0x3f, 0xc0, 0x1f, 0x00
};
static GX_CONST GX_UBYTE FONT_THEME_1_FONT_REGULAR_20_1BPP_char_68[30] =
{
    0xc0, 0x00, 0xc0, 0x00, 0xc0, 0x00, 0xc0, 0x00, 0xdf, 0x00, 0xff, 0x80, 0xe1, 
    0x80, 0xc0, 0xc0, 0xc0, 0xc0, 0xc0, 0xc0, 0xc0, 0xc0, 0xc0, 0xc0, 0xc0, 0xc0, 
    0xc0, 0xc0, 0xc0, 0xc0
};
static GX_CONST GX_UBYTE FONT_THEME_1_FONT_REGULAR_20_1BPP_char_69[15] =
{
    0xc0, 0xc0, 0x00, 0x00, 0xc0, 0xc0, 0xc0, 0xc0, 0xc0, 0xc0, 0xc0, 0xc0, 0xc0, 
    0xc0, 0xc0
};
static GX_CONST GX_UBYTE FONT_THEME_1_FONT_REGULAR_20_1BPP_char_6a[20] =
{
    0x30, 0x30, 0x00, 0x00, 0x30, 0x30, 0x30, 0x30, 0x30, 0x30, 0x30, 0x30, 0x30, 
    0x30, 0x30, 0x30, 0x30, 0x30, 0xf0, 0xe0
};
static GX_CONST GX_UBYTE FONT_THEME_1_FONT_REGULAR_20_1BPP_char_6b[30] =
{
    0xc0, 0x00, 0xc0, 0x00, 0xc0, 0x00, 0xc0, 0x00, 0xc3, 0x00, 0xc6, 0x00, 0xcc, 
    0x00, 0xd8, 0x00, 0xf0, 0x00, 0xe0, 0x00, 0xf0, 0x00, 0xd8, 0x00, 0xcc, 0x00, 
    0xc6, 0x00, 0xc3, 0x00
};
static GX_CONST GX_UBYTE FONT_THEME_1_FONT_REGULAR_20_1BPP_char_6c[15] =
{
    0xc0, 0xc0, 0xc0, 0xc0, 0xc0, 0xc0, 0xc0, 0xc0, 0xc0, 0xc0, 0xc0, 0xc0, 0xc0, 
    0xc0, 0xc0
};
static GX_CONST GX_UBYTE FONT_THEME_1_FONT_REGULAR_20_1BPP_char_6d[33] =
{
    0xdf, 0x1f, 0x00, 0xff, 0xbf, 0x80, 0xe1, 0xe1, 0x80, 0xc0, 0xc0, 0xc0, 0xc0, 
    0xc0, 0xc0, 0xc0, 0xc0, 0xc0, 0xc0, 0xc0, 0xc0, 0xc0, 0xc0, 0xc0, 0xc0, 0xc0, 
    0xc0, 0xc0, 0xc0, 0xc0, 0xc0, 0xc0, 0xc0
};
static GX_CONST GX_UBYTE FONT_THEME_1_FONT_REGULAR_20_1BPP_char_6e[22] =
{
    0xdf, 0x00, 0xff, 0x80, 0xe1, 0x80, 0xc0, 0xc0, 0xc0, 0xc0, 0xc0, 0xc0, 0xc0, 
    0xc0, 0xc0, 0xc0, 0xc0, 0xc0, 0xc0, 0xc0, 0xc0, 0xc0
};
static GX_CONST GX_UBYTE FONT_THEME_1_FONT_REGULAR_20_1BPP_char_6f[22] =
{
    0x1f, 0x00, 0x3f, 0x80, 0x60, 0xc0, 0xc0, 0x60, 0xc0, 0x60, 0xc0, 0x60, 0xc0, 
    0x60, 0xc0, 0x60, 0x60, 0xc0, 0x3f, 0x80, 0x1f, 0x00
};
static GX_CONST GX_UBYTE FONT_THEME_1_FONT_REGULAR_20_1BPP_char_70[32] =
{
    0xcf, 0x00, 0xff, 0xc0, 0xe0, 0xc0, 0xc0, 0x60, 0xc0, 0x60, 0xc0, 0x60, 0xc0, 
    0x60, 0xc0, 0x60, 0xe0, 0xc0, 0xff, 0x80, 0xcf, 0x00, 0xc0, 0x00, 0xc0, 0x00, 
    0xc0, 0x00, 0xc0, 0x00, 0xc0, 0x00
};
static GX_CONST GX_UBYTE FONT_THEME_1_FONT_REGULAR_20_1BPP_char_71[32] =
{
    0x1e, 0x60, 0x7f, 0xe0, 0x60, 0xe0, 0xc0, 0x60, 0xc0, 0x60, 0xc0, 0x60, 0xc0, 
    0x60, 0xc0, 0x60, 0x60, 0xe0, 0x7f, 0xe0, 0x1e, 0x60, 0x00, 0x60, 0x00, 0x60, 
    0x00, 0x60, 0x00, 0x60, 0x00, 0x60
};
static GX_CONST GX_UBYTE FONT_THEME_1_FONT_REGULAR_20_1BPP_char_72[11] =
{
    0xdc, 0xfc, 0xe0, 0xc0, 0xc0, 0xc0, 0xc0, 0xc0, 0xc0, 0xc0, 0xc0
};
static GX_CONST GX_UBYTE FONT_THEME_1_FONT_REGULAR_20_1BPP_char_73[22] =
{
    0x3e, 0x00, 0x7f, 0x00, 0xc1, 0x80, 0xc0, 0x00, 0x60, 0x00, 0x3e, 0x00, 0x07, 
    0x00, 0x01, 0x80, 0xc1, 0x80, 0x7f, 0x00, 0x3e, 0x00
};
static GX_CONST GX_UBYTE FONT_THEME_1_FONT_REGULAR_20_1BPP_char_74[14] =
{
    0x60, 0x60, 0x60, 0xfc, 0xfc, 0x60, 0x60, 0x60, 0x60, 0x60, 0x60, 0x60, 0x7c, 
    0x3c
};
static GX_CONST GX_UBYTE FONT_THEME_1_FONT_REGULAR_20_1BPP_char_75[22] =
{
    0xc0, 0xc0, 0xc0, 0xc0, 0xc0, 0xc0, 0xc0, 0xc0, 0xc0, 0xc0, 0xc0, 0xc0, 0xc0, 
    0xc0, 0xc0, 0xc0, 0xe1, 0xc0, 0x7f, 0xc0, 0x3e, 0xc0
};
static GX_CONST GX_UBYTE FONT_THEME_1_FONT_REGULAR_20_1BPP_char_76[22] =
{
    0xc0, 0x60, 0x60, 0xc0, 0x60, 0xc0, 0x30, 0xc0, 0x31, 0x80, 0x31, 0x80, 0x19, 
    0x00, 0x1b, 0x00, 0x0b, 0x00, 0x0e, 0x00, 0x0e, 0x00
};
static GX_CONST GX_UBYTE FONT_THEME_1_FONT_REGULAR_20_1BPP_char_77[22] =
{
    0xc1, 0x83, 0x61, 0xc3, 0x61, 0xc2, 0x63, 0x46, 0x23, 0x66, 0x32, 0x64, 0x36, 
    0x64, 0x16, 0x2c, 0x14, 0x3c, 0x1c, 0x38, 0x0c, 0x18
};
static GX_CONST GX_UBYTE FONT_THEME_1_FONT_REGULAR_20_1BPP_char_78[22] =
{
    0x61, 0x80, 0x63, 0x00, 0x33, 0x00, 0x3e, 0x00, 0x1c, 0x00, 0x0c, 0x00, 0x1c, 
    0x00, 0x16, 0x00, 0x33, 0x00, 0x63, 0x00, 0x41, 0x80
};
static GX_CONST GX_UBYTE FONT_THEME_1_FONT_REGULAR_20_1BPP_char_79[32] =
{
    0xc0, 0x60, 0x60, 0x40, 0x60, 0xc0, 0x30, 0xc0, 0x31, 0x80, 0x31, 0x80, 0x19, 
    0x00, 0x1b, 0x00, 0x0e, 0x00, 0x0e, 0x00, 0x06, 0x00, 0x0c, 0x00, 0x0c, 0x00, 
    0x08, 0x00, 0x18, 0x00, 0x18, 0x00
};
static GX_CONST GX_UBYTE FONT_THEME_1_FONT_REGULAR_20_1BPP_char_7a[11] =
{
    0xfe, 0xfe, 0x0c, 0x0c, 0x18, 0x30, 0x30, 0x60, 0x60, 0xfe, 0xfe
};
static GX_CONST GX_UBYTE FONT_THEME_1_FONT_REGULAR_20_1BPP_char_7b[22] =
{
    0x1c, 0x3c, 0x30, 0x30, 0x30, 0x30, 0x30, 0x30, 0x30, 0x30, 0xe0, 0xe0, 0x30, 
    0x30, 0x30, 0x30, 0x30, 0x30, 0x30, 0x30, 0x3c, 0x1c
};
static GX_CONST GX_UBYTE FONT_THEME_1_FONT_REGULAR_20_1BPP_char_7c[18] =
{
    0xc0, 0xc0, 0xc0, 0xc0, 0xc0, 0xc0, 0xc0, 0xc0, 0xc0, 0xc0, 0xc0, 0xc0, 0xc0, 
    0xc0, 0xc0, 0xc0, 0xc0, 0xc0
};
static GX_CONST GX_UBYTE FONT_THEME_1_FONT_REGULAR_20_1BPP_char_7d[22] =
{
    0xe0, 0xf0, 0x30, 0x30, 0x30, 0x30, 0x30, 0x30, 0x30, 0x30, 0x1c, 0x1c, 0x30, 
    0x30, 0x30, 0x30, 0x30, 0x30, 0x30, 0x30, 0xf0, 0xe0
};
static GX_CONST GX_UBYTE FONT_THEME_1_FONT_REGULAR_20_1BPP_char_7e[6] =
{
    0x71, 0x80, 0xff, 0x00, 0x8e, 0x00
};
static GX_CONST GX_GLYPH THEME_1_FONT_REGULAR_20_1BPP_FONT_PAGE_1_GLYPHS[95] =
{
    {FONT_THEME_1_FONT_REGULAR_20_1BPP_char_20, 0, 0, 5, 0, 1, 1},
    {FONT_THEME_1_FONT_REGULAR_20_1BPP_char_21, 14, 0, 6, 2, 2, 14},
    {FONT_THEME_1_FONT_REGULAR_20_1BPP_char_22, 16, -12, 6, 1, 4, 4},
    {FONT_THEME_1_FONT_REGULAR_20_1BPP_char_23, 15, 0, 17, 1, 15, 15},
    {FONT_THEME_1_FONT_REGULAR_20_1BPP_char_24, 16, 2, 12, 1, 9, 18},
    {FONT_THEME_1_FONT_REGULAR_20_1BPP_char_25, 14, 0, 16, 1, 14, 14},
    {FONT_THEME_1_FONT_REGULAR_20_1BPP_char_26, 14, 0, 15, 1, 14, 14},
    {FONT_THEME_1_FONT_REGULAR_20_1BPP_char_27, 16, -12, 4, 1, 2, 4},
    {FONT_THEME_1_FONT_REGULAR_20_1BPP_char_28, 18, 4, 9, 2, 7, 22},
    {FONT_THEME_1_FONT_REGULAR_20_1BPP_char_29, 18, 4, 9, 0, 7, 22},
    {FONT_THEME_1_FONT_REGULAR_20_1BPP_char_2a, 15, -8, 10, 1, 7, 7},
    {FONT_THEME_1_FONT_REGULAR_20_1BPP_char_2b, 12, -2, 14, 2, 10, 10},
    {FONT_THEME_1_FONT_REGULAR_20_1BPP_char_2c, 3, 3, 4, -1, 3, 6},
    {FONT_THEME_1_FONT_REGULAR_20_1BPP_char_2d, 8, -6, 11, 1, 8, 2},
    {FONT_THEME_1_FONT_REGULAR_20_1BPP_char_2e, 3, 0, 4, 1, 2, 2},
    {FONT_THEME_1_FONT_REGULAR_20_1BPP_char_2f, 19, 3, 10, 1, 7, 22},
    {FONT_THEME_1_FONT_REGULAR_20_1BPP_char_30, 15, 0, 12, 1, 10, 15},
    {FONT_THEME_1_FONT_REGULAR_20_1BPP_char_31, 15, 0, 7, 1, 4, 15},
    {FONT_THEME_1_FONT_REGULAR_20_1BPP_char_32, 15, 0, 12, 1, 10, 15},
    {FONT_THEME_1_FONT_REGULAR_20_1BPP_char_33, 15, 0, 11, 0, 9, 15},
    {FONT_THEME_1_FONT_REGULAR_20_1BPP_char_34, 14, 0, 13, 1, 11, 14},
    {FONT_THEME_1_FONT_REGULAR_20_1BPP_char_35, 15, 0, 13, 1, 10, 15},
    {FONT_THEME_1_FONT_REGULAR_20_1BPP_char_36, 15, 0, 12, 1, 10, 15},
    {FONT_THEME_1_FONT_REGULAR_20_1BPP_char_37, 15, 0, 11, 1, 9, 15},
    {FONT_THEME_1_FONT_REGULAR_20_1BPP_char_38, 15, 0, 12, 1, 10, 15},
    {FONT_THEME_1_FONT_REGULAR_20_1BPP_char_39, 15, 0, 12, 1, 10, 15},
    {FONT_THEME_1_FONT_REGULAR_20_1BPP_char_3a, 11, 0, 4, 1, 2, 11},
    {FONT_THEME_1_FONT_REGULAR_20_1BPP_char_3b, 11, 3, 4, 0, 3, 13},
    {FONT_THEME_1_FONT_REGULAR_20_1BPP_char_3c, 12, -3, 11, 1, 7, 9},
    {FONT_THEME_1_FONT_REGULAR_20_1BPP_char_3d, 10, -4, 14, 2, 10, 6},
    {FONT_THEME_1_FONT_REGULAR_20_1BPP_char_3e, 12, -3, 11, 1, 7, 9},
    {FONT_THEME_1_FONT_REGULAR_20_1BPP_char_3f, 14, 0, 11, 1, 9, 14},
    {FONT_THEME_1_FONT_REGULAR_20_1BPP_char_40, 13, 4, 20, 1, 18, 17},
    {FONT_THEME_1_FONT_REGULAR_20_1BPP_char_41, 14, 0, 13, 0, 12, 14},
    {FONT_THEME_1_FONT_REGULAR_20_1BPP_char_42, 14, 0, 13, 2, 10, 14},
    {FONT_THEME_1_FONT_REGULAR_20_1BPP_char_43, 14, 0, 16, 1, 13, 14},
    {FONT_THEME_1_FONT_REGULAR_20_1BPP_char_44, 14, 0, 15, 2, 12, 14},
    {FONT_THEME_1_FONT_REGULAR_20_1BPP_char_45, 14, 0, 11, 2, 8, 14},
    {FONT_THEME_1_FONT_REGULAR_20_1BPP_char_46, 14, 0, 11, 2, 8, 14},
    {FONT_THEME_1_FONT_REGULAR_20_1BPP_char_47, 14, 0, 16, 1, 14, 14},
    {FONT_THEME_1_FONT_REGULAR_20_1BPP_char_48, 14, 0, 14, 2, 11, 14},
    {FONT_THEME_1_FONT_REGULAR_20_1BPP_char_49, 14, 0, 5, 2, 2, 14},
    {FONT_THEME_1_FONT_REGULAR_20_1BPP_char_4a, 14, 0, 11, 1, 8, 14},
    {FONT_THEME_1_FONT_REGULAR_20_1BPP_char_4b, 14, 0, 12, 2, 10, 14},
    {FONT_THEME_1_FONT_REGULAR_20_1BPP_char_4c, 14, 0, 9, 2, 7, 14},
    {FONT_THEME_1_FONT_REGULAR_20_1BPP_char_4d, 14, 0, 18, 2, 14, 14},
    {FONT_THEME_1_FONT_REGULAR_20_1BPP_char_4e, 14, 0, 15, 2, 11, 14},
    {FONT_THEME_1_FONT_REGULAR_20_1BPP_char_4f, 14, 0, 16, 1, 14, 14},
    {FONT_THEME_1_FONT_REGULAR_20_1BPP_char_50, 14, 0, 12, 2, 9, 14},
    {FONT_THEME_1_FONT_REGULAR_20_1BPP_char_51, 14, 3, 16, 1, 14, 17},
    {FONT_THEME_1_FONT_REGULAR_20_1BPP_char_52, 14, 0, 12, 2, 9, 14},
    {FONT_THEME_1_FONT_REGULAR_20_1BPP_char_53, 14, 0, 12, 1, 10, 14},
    {FONT_THEME_1_FONT_REGULAR_20_1BPP_char_54, 14, 0, 11, 1, 9, 14},
    {FONT_THEME_1_FONT_REGULAR_20_1BPP_char_55, 14, 0, 13, 1, 11, 14},
    {FONT_THEME_1_FONT_REGULAR_20_1BPP_char_56, 14, 0, 14, 0, 13, 14},
    {FONT_THEME_1_FONT_REGULAR_20_1BPP_char_57, 14, 0, 20, 0, 19, 14},
    {FONT_THEME_1_FONT_REGULAR_20_1BPP_char_58, 14, 0, 12, 0, 11, 14},
    {FONT_THEME_1_FONT_REGULAR_20_1BPP_char_59, 14, 0, 12, 0, 11, 14},
    {FONT_THEME_1_FONT_REGULAR_20_1BPP_char_5a, 14, 0, 11, 1, 9, 14},
    {FONT_THEME_1_FONT_REGULAR_20_1BPP_char_5b, 18, 4, 9, 3, 4, 22},
    {FONT_THEME_1_FONT_REGULAR_20_1BPP_char_5c, 19, 3, 13, 2, 8, 22},
    {FONT_THEME_1_FONT_REGULAR_20_1BPP_char_5d, 18, 4, 9, 2, 4, 22},
    {FONT_THEME_1_FONT_REGULAR_20_1BPP_char_5e, 14, -3, 13, 0, 11, 11},
    {FONT_THEME_1_FONT_REGULAR_20_1BPP_char_5f, 0, 2, 15, 2, 11, 2},
    {FONT_THEME_1_FONT_REGULAR_20_1BPP_char_60, 16, -11, 6, 1, 5, 3},
    {FONT_THEME_1_FONT_REGULAR_20_1BPP_char_61, 11, 0, 14, 1, 11, 11},
    {FONT_THEME_1_FONT_REGULAR_20_1BPP_char_62, 15, 0, 14, 2, 11, 15},
    {FONT_THEME_1_FONT_REGULAR_20_1BPP_char_63, 11, 0, 12, 1, 10, 11},
    {FONT_THEME_1_FONT_REGULAR_20_1BPP_char_64, 15, 0, 14, 1, 11, 15},
    {FONT_THEME_1_FONT_REGULAR_20_1BPP_char_65, 11, 0, 13, 1, 11, 11},
    {FONT_THEME_1_FONT_REGULAR_20_1BPP_char_66, 15, 0, 7, 1, 5, 15},
    {FONT_THEME_1_FONT_REGULAR_20_1BPP_char_67, 11, 5, 14, 1, 11, 16},
    {FONT_THEME_1_FONT_REGULAR_20_1BPP_char_68, 15, 0, 13, 2, 10, 15},
    {FONT_THEME_1_FONT_REGULAR_20_1BPP_char_69, 15, 0, 4, 1, 2, 15},
    {FONT_THEME_1_FONT_REGULAR_20_1BPP_char_6a, 15, 5, 5, 0, 4, 20},
    {FONT_THEME_1_FONT_REGULAR_20_1BPP_char_6b, 15, 0, 11, 2, 9, 15},
    {FONT_THEME_1_FONT_REGULAR_20_1BPP_char_6c, 15, 0, 5, 2, 2, 15},
    {FONT_THEME_1_FONT_REGULAR_20_1BPP_char_6d, 11, 0, 21, 2, 18, 11},
    {FONT_THEME_1_FONT_REGULAR_20_1BPP_char_6e, 11, 0, 13, 2, 10, 11},
    {FONT_THEME_1_FONT_REGULAR_20_1BPP_char_6f, 11, 0, 13, 1, 11, 11},
    {FONT_THEME_1_FONT_REGULAR_20_1BPP_char_70, 11, 5, 14, 2, 11, 16},
    {FONT_THEME_1_FONT_REGULAR_20_1BPP_char_71, 11, 5, 14, 1, 11, 16},
    {FONT_THEME_1_FONT_REGULAR_20_1BPP_char_72, 11, 0, 8, 2, 6, 11},
    {FONT_THEME_1_FONT_REGULAR_20_1BPP_char_73, 11, 0, 11, 1, 9, 11},
    {FONT_THEME_1_FONT_REGULAR_20_1BPP_char_74, 14, 0, 8, 1, 6, 14},
    {FONT_THEME_1_FONT_REGULAR_20_1BPP_char_75, 11, 0, 12, 1, 10, 11},
    {FONT_THEME_1_FONT_REGULAR_20_1BPP_char_76, 11, 0, 11, 0, 11, 11},
    {FONT_THEME_1_FONT_REGULAR_20_1BPP_char_77, 11, 0, 16, 0, 16, 11},
    {FONT_THEME_1_FONT_REGULAR_20_1BPP_char_78, 11, 0, 10, 0, 9, 11},
    {FONT_THEME_1_FONT_REGULAR_20_1BPP_char_79, 11, 5, 11, 0, 11, 16},
    {FONT_THEME_1_FONT_REGULAR_20_1BPP_char_7a, 11, 0, 9, 1, 7, 11},
    {FONT_THEME_1_FONT_REGULAR_20_1BPP_char_7b, 18, 4, 9, 2, 6, 22},
    {FONT_THEME_1_FONT_REGULAR_20_1BPP_char_7c, 16, 2, 6, 2, 2, 18},
    {FONT_THEME_1_FONT_REGULAR_20_1BPP_char_7d, 18, 4, 9, 1, 6, 22},
    {FONT_THEME_1_FONT_REGULAR_20_1BPP_char_7e, 8, -5, 10, 0, 9, 3}
};

static GX_CONST GX_FONT THEME_1_FONT_REGULAR_20_1BPP = 
{
    GX_FONT_FORMAT_1BPP,                     /* format                         */
    0,                                       /* line pre-space                 */
    0,                                       /* line post-space                */ 
    24,                                      /* font data height               */
    19,                                      /* font baseline offset           */
    0x20,                                    /* first glyph within data page   */
    0x7e,                                    /* last glyph within data page    */
    {THEME_1_FONT_REGULAR_20_1BPP_FONT_PAGE_1_GLYPHS},    /* pointer to glyph data */
    GX_NULL                                  /* next font page                 */
};


/* Font THEME_1_PASS_FAIL_FONT Data Definition                                 */

static GX_CONST GX_UBYTE FONT_THEME_1_PASS_FAIL_FONT_char_2713[112] =
{
    0x00, 0x00, 0x02, 0x00, 0x00, 0x00, 0x07, 0x00, 0x00, 0x00, 0x0f, 0x00, 0x00, 
    0x00, 0x1e, 0x00, 0x00, 0x00, 0x1c, 0x00, 0x00, 0x00, 0x38, 0x00, 0x00, 0x00, 
    0x78, 0x00, 0x00, 0x00, 0xf0, 0x00, 0x00, 0x00, 0xe0, 0x00, 0x00, 0x01, 0xc0, 
    0x00, 0x00, 0x01, 0xc0, 0x00, 0x00, 0x03, 0x80, 0x00, 0x00, 0x07, 0x00, 0x00, 
    0x00, 0x07, 0x00, 0x00, 0x00, 0x0e, 0x00, 0x00, 0x00, 0x0e, 0x00, 0x00, 0xe0, 
    0x1c, 0x00, 0x00, 0x70, 0x1c, 0x00, 0x00, 0x70, 0x38, 0x00, 0x00, 0x38, 0x38, 
    0x00, 0x00, 0x38, 0x70, 0x00, 0x00, 0x1c, 0x70, 0x00, 0x00, 0x1c, 0x60, 0x00, 
    0x00, 0x0e, 0xe0, 0x00, 0x00, 0x0e, 0xe0, 0x00, 0x00, 0x06, 0xc0, 0x00, 0x00, 
    0x07, 0xc0, 0x00, 0x00, 0x03, 0xc0, 0x00, 0x00
};
static GX_CONST GX_GLYPH THEME_1_PASS_FAIL_FONT_FONT_PAGE_2_GLYPHS[1] =
{
    {FONT_THEME_1_PASS_FAIL_FONT_char_2713, 28, 1, 25, -1, 25, 28}
};

static GX_CONST GX_FONT THEME_1_PASS_FAIL_FONT_PAGE_2 =
{
    GX_FONT_FORMAT_1BPP,                     /* format                         */
    0,                                       /* line pre-space                 */
    0,                                       /* line post-space                */ 
    29,                                      /* font data height               */
    28,                                      /* font baseline offset           */
    0x2713,                                  /* first glyph within data page   */
    0x2713,                                  /* last glyph within data page    */
    {THEME_1_PASS_FAIL_FONT_FONT_PAGE_2_GLYPHS},    /* pointer to glyph data   */
    GX_NULL                                  /* next font page                 */
};

static GX_CONST GX_UBYTE FONT_THEME_1_PASS_FAIL_FONT_char_58[78] =
{
    0xf0, 0x01, 0xc0, 0x78, 0x03, 0xc0, 0x38, 0x03, 0x80, 0x3c, 0x07, 0x80, 0x1c, 
    0x07, 0x00, 0x1e, 0x0e, 0x00, 0x0e, 0x0e, 0x00, 0x0f, 0x1c, 0x00, 0x07, 0x1c, 
    0x00, 0x03, 0xb8, 0x00, 0x03, 0xf8, 0x00, 0x01, 0xf0, 0x00, 0x01, 0xe0, 0x00, 
    0x01, 0xf0, 0x00, 0x03, 0xf0, 0x00, 0x03, 0xb8, 0x00, 0x07, 0x38, 0x00, 0x0f, 
    0x1c, 0x00, 0x0e, 0x1e, 0x00, 0x1e, 0x0e, 0x00, 0x1c, 0x0f, 0x00, 0x3c, 0x07, 
    0x00, 0x38, 0x07, 0x80, 0x70, 0x03, 0xc0, 0xf0, 0x03, 0xc0, 0xe0, 0x01, 0xe0

};
static GX_CONST GX_GLYPH THEME_1_PASS_FAIL_FONT_FONT_PAGE_1_GLYPHS[1] =
{
    {FONT_THEME_1_PASS_FAIL_FONT_char_58, 26, 0, 21, 0, 19, 26}
};

static GX_CONST GX_FONT THEME_1_PASS_FAIL_FONT = 
{
    GX_FONT_FORMAT_1BPP,                     /* format                         */
    0,                                       /* line pre-space                 */
    0,                                       /* line post-space                */ 
    29,                                      /* font data height               */
    28,                                      /* font baseline offset           */
    0x58,                                    /* first glyph within data page   */
    0x58,                                    /* last glyph within data page    */
    {THEME_1_PASS_FAIL_FONT_FONT_PAGE_1_GLYPHS},    /* pointer to glyph data   */
    &THEME_1_PASS_FAIL_FONT_PAGE_2           /* next font page                 */
};


/* Font Table                                                                  */

GX_CONST GX_FONT *main_display_theme_1_font_table[] =
{
    &THEME_1_SYSTEM,
    &THEME_1_BUTTON,
    &THEME_1_PROMPT,
    &THEME_1_TEXT_INPUT,
    &THEME_1_FONT_REGULAR_12_1BPP,
    &THEME_1_FONT_BOLD_22_1BPP,
    &THEME_1_FONT_BOLD_32_1BPP,
    &THEME_1_FONT_REGULAR_18_1BPP,
    &THEME_1_FONT_BOLD_38_1BPP,
    &THEME_1_FONT_REGULAR_36_1BPP,
    &THEME_1_FONT_REGULAR_22_1BPP,
    &THEME_1_FONT_MEDIUM_40_4BPP,
    &THEME_1_FONT_REGULAR_26_1BPP,
    &THEME_1_FONT_BOLD_24_1BPP,
    &THEME_1_FONT_REGULAR_20_1BPP,
    &THEME_1_PASS_FAIL_FONT
};

/* Pixelmap data definitions                                                   */


/* THEME_1_RADIO_ON pixelmap data                                              */

static GX_CONST GX_UBYTE MAIN_DISPLAY_THEME_1_RADIO_ON_pixelmap_data[512] =
{
    0xff, 0xff, 0xff, 0xff, 0xff, 0x00, 0x00, 0x00, 0x00, 0x00, 0x00, 0xff, 0xff, 
    0xff, 0xff, 0xff, 0xff, 0xff, 0xff, 0xff, 0x00, 0x00, 0x00, 0x00, 0x00, 0x00, 
    0x00, 0x00, 0xff, 0xff, 0xff, 0xff, 0xff, 0xff, 0xff, 0x00, 0x00, 0x00, 0x00, 
    0x00, 0x00, 0x00, 0x00, 0x00, 0x00, 0xff, 0xff, 0xff, 0xff, 0xff, 0xf0, 0x00, 
    0x00, 0x00, 0x00, 0x00, 0x00, 0x00, 0x00, 0x00, 0x00, 0x0f, 0xff, 0xff, 0xff, 
    0xff, 0x00, 0x00, 0x00, 0x0f, 0xff, 0xff, 0xff, 0xff, 0xf0, 0x00, 0x00, 0x00, 
    0xff, 0xff, 0xff, 0xf0, 0x00, 0x00, 0x00, 0xff, 0xff, 0xff, 0xff, 0xff, 0xff, 
    0x00, 0x00, 0x00, 0x0f, 0xff, 0xff, 0x00, 0x00, 0x00, 0xff, 0xff, 0xff, 0xff, 
    0xff, 0xff, 0xff, 0xff, 0x00, 0x00, 0x00, 0xff, 0xff, 0x00, 0x00, 0x0f, 0xff, 
    0xff, 0xff, 0xff, 0xff, 0xff, 0xff, 0xff, 0xf0, 0x00, 0x00, 0xff, 0xf0, 0x00, 
    0x00, 0xff, 0xff, 0xff, 0x00, 0x00, 0x00, 0x00, 0xff, 0xff, 0xff, 0x00, 0x00, 
    0x0f, 0xf0, 0x00, 0x00, 0xff, 0xff, 0x00, 0x00, 0x00, 0x00, 0x00, 0x00, 0xff, 
    0xff, 0x00, 0x00, 0x0f, 0x00, 0x00, 0x0f, 0xff, 0xf0, 0x00, 0x00, 0x00, 0x00, 
    0x00, 0x00, 0x0f, 0xff, 0xf0, 0x00, 0x00, 0x00, 0x00, 0xff, 0xff, 0xf0, 0x00, 
    0x00, 0x00, 0x00, 0x00, 0x00, 0x0f, 0xff, 0xff, 0x00, 0x00, 0x00, 0x00, 0xff, 
    0xff, 0x00, 0x00, 0x00, 0x00, 0x00, 0x00, 0x00, 0x00, 0xff, 0xff, 0x00, 0x00, 
    0x00, 0x00, 0xff, 0xff, 0x00, 0x00, 0x00, 0x00, 0x00, 0x00, 0x00, 0x00, 0xff, 
    0xff, 0x00, 0x00, 0x00, 0x00, 0xff, 0xff, 0x00, 0x00, 0x00, 0x00, 0x00, 0x00, 
    0x00, 0x00, 0xff, 0xff, 0x00, 0x00, 0x00, 0x00, 0xff, 0xff, 0x00, 0x00, 0x00, 
    0x00, 0x00, 0x00, 0x00, 0x00, 0xff, 0xff, 0x00, 0x00, 0x00, 0x00, 0xff, 0xff, 
    0x00, 0x00, 0x00, 0x00, 0x00, 0x00, 0x00, 0x00, 0xff, 0xff, 0x00, 0x00, 0x00, 
    0x00, 0xff, 0xff, 0x00, 0x00, 0x00, 0x00, 0x00, 0x00, 0x00, 0x00, 0xff, 0xff, 
    0x00, 0x00, 0x00, 0x00, 0xff, 0xff, 0x00, 0x00, 0x00, 0x00, 0x00, 0x00, 0x00, 
    0x00, 0xff, 0xff, 0x00, 0x00, 0x00, 0x00, 0xff, 0xff, 0x00, 0x00, 0x00, 0x00, 
    0x00, 0x00, 0x00, 0x00, 0xff, 0xff, 0x00, 0x00, 0x00, 0x00, 0xff, 0xff, 0xf0, 
    0x00, 0x00, 0x00, 0x00, 0x00, 0x00, 0x0f, 0xff, 0xff, 0x00, 0x00, 0x00, 0x00, 
    0x0f, 0xff, 0xf0, 0x00, 0x00, 0x00, 0x00, 0x00, 0x00, 0x0f, 0xff, 0xf0, 0x00, 
    0x00, 0xf0, 0x00, 0x00, 0xff, 0xff, 0x00, 0x00, 0x00, 0x00, 0x00, 0x00, 0xff, 
    0xff, 0x00, 0x00, 0x0f, 0xf0, 0x00, 0x00, 0xff, 0xff, 0xff, 0x00, 0x00, 0x00, 
    0x00, 0xff, 0xff, 0xff, 0x00, 0x00, 0x0f, 0xff, 0x00, 0x00, 0x0f, 0xff, 0xff, 
    0xff, 0xff, 0xff, 0xff, 0xff, 0xff, 0xf0, 0x00, 0x00, 0xff, 0xff, 0x00, 0x00, 
    0x00, 0xff, 0xff, 0xff, 0xff, 0xff, 0xff, 0xff, 0xff, 0x00, 0x00, 0x00, 0xff, 
    0xff, 0xf0, 0x00, 0x00, 0x00, 0xff, 0xff, 0xff, 0xff, 0xff, 0xff, 0x00, 0x00, 
    0x00, 0x0f, 0xff, 0xff, 0xff, 0x00, 0x00, 0x00, 0x0f, 0xff, 0xff, 0xff, 0xff, 
    0xf0, 0x00, 0x00, 0x00, 0xff, 0xff, 0xff, 0xff, 0xf0, 0x00, 0x00, 0x00, 0x00, 
    0x00, 0x00, 0x00, 0x00, 0x00, 0x00, 0x0f, 0xff, 0xff, 0xff, 0xff, 0xff, 0x00, 
    0x00, 0x00, 0x00, 0x00, 0x00, 0x00, 0x00, 0x00, 0x00, 0xff, 0xff, 0xff, 0xff, 
    0xff, 0xff, 0xff, 0x00, 0x00, 0x00, 0x00, 0x00, 0x00, 0x00, 0x00, 0xff, 0xff, 
    0xff, 0xff, 0xff, 0xff, 0xff, 0xff, 0xff, 0x00, 0x00, 0x00, 0x00, 0x00, 0x00, 
    0xff, 0xff, 0xff, 0xff, 0xff
};

/* THEME_1_RADIO_ON auxiliary data                                             */

static GX_CONST GX_UBYTE MAIN_DISPLAY_THEME_1_RADIO_ON_pixelmap_aux_data[128] =
{
    0xff, 0xf0, 0x0f, 0xff, 0xff, 0x80, 0x01, 0xff, 0xfe, 0x00, 0x00, 0x7f, 0xfc, 
    0x07, 0xe0, 0x3f, 0xf8, 0x3f, 0xfc, 0x1f, 0xf0, 0xff, 0xff, 0x0f, 0xe1, 0xff, 
    0xff, 0x87, 0xc3, 0xff, 0xff, 0xc3, 0xc7, 0xf8, 0x1f, 0xe3, 0x87, 0xe0, 0x07, 
    0xe1, 0x8f, 0xc0, 0x03, 0xf1, 0x8f, 0x80, 0x01, 0xf1, 0x0f, 0x80, 0x01, 0xf0, 
    0x1f, 0x00, 0x00, 0xf8, 0x1f, 0x00, 0x00, 0xf8, 0x1f, 0x00, 0x00, 0xf8, 0x1f, 
    0x00, 0x00, 0xf8, 0x1f, 0x00, 0x00, 0xf8, 0x1f, 0x00, 0x00, 0xf8, 0x0f, 0x80, 
    0x01, 0xf0, 0x8f, 0x80, 0x01, 0xf1, 0x8f, 0xc0, 0x03, 0xf1, 0x87, 0xe0, 0x07, 
    0xe1, 0xc7, 0xf8, 0x1f, 0xe3, 0xc3, 0xff, 0xff, 0xc3, 0xe1, 0xff, 0xff, 0x87, 
    0xf0, 0xff, 0xff, 0x0f, 0xf8, 0x3f, 0xfc, 0x1f, 0xfc, 0x07, 0xe0, 0x3f, 0xfe, 
    0x00, 0x00, 0x7f, 0xff, 0x80, 0x01, 0xff, 0xff, 0xf0, 0x0f, 0xff
};
GX_CONST GX_PIXELMAP MAIN_DISPLAY_THEME_1_RADIO_ON_pixelmap =
{
    0x00000001,                              /* major version                  */
    0x00000000,                              /* minor version                  */
    GX_PIXELMAP_TRANSPARENT,                 /* flags                          */
    GX_COLOR_FORMAT_4BIT_GRAY,               /* Format                         */
    (GX_UBYTE *) MAIN_DISPLAY_THEME_1_RADIO_ON_pixelmap_data,
    sizeof(MAIN_DISPLAY_THEME_1_RADIO_ON_pixelmap_data),    /* the size of pixelmap_data*/
    (GX_UBYTE *) MAIN_DISPLAY_THEME_1_RADIO_ON_pixelmap_aux_data,
    sizeof(MAIN_DISPLAY_THEME_1_RADIO_ON_pixelmap_aux_data),    /* the size of pixelmap_data*/
    0x00,                                    /* used for transparent iamges    */
    32,                                      /* width in pixel                 */
    32                                       /* height in pixel                */
};

/* THEME_1_RADIO_OFF pixelmap data                                             */

static GX_CONST GX_UBYTE MAIN_DISPLAY_THEME_1_RADIO_OFF_pixelmap_data[512] =
{
    0xff, 0xff, 0xff, 0xff, 0xff, 0x00, 0x00, 0x00, 0x00, 0x00, 0x00, 0xff, 0xff, 
    0xff, 0xff, 0xff, 0xff, 0xff, 0xff, 0xff, 0x00, 0x00, 0x00, 0x00, 0x00, 0x00, 
    0x00, 0x00, 0xff, 0xff, 0xff, 0xff, 0xff, 0xff, 0xff, 0x00, 0x00, 0x00, 0x00, 
    0x00, 0x00, 0x00, 0x00, 0x00, 0x00, 0xff, 0xff, 0xff, 0xff, 0xff, 0xf0, 0x00, 
    0x00, 0x00, 0x00, 0x00, 0x00, 0x00, 0x00, 0x00, 0x00, 0x0f, 0xff, 0xff, 0xff, 
    0xff, 0x00, 0x00, 0x00, 0x0f, 0xff, 0xff, 0xff, 0xff, 0xf0, 0x00, 0x00, 0x00, 
    0xff, 0xff, 0xff, 0xf0, 0x00, 0x00, 0x00, 0xff, 0xff, 0xff, 0xff, 0xff, 0xff, 
    0x00, 0x00, 0x00, 0x0f, 0xff, 0xff, 0x00, 0x00, 0x00, 0xff, 0xff, 0xff, 0xff, 
    0xff, 0xff, 0xff, 0xff, 0x00, 0x00, 0x00, 0xff, 0xff, 0x00, 0x00, 0x0f, 0xff, 
    0xff, 0xff, 0xff, 0xff, 0xff, 0xff, 0xff, 0xf0, 0x00, 0x00, 0xff, 0xf0, 0x00, 
    0x00, 0xff, 0xff, 0xff, 0xff, 0xff, 0xff, 0xff, 0xff, 0xff, 0xff, 0x00, 0x00, 
    0x0f, 0xf0, 0x00, 0x00, 0xff, 0xff, 0xff, 0xff, 0xff, 0xff, 0xff, 0xff, 0xff, 
    0xff, 0x00, 0x00, 0x0f, 0x00, 0x00, 0x0f, 0xff, 0xff, 0xff, 0xff, 0xff, 0xff, 
    0xff, 0xff, 0xff, 0xff, 0xf0, 0x00, 0x00, 0x00, 0x00, 0xff, 0xff, 0xff, 0xff, 
    0xff, 0xff, 0xff, 0xff, 0xff, 0xff, 0xff, 0xff, 0x00, 0x00, 0x00, 0x00, 0xff, 
    0xff, 0xff, 0xff, 0xff, 0xff, 0xff, 0xff, 0xff, 0xff, 0xff, 0xff, 0x00, 0x00, 
    0x00, 0x00, 0xff, 0xff, 0xff, 0xff, 0xff, 0xff, 0xff, 0xff, 0xff, 0xff, 0xff, 
    0xff, 0x00, 0x00, 0x00, 0x00, 0xff, 0xff, 0xff, 0xff, 0xff, 0xff, 0xff, 0xff, 
    0xff, 0xff, 0xff, 0xff, 0x00, 0x00, 0x00, 0x00, 0xff, 0xff, 0xff, 0xff, 0xff, 
    0xff, 0xff, 0xff, 0xff, 0xff, 0xff, 0xff, 0x00, 0x00, 0x00, 0x00, 0xff, 0xff, 
    0xff, 0xff, 0xff, 0xff, 0xff, 0xff, 0xff, 0xff, 0xff, 0xff, 0x00, 0x00, 0x00, 
    0x00, 0xff, 0xff, 0xff, 0xff, 0xff, 0xff, 0xff, 0xff, 0xff, 0xff, 0xff, 0xff, 
    0x00, 0x00, 0x00, 0x00, 0xff, 0xff, 0xff, 0xff, 0xff, 0xff, 0xff, 0xff, 0xff, 
    0xff, 0xff, 0xff, 0x00, 0x00, 0x00, 0x00, 0xff, 0xff, 0xff, 0xff, 0xff, 0xff, 
    0xff, 0xff, 0xff, 0xff, 0xff, 0xff, 0x00, 0x00, 0x00, 0x00, 0xff, 0xff, 0xff, 
    0xff, 0xff, 0xff, 0xff, 0xff, 0xff, 0xff, 0xff, 0xff, 0x00, 0x00, 0x00, 0x00, 
    0x0f, 0xff, 0xff, 0xff, 0xff, 0xff, 0xff, 0xff, 0xff, 0xff, 0xff, 0xf0, 0x00, 
    0x00, 0xf0, 0x00, 0x00, 0xff, 0xff, 0xff, 0xff, 0xff, 0xff, 0xff, 0xff, 0xff, 
    0xff, 0x00, 0x00, 0x0f, 0xf0, 0x00, 0x00, 0xff, 0xff, 0xff, 0xff, 0xff, 0xff, 
    0xff, 0xff, 0xff, 0xff, 0x00, 0x00, 0x0f, 0xff, 0x00, 0x00, 0x0f, 0xff, 0xff, 
    0xff, 0xff, 0xff, 0xff, 0xff, 0xff, 0xf0, 0x00, 0x00, 0xff, 0xff, 0x00, 0x00, 
    0x00, 0xff, 0xff, 0xff, 0xff, 0xff, 0xff, 0xff, 0xff, 0x00, 0x00, 0x00, 0xff, 
    0xff, 0xf0, 0x00, 0x00, 0x00, 0xff, 0xff, 0xff, 0xff, 0xff, 0xff, 0x00, 0x00, 
    0x00, 0x0f, 0xff, 0xff, 0xff, 0x00, 0x00, 0x00, 0x0f, 0xff, 0xff, 0xff, 0xff, 
    0xf0, 0x00, 0x00, 0x00, 0xff, 0xff, 0xff, 0xff, 0xf0, 0x00, 0x00, 0x00, 0x00, 
    0x00, 0x00, 0x00, 0x00, 0x00, 0x00, 0x0f, 0xff, 0xff, 0xff, 0xff, 0xff, 0x00, 
    0x00, 0x00, 0x00, 0x00, 0x00, 0x00, 0x00, 0x00, 0x00, 0xff, 0xff, 0xff, 0xff, 
    0xff, 0xff, 0xff, 0x00, 0x00, 0x00, 0x00, 0x00, 0x00, 0x00, 0x00, 0xff, 0xff, 
    0xff, 0xff, 0xff, 0xff, 0xff, 0xff, 0xff, 0x00, 0x00, 0x00, 0x00, 0x00, 0x00, 
    0xff, 0xff, 0xff, 0xff, 0xff
};

/* THEME_1_RADIO_OFF auxiliary data                                            */

static GX_CONST GX_UBYTE MAIN_DISPLAY_THEME_1_RADIO_OFF_pixelmap_aux_data[128] =
{
    0xff, 0xf0, 0x0f, 0xff, 0xff, 0x80, 0x01, 0xff, 0xfe, 0x00, 0x00, 0x7f, 0xfc, 
    0x07, 0xe0, 0x3f, 0xf8, 0x3f, 0xfc, 0x1f, 0xf0, 0xff, 0xff, 0x0f, 0xe1, 0xff, 
    0xff, 0x87, 0xc3, 0xff, 0xff, 0xc3, 0xc7, 0xff, 0xff, 0xe3, 0x87, 0xff, 0xff, 
    0xe1, 0x8f, 0xff, 0xff, 0xf1, 0x8f, 0xff, 0xff, 0xf1, 0x0f, 0xff, 0xff, 0xf0, 
    0x1f, 0xff, 0xff, 0xf8, 0x1f, 0xff, 0xff, 0xf8, 0x1f, 0xff, 0xff, 0xf8, 0x1f, 
    0xff, 0xff, 0xf8, 0x1f, 0xff, 0xff, 0xf8, 0x1f, 0xff, 0xff, 0xf8, 0x0f, 0xff, 
    0xff, 0xf0, 0x8f, 0xff, 0xff, 0xf1, 0x8f, 0xff, 0xff, 0xf1, 0x87, 0xff, 0xff, 
    0xe1, 0xc7, 0xff, 0xff, 0xe3, 0xc3, 0xff, 0xff, 0xc3, 0xe1, 0xff, 0xff, 0x87, 
    0xf0, 0xff, 0xff, 0x0f, 0xf8, 0x3f, 0xfc, 0x1f, 0xfc, 0x07, 0xe0, 0x3f, 0xfe, 
    0x00, 0x00, 0x7f, 0xff, 0x80, 0x01, 0xff, 0xff, 0xf0, 0x0f, 0xff
};
GX_CONST GX_PIXELMAP MAIN_DISPLAY_THEME_1_RADIO_OFF_pixelmap =
{
    0x00000001,                              /* major version                  */
    0x00000000,                              /* minor version                  */
    GX_PIXELMAP_TRANSPARENT,                 /* flags                          */
    GX_COLOR_FORMAT_4BIT_GRAY,               /* Format                         */
    (GX_UBYTE *) MAIN_DISPLAY_THEME_1_RADIO_OFF_pixelmap_data,
    sizeof(MAIN_DISPLAY_THEME_1_RADIO_OFF_pixelmap_data),    /* the size of pixelmap_data*/
    (GX_UBYTE *) MAIN_DISPLAY_THEME_1_RADIO_OFF_pixelmap_aux_data,
    sizeof(MAIN_DISPLAY_THEME_1_RADIO_OFF_pixelmap_aux_data),    /* the size of pixelmap_data*/
    0x00,                                    /* used for transparent iamges    */
    32,                                      /* width in pixel                 */
    32                                       /* height in pixel                */
};

/* THEME_1_CHECKBOX_ON pixelmap data                                           */

static GX_CONST GX_UBYTE MAIN_DISPLAY_THEME_1_CHECKBOX_ON_pixelmap_data[512] =
{
    0x00, 0x00, 0x00, 0x00, 0x00, 0x00, 0x00, 0x00, 0x00, 0x00, 0x00, 0x00, 0x00, 
    0x00, 0x00, 0x00, 0x00, 0x00, 0x00, 0x00, 0x00, 0x00, 0x00, 0x00, 0x00, 0x00, 
    0x00, 0x00, 0x00, 0x00, 0x00, 0x00, 0x00, 0x00, 0x00, 0x00, 0x00, 0x00, 0x00, 
    0x00, 0x00, 0x00, 0x00, 0x00, 0x00, 0x00, 0x00, 0x00, 0x00, 0x00, 0x00, 0x00, 
    0x00, 0x00, 0x00, 0x00, 0x00, 0x00, 0x00, 0x00, 0x00, 0x00, 0x00, 0x00, 0x00, 
    0x00, 0x00, 0x00, 0x00, 0x00, 0x00, 0x00, 0x00, 0x00, 0x00, 0x00, 0x00, 0x00, 
    0x00, 0x00, 0x00, 0x00, 0x00, 0x00, 0x00, 0x00, 0x00, 0x00, 0x00, 0x00, 0x00, 
    0x00, 0x00, 0x00, 0x00, 0x00, 0x00, 0x00, 0x00, 0x00, 0x00, 0x00, 0x00, 0x00, 
    0x00, 0x00, 0x00, 0x00, 0x00, 0x00, 0x00, 0x00, 0x00, 0x00, 0x00, 0x00, 0x00, 
    0x00, 0x00, 0x00, 0x00, 0x00, 0x00, 0x00, 0x00, 0x00, 0x00, 0x00, 0x00, 0x00, 
    0x00, 0x00, 0x00, 0x00, 0x00, 0x00, 0x00, 0x00, 0x00, 0x00, 0x00, 0x00, 0x00, 
    0x00, 0x00, 0x00, 0x00, 0x00, 0x00, 0x00, 0x00, 0x00, 0x00, 0x00, 0x00, 0x00, 
    0x00, 0x00, 0x00, 0x00, 0x00, 0x00, 0x00, 0x00, 0x00, 0x00, 0x00, 0x00, 0x00, 
    0x00, 0x00, 0x00, 0x00, 0x00, 0x00, 0x00, 0x00, 0x00, 0x00, 0x00, 0x00, 0x00, 
    0x00, 0x00, 0x00, 0x00, 0x00, 0x00, 0x00, 0x00, 0x00, 0x00, 0x00, 0x00, 0x00, 
    0x00, 0x00, 0x00, 0x00, 0x00, 0x00, 0x00, 0x00, 0x00, 0x00, 0x00, 0x00, 0x00, 
    0x00, 0x00, 0x00, 0x00, 0x00, 0x00, 0x00, 0x00, 0x00, 0x00, 0x00, 0x00, 0x00, 
    0x00, 0x00, 0x00, 0x00, 0x00, 0x00, 0x00, 0x00, 0x00, 0x00, 0x00, 0x00, 0x00, 
    0x00, 0x00, 0x00, 0x00, 0x00, 0x00, 0x00, 0x00, 0x00, 0x00, 0x00, 0x00, 0x00, 
    0x00, 0x00, 0x00, 0x00, 0x00, 0x00, 0x00, 0x00, 0x00, 0x00, 0x00, 0x00, 0x00, 
    0x00, 0x00, 0x00, 0x00, 0x00, 0x00, 0x00, 0x00, 0x00, 0x00, 0x00, 0x00, 0x00, 
    0x00, 0x00, 0x00, 0x00, 0x00, 0x00, 0x00, 0x00, 0x00, 0x00, 0x00, 0x00, 0x00, 
    0x00, 0x00, 0x00, 0x00, 0x00, 0x00, 0x00, 0x00, 0x00, 0x00, 0x00, 0x00, 0x00, 
    0x00, 0x00, 0x00, 0x00, 0x00, 0x00, 0x00, 0x00, 0x00, 0x00, 0x00, 0x00, 0x00, 
    0x00, 0x00, 0x00, 0x00, 0x00, 0x00, 0x00, 0x00, 0x00, 0x00, 0x00, 0x00, 0x00, 
    0x00, 0x00, 0x00, 0x00, 0x00, 0x00, 0x00, 0x00, 0x00, 0x00, 0x00, 0x00, 0x00, 
    0x00, 0x00, 0x00, 0x00, 0x00, 0x00, 0x00, 0x00, 0x00, 0x00, 0x00, 0x00, 0x00, 
    0x00, 0x00, 0x00, 0x00, 0x00, 0x00, 0x00, 0x00, 0x00, 0x00, 0x00, 0x00, 0x00, 
    0x00, 0x00, 0x00, 0x00, 0x00, 0x00, 0x00, 0x00, 0x00, 0x00, 0x00, 0x00, 0x00, 
    0x00, 0x00, 0x00, 0x00, 0x00, 0x00, 0x00, 0x00, 0x00, 0x00, 0x00, 0x00, 0x00, 
    0x00, 0x00, 0x00, 0x00, 0x00, 0x00, 0x00, 0x00, 0x00, 0x00, 0x00, 0x00, 0x00, 
    0x00, 0x00, 0x00, 0x00, 0x00, 0x00, 0x00, 0x00, 0x00, 0x00, 0x00, 0x00, 0x00, 
    0x00, 0x00, 0x00, 0x00, 0x00, 0x00, 0x00, 0x00, 0x00, 0x00, 0x00, 0x00, 0x00, 
    0x00, 0x00, 0x00, 0x00, 0x00, 0x00, 0x00, 0x00, 0x00, 0x00, 0x00, 0x00, 0x00, 
    0x00, 0x00, 0x00, 0x00, 0x00, 0x00, 0x00, 0x00, 0x00, 0x00, 0x00, 0x00, 0x00, 
    0x00, 0x00, 0x00, 0x00, 0x00, 0x00, 0x00, 0x00, 0x00, 0x00, 0x00, 0x00, 0x00, 
    0x00, 0x00, 0x00, 0x00, 0x00, 0x00, 0x00, 0x00, 0x00, 0x00, 0x00, 0x00, 0x00, 
    0x00, 0x00, 0x00, 0x00, 0x00, 0x00, 0x00, 0x00, 0x00, 0x00, 0x00, 0x00, 0x00, 
    0x00, 0x00, 0x00, 0x00, 0x00, 0x00, 0x00, 0x00, 0x00, 0x00, 0x00, 0x00, 0x00, 
    0x00, 0x00, 0x00, 0x00, 0x00
};

/* THEME_1_CHECKBOX_ON auxiliary data                                          */

static GX_CONST GX_UBYTE MAIN_DISPLAY_THEME_1_CHECKBOX_ON_pixelmap_aux_data[128] =
{
    0xff, 0xff, 0xff, 0xff, 0xff, 0xff, 0xff, 0xff, 0xe0, 0x00, 0x00, 0x0f, 0xe0, 
    0x00, 0x00, 0x03, 0xcf, 0xff, 0xff, 0xf3, 0xcf, 0xff, 0xff, 0xf3, 0xcf, 0xff, 
    0xff, 0xf3, 0xcf, 0xff, 0xfe, 0x73, 0xcf, 0xff, 0xfc, 0x33, 0xcf, 0xff, 0xf8, 
    0x13, 0xcf, 0xff, 0xf0, 0x13, 0xcf, 0xff, 0xe0, 0x33, 0xcf, 0xff, 0xc0, 0x73, 
    0xcf, 0xff, 0x80, 0xf3, 0xcf, 0xff, 0x01, 0xf3, 0xce, 0x7e, 0x03, 0xf3, 0xcc, 
    0x3c, 0x07, 0xf3, 0xc8, 0x18, 0x0f, 0xf3, 0xc8, 0x00, 0x1f, 0xf3, 0xcc, 0x00, 
    0x3f, 0xf3, 0xce, 0x00, 0x7f, 0xf3, 0xcf, 0x00, 0xff, 0xf3, 0xcf, 0x81, 0xff, 
    0xf3, 0xcf, 0xc3, 0xff, 0xf3, 0xcf, 0xe7, 0xff, 0xf3, 0xcf, 0xff, 0xff, 0xf3, 
    0xcf, 0xff, 0xff, 0xf3, 0xcf, 0xff, 0xff, 0xf3, 0xe0, 0x00, 0x00, 0x03, 0xe0, 
    0x00, 0x00, 0x0f, 0xff, 0xff, 0xff, 0xff, 0xff, 0xff, 0xff, 0xff
};
GX_CONST GX_PIXELMAP MAIN_DISPLAY_THEME_1_CHECKBOX_ON_pixelmap =
{
    0x00000001,                              /* major version                  */
    0x00000000,                              /* minor version                  */
    GX_PIXELMAP_TRANSPARENT,                 /* flags                          */
    GX_COLOR_FORMAT_4BIT_GRAY,               /* Format                         */
    (GX_UBYTE *) MAIN_DISPLAY_THEME_1_CHECKBOX_ON_pixelmap_data,
    sizeof(MAIN_DISPLAY_THEME_1_CHECKBOX_ON_pixelmap_data),    /* the size of pixelmap_data*/
    (GX_UBYTE *) MAIN_DISPLAY_THEME_1_CHECKBOX_ON_pixelmap_aux_data,
    sizeof(MAIN_DISPLAY_THEME_1_CHECKBOX_ON_pixelmap_aux_data),    /* the size of pixelmap_data*/
    0x00,                                    /* used for transparent iamges    */
    32,                                      /* width in pixel                 */
    32                                       /* height in pixel                */
};

/* THEME_1_CHECKBOX_OFF pixelmap data                                          */

static GX_CONST GX_UBYTE MAIN_DISPLAY_THEME_1_CHECKBOX_OFF_pixelmap_data[512] =
{
    0x00, 0x00, 0x00, 0x00, 0x00, 0x00, 0x00, 0x00, 0x00, 0x00, 0x00, 0x00, 0x00, 
    0x00, 0x00, 0x00, 0x00, 0x00, 0x00, 0x00, 0x00, 0x00, 0x00, 0x00, 0x00, 0x00, 
    0x00, 0x00, 0x00, 0x00, 0x00, 0x00, 0x00, 0x00, 0x00, 0x00, 0x00, 0x00, 0x00, 
    0x00, 0x00, 0x00, 0x00, 0x00, 0x00, 0x00, 0x00, 0x00, 0x00, 0x00, 0x00, 0x00, 
    0x00, 0x00, 0x00, 0x00, 0x00, 0x00, 0x00, 0x00, 0x00, 0x00, 0x00, 0x00, 0x00, 
    0x00, 0x00, 0x00, 0x00, 0x00, 0x00, 0x00, 0x00, 0x00, 0x00, 0x00, 0x00, 0x00, 
    0x00, 0x00, 0x00, 0x00, 0x00, 0x00, 0x00, 0x00, 0x00, 0x00, 0x00, 0x00, 0x00, 
    0x00, 0x00, 0x00, 0x00, 0x00, 0x00, 0x00, 0x00, 0x00, 0x00, 0x00, 0x00, 0x00, 
    0x00, 0x00, 0x00, 0x00, 0x00, 0x00, 0x00, 0x00, 0x00, 0x00, 0x00, 0x00, 0x00, 
    0x00, 0x00, 0x00, 0x00, 0x00, 0x00, 0x00, 0x00, 0x00, 0x00, 0x00, 0x00, 0x00, 
    0x00, 0x00, 0x00, 0x00, 0x00, 0x00, 0x00, 0x00, 0x00, 0x00, 0x00, 0x00, 0x00, 
    0x00, 0x00, 0x00, 0x00, 0x00, 0x00, 0x00, 0x00, 0x00, 0x00, 0x00, 0x00, 0x00, 
    0x00, 0x00, 0x00, 0x00, 0x00, 0x00, 0x00, 0x00, 0x00, 0x00, 0x00, 0x00, 0x00, 
    0x00, 0x00, 0x00, 0x00, 0x00, 0x00, 0x00, 0x00, 0x00, 0x00, 0x00, 0x00, 0x00, 
    0x00, 0x00, 0x00, 0x00, 0x00, 0x00, 0x00, 0x00, 0x00, 0x00, 0x00, 0x00, 0x00, 
    0x00, 0x00, 0x00, 0x00, 0x00, 0x00, 0x00, 0x00, 0x00, 0x00, 0x00, 0x00, 0x00, 
    0x00, 0x00, 0x00, 0x00, 0x00, 0x00, 0x00, 0x00, 0x00, 0x00, 0x00, 0x00, 0x00, 
    0x00, 0x00, 0x00, 0x00, 0x00, 0x00, 0x00, 0x00, 0x00, 0x00, 0x00, 0x00, 0x00, 
    0x00, 0x00, 0x00, 0x00, 0x00, 0x00, 0x00, 0x00, 0x00, 0x00, 0x00, 0x00, 0x00, 
    0x00, 0x00, 0x00, 0x00, 0x00, 0x00, 0x00, 0x00, 0x00, 0x00, 0x00, 0x00, 0x00, 
    0x00, 0x00, 0x00, 0x00, 0x00, 0x00, 0x00, 0x00, 0x00, 0x00, 0x00, 0x00, 0x00, 
    0x00, 0x00, 0x00, 0x00, 0x00, 0x00, 0x00, 0x00, 0x00, 0x00, 0x00, 0x00, 0x00, 
    0x00, 0x00, 0x00, 0x00, 0x00, 0x00, 0x00, 0x00, 0x00, 0x00, 0x00, 0x00, 0x00, 
    0x00, 0x00, 0x00, 0x00, 0x00, 0x00, 0x00, 0x00, 0x00, 0x00, 0x00, 0x00, 0x00, 
    0x00, 0x00, 0x00, 0x00, 0x00, 0x00, 0x00, 0x00, 0x00, 0x00, 0x00, 0x00, 0x00, 
    0x00, 0x00, 0x00, 0x00, 0x00, 0x00, 0x00, 0x00, 0x00, 0x00, 0x00, 0x00, 0x00, 
    0x00, 0x00, 0x00, 0x00, 0x00, 0x00, 0x00, 0x00, 0x00, 0x00, 0x00, 0x00, 0x00, 
    0x00, 0x00, 0x00, 0x00, 0x00, 0x00, 0x00, 0x00, 0x00, 0x00, 0x00, 0x00, 0x00, 
    0x00, 0x00, 0x00, 0x00, 0x00, 0x00, 0x00, 0x00, 0x00, 0x00, 0x00, 0x00, 0x00, 
    0x00, 0x00, 0x00, 0x00, 0x00, 0x00, 0x00, 0x00, 0x00, 0x00, 0x00, 0x00, 0x00, 
    0x00, 0x00, 0x00, 0x00, 0x00, 0x00, 0x00, 0x00, 0x00, 0x00, 0x00, 0x00, 0x00, 
    0x00, 0x00, 0x00, 0x00, 0x00, 0x00, 0x00, 0x00, 0x00, 0x00, 0x00, 0x00, 0x00, 
    0x00, 0x00, 0x00, 0x00, 0x00, 0x00, 0x00, 0x00, 0x00, 0x00, 0x00, 0x00, 0x00, 
    0x00, 0x00, 0x00, 0x00, 0x00, 0x00, 0x00, 0x00, 0x00, 0x00, 0x00, 0x00, 0x00, 
    0x00, 0x00, 0x00, 0x00, 0x00, 0x00, 0x00, 0x00, 0x00, 0x00, 0x00, 0x00, 0x00, 
    0x00, 0x00, 0x00, 0x00, 0x00, 0x00, 0x00, 0x00, 0x00, 0x00, 0x00, 0x00, 0x00, 
    0x00, 0x00, 0x00, 0x00, 0x00, 0x00, 0x00, 0x00, 0x00, 0x00, 0x00, 0x00, 0x00, 
    0x00, 0x00, 0x00, 0x00, 0x00, 0x00, 0x00, 0x00, 0x00, 0x00, 0x00, 0x00, 0x00, 
    0x00, 0x00, 0x00, 0x00, 0x00, 0x00, 0x00, 0x00, 0x00, 0x00, 0x00, 0x00, 0x00, 
    0x00, 0x00, 0x00, 0x00, 0x00
};

/* THEME_1_CHECKBOX_OFF auxiliary data                                         */

static GX_CONST GX_UBYTE MAIN_DISPLAY_THEME_1_CHECKBOX_OFF_pixelmap_aux_data[128] =
{
    0xff, 0xff, 0xff, 0xff, 0xff, 0xff, 0xff, 0xff, 0xf0, 0x00, 0x00, 0x0f, 0xe0, 
    0x00, 0x00, 0x07, 0xcf, 0xff, 0xff, 0xf3, 0xcf, 0xff, 0xff, 0xf3, 0xcf, 0xff, 
    0xff, 0xf3, 0xcf, 0xff, 0xff, 0xf3, 0xcf, 0xff, 0xff, 0xf3, 0xcf, 0xff, 0xff, 
    0xf3, 0xcf, 0xff, 0xff, 0xf3, 0xcf, 0xff, 0xff, 0xf3, 0xcf, 0xff, 0xff, 0xf3, 
    0xcf, 0xff, 0xff, 0xf3, 0xcf, 0xff, 0xff, 0xf3, 0xcf, 0xff, 0xff, 0xf3, 0xcf, 
    0xff, 0xff, 0xf3, 0xcf, 0xff, 0xff, 0xf3, 0xcf, 0xff, 0xff, 0xf3, 0xcf, 0xff, 
    0xff, 0xf3, 0xcf, 0xff, 0xff, 0xf3, 0xcf, 0xff, 0xff, 0xf3, 0xcf, 0xff, 0xff, 
    0xf3, 0xcf, 0xff, 0xff, 0xf3, 0xcf, 0xff, 0xff, 0xf3, 0xcf, 0xff, 0xff, 0xf3, 
    0xcf, 0xff, 0xff, 0xf3, 0xcf, 0xff, 0xff, 0xf3, 0xe0, 0x00, 0x00, 0x07, 0xf0, 
    0x00, 0x00, 0x0f, 0xff, 0xff, 0xff, 0xff, 0xff, 0xff, 0xff, 0xff
};
GX_CONST GX_PIXELMAP MAIN_DISPLAY_THEME_1_CHECKBOX_OFF_pixelmap =
{
    0x00000001,                              /* major version                  */
    0x00000000,                              /* minor version                  */
    GX_PIXELMAP_TRANSPARENT,                 /* flags                          */
    GX_COLOR_FORMAT_4BIT_GRAY,               /* Format                         */
    (GX_UBYTE *) MAIN_DISPLAY_THEME_1_CHECKBOX_OFF_pixelmap_data,
    sizeof(MAIN_DISPLAY_THEME_1_CHECKBOX_OFF_pixelmap_data),    /* the size of pixelmap_data*/
    (GX_UBYTE *) MAIN_DISPLAY_THEME_1_CHECKBOX_OFF_pixelmap_aux_data,
    sizeof(MAIN_DISPLAY_THEME_1_CHECKBOX_OFF_pixelmap_aux_data),    /* the size of pixelmap_data*/
    0x00,                                    /* used for transparent iamges    */
    32,                                      /* width in pixel                 */
    32                                       /* height in pixel                */
};

/* THEME_1_FINGER_PRINT pixelmap data                                          */

static GX_CONST GX_UBYTE MAIN_DISPLAY_THEME_1_FINGER_PRINT_pixelmap_data[572] =
{
    0xff, 0x00, 0xff, 0xff, 0x00, 0xff, 0xff, 0x00, 0xff, 0x00, 0xff, 0xff, 0x00, 
    0xff, 0x00, 0xff, 0xff, 0x00, 0xff, 0x00, 0xff, 0xff, 0x00, 0x00, 0xff, 0x00, 
    0x00, 0xff, 0xff, 0x00, 0xff, 0x00, 0xff, 0xff, 0x00, 0x00, 0xff, 0x00, 0x00, 
    0xff, 0xff, 0x00, 0x00, 0xff, 0x00, 0x00, 0xff, 0xff, 0x00, 0x00, 0xff, 0x00, 
    0x00, 0xff, 0xff, 0x00, 0xff, 0x00, 0xff, 0x00, 0xff, 0xff, 0x00, 0x00, 0xff, 
    0x00, 0xff, 0x00, 0x00, 0xff, 0xff, 0x00, 0x00, 0xff, 0x00, 0xff, 0x00, 0xff, 
    0x00, 0x00, 0xff, 0xff, 0x00, 0x00, 0xff, 0x00, 0xff, 0x00, 0x00, 0xff, 0x00, 
    0x00, 0xff, 0xff, 0xff, 0x00, 0x00, 0xff, 0x00, 0xff, 0x00, 0x00, 0xff, 0xff, 
    0xff, 0xff, 0x00, 0xff, 0x00, 0xff, 0x00, 0xff, 0x00, 0xff, 0xff, 0xff, 0xff, 
    0x00, 0xff, 0x00, 0xff, 0x00, 0xff, 0x00, 0xff, 0xff, 0xff, 0x00, 0x00, 0xff, 
    0x00, 0xff, 0x00, 0xff, 0x00, 0x00, 0xff, 0xff, 0x00, 0x00, 0xff, 0x00, 0x00, 
    0xff, 0x00, 0xff, 0x00, 0x00, 0xff, 0x00, 0x00, 0xff, 0xff, 0x00, 0xff, 0x00, 
    0x00, 0xff, 0x00, 0xff, 0x00, 0xff, 0x00, 0x00, 0xff, 0x00, 0xff, 0x00, 0x00, 
    0xff, 0x00, 0xff, 0x00, 0x00, 0xff, 0x00, 0xff, 0x00, 0xff, 0x00, 0x00, 0x00, 
    0x00, 0xff, 0x00, 0x00, 0xff, 0x00, 0xff, 0x00, 0x00, 0xff, 0x00, 0x00, 0x00, 
    0x00, 0xff, 0x00, 0xff, 0x00, 0xff, 0x00, 0xff, 0x00, 0x00, 0x00, 0x00, 0xff, 
    0x00, 0xff, 0x00, 0xff, 0x00, 0xff, 0xff, 0x00, 0x00, 0xff, 0x00, 0x00, 0x00, 
    0x00, 0xff, 0x00, 0x00, 0xff, 0x00, 0xff, 0x00, 0xff, 0x00, 0xff, 0x00, 0x00, 
    0x00, 0x00, 0xff, 0x00, 0x00, 0xff, 0xff, 0x00, 0x00, 0xff, 0x00, 0xff, 0x00, 
    0x00, 0xff, 0xff, 0x00, 0x00, 0xff, 0x00, 0x00, 0x00, 0x00, 0xff, 0x00, 0xff, 
    0x00, 0xff, 0xff, 0x00, 0xff, 0xff, 0x00, 0xff, 0xff, 0x00, 0xff, 0x00, 0xff, 
    0x00, 0x00, 0x00, 0x00, 0xff, 0x00, 0xff, 0x00, 0xff, 0xff, 0x00, 0x00, 0xff, 
    0x00, 0x00, 0xff, 0xff, 0x00, 0xff, 0x00, 0xff, 0x00, 0x00, 0x00, 0x00, 0xff, 
    0x00, 0xff, 0xff, 0x00, 0x00, 0xff, 0xff, 0x00, 0xff, 0x00, 0xff, 0xff, 0x00, 
    0x00, 0xff, 0xff, 0x00, 0xff, 0x00, 0x00, 0x00, 0x00, 0xff, 0x00, 0xff, 0xff, 
    0x00, 0x00, 0xff, 0xff, 0x00, 0xff, 0xff, 0x00, 0x00, 0xff, 0xff, 0x00, 0xff, 
    0x00, 0xff, 0xff, 0x00, 0xff, 0x00, 0x00, 0xff, 0x00, 0xff, 0x00, 0xff, 0xff, 
    0x00, 0x00, 0xff, 0xff, 0x00, 0xff, 0x00, 0xff, 0xff, 0x00, 0x00, 0xff, 0x00, 
    0x00, 0xff, 0x00, 0xff, 0xff, 0x00, 0x00, 0xff, 0x00, 0xff, 0xff, 0x00, 0x00, 
    0xff, 0xff, 0x00, 0x00, 0xff, 0xff, 0x00, 0xff, 0x00, 0x00, 0xff, 0xff, 0x00, 
    0x00, 0xff, 0x00, 0x00, 0xff, 0xff, 0x00, 0x00, 0xff, 0x00, 0xff, 0x00, 0xff, 
    0xff, 0x00, 0x00, 0xff, 0xff, 0x00, 0x00, 0xff, 0x00, 0xff, 0x00, 0x00, 0xff, 
    0xff, 0xff, 0x00, 0xff, 0x00, 0x00, 0xff, 0xff, 0x00, 0xff, 0x00, 0xff, 0x00, 
    0x00, 0xff, 0x00, 0xff, 0xff, 0xff, 0xff, 0x00, 0xff, 0x00, 0x00, 0xff, 0xff, 
    0x00, 0x00, 0xff, 0xff, 0x00, 0x00, 0xff, 0x00, 0x00, 0xff, 0x00, 0xff, 0xff, 
    0xff, 0xff, 0x00, 0x00, 0xff, 0x00, 0xff, 0x00, 0x00, 0xff, 0x00, 0xff, 0x00, 
    0x00, 0xff, 0xff, 0xff, 0x00, 0x00, 0xff, 0x00, 0x00, 0xff, 0x00, 0x00, 0xff, 
    0x00, 0x00, 0xff, 0x00, 0x00, 0xff, 0xff, 0x00, 0x00, 0xff, 0x00, 0x00, 0xff, 
    0x00, 0x00, 0xff, 0x00, 0x00, 0xff, 0xff, 0x00, 0x00, 0xff, 0x00, 0xff, 0x00, 
    0xff, 0x00, 0x00, 0xff, 0xff, 0x00, 0xff, 0x00, 0xff, 0x00, 0xff, 0xff, 0x00, 
    0x00, 0xff, 0x00, 0x00, 0xff, 0xff, 0x00, 0x00, 0xff, 0x00, 0x00, 0xff, 0xff, 
    0x00, 0x00, 0xff, 0x00, 0x00, 0xff, 0xff, 0x00, 0xff, 0x00, 0xff, 0xff, 0x00, 
    0x00, 0xff, 0x00, 0x00, 0xff, 0xff, 0x00, 0xff, 0x00, 0xff, 0xff, 0x00, 0xff, 
    0x00, 0xff, 0xff, 0x00, 0xff, 0x00, 0xff, 0xff, 0x00, 0xff, 0xff, 0x00, 0xff

};

/* THEME_1_FINGER_PRINT auxiliary data                                         */

static GX_CONST GX_UBYTE MAIN_DISPLAY_THEME_1_FINGER_PRINT_pixelmap_aux_data[353] =
{
    0x93, 0x89, 0x93, 0x90, 0x8f, 0x90, 0x8d, 0x83, 0x8d, 0x83, 0x8d, 0x8b, 0x82, 
    0x93, 0x82, 0x8b, 0x8a, 0x82, 0x95, 0x82, 0x8a, 0x89, 0x01, 0x99, 0x01, 0x89, 
    0x87, 0x82, 0x9b, 0x82, 0x87, 0x86, 0x01, 0x9f, 0x01, 0x86, 0x85, 0x01, 0xa1, 
    0x01, 0x85, 0x84, 0x01, 0xa3, 0x01, 0x84, 0x84, 0x00, 0x90, 0x83, 0x90, 0x00, 
    0x84, 0x83, 0x01, 0x8c, 0x8b, 0x8c, 0x01, 0x83, 0x82, 0x01, 0x8b, 0x82, 0x89, 
    0x82, 0x8b, 0x01, 0x82, 0x82, 0x01, 0x8b, 0x00, 0x8d, 0x01, 0x8a, 0x01, 0x82, 
    0x03, 0x90, 0x87, 0x90, 0x03, 0x02, 0x8e, 0x84, 0x83, 0x84, 0x8e, 0x02, 0x02, 
    0x8d, 0x82, 0x89, 0x82, 0x8d, 0x02, 0x02, 0x8b, 0x82, 0x8d, 0x82, 0x8b, 0x02, 
    0x02, 0x8a, 0x01, 0x83, 0x89, 0x83, 0x01, 0x8a, 0x02, 0x01, 0x8a, 0x01, 0x82, 
    0x82, 0x86, 0x82, 0x83, 0x01, 0x8a, 0x01, 0x01, 0x8a, 0x00, 0x82, 0x01, 0x8a, 
    0x82, 0x82, 0x00, 0x8a, 0x01, 0x01, 0x8d, 0x01, 0x83, 0x85, 0x83, 0x01, 0x8d, 
    0x01, 0x01, 0x8d, 0x00, 0x83, 0x87, 0x83, 0x00, 0x8d, 0x01, 0x01, 0x8c, 0x00, 
    0x82, 0x82, 0x85, 0x82, 0x03, 0x8c, 0x01, 0x01, 0x8b, 0x01, 0x82, 0x00, 0x89, 
    0x00, 0x82, 0x00, 0x8c, 0x01, 0x01, 0x8b, 0x05, 0x82, 0x83, 0x82, 0x05, 0x8b, 
    0x01, 0x01, 0x8b, 0x00, 0x82, 0x02, 0x82, 0x01, 0x82, 0x02, 0x82, 0x00, 0x8b, 
    0x01, 0x01, 0x8b, 0x00, 0x82, 0x04, 0x83, 0x04, 0x82, 0x00, 0x8b, 0x01, 0x01, 
    0x8b, 0x07, 0x85, 0x07, 0x8b, 0x01, 0x01, 0x8b, 0x0e, 0x82, 0x03, 0x8b, 0x01, 
    0x01, 0x8b, 0x07, 0x82, 0x04, 0x83, 0x01, 0x8b, 0x01, 0x02, 0x8a, 0x0b, 0x82, 
    0x05, 0x8b, 0x02, 0x02, 0x8a, 0x00, 0x82, 0x08, 0x82, 0x83, 0x8c, 0x02, 0x02, 
    0x8a, 0x04, 0x82, 0x00, 0x82, 0x01, 0x92, 0x02, 0x02, 0x8a, 0x09, 0x82, 0x01, 
    0x91, 0x02, 0x03, 0x8e, 0x00, 0x82, 0x01, 0x82, 0x85, 0x8b, 0x03, 0x82, 0x01, 
    0x8d, 0x01, 0x82, 0x01, 0x84, 0x01, 0x8b, 0x01, 0x82, 0x82, 0x01, 0x8e, 0x01, 
    0x82, 0x01, 0x91, 0x01, 0x82, 0x83, 0x01, 0x8e, 0x00, 0x83, 0x82, 0x8e, 0x01, 
    0x83, 0x84, 0x00, 0x95, 0x00, 0x8e, 0x00, 0x84, 0x84, 0x01, 0xa3, 0x01, 0x84, 
    0x85, 0x01, 0xa1, 0x01, 0x85, 0x86, 0x01, 0x9f, 0x01, 0x86, 0x87, 0x82, 0x9b, 
    0x82, 0x87, 0x89, 0x01, 0x99, 0x01, 0x89, 0x8a, 0x82, 0x95, 0x82, 0x8a, 0x8b, 
    0x82, 0x93, 0x82, 0x8b, 0x8d, 0x83, 0x8d, 0x83, 0x8d, 0x90, 0x8f, 0x90, 0x93, 
    0x89, 0x93
};
GX_CONST GX_PIXELMAP MAIN_DISPLAY_THEME_1_FINGER_PRINT_pixelmap =
{
    0x00000001,                              /* major version                  */
    0x00000000,                              /* minor version                  */
    GX_PIXELMAP_COMPRESSED|GX_PIXELMAP_TRANSPARENT,         /* flags           */
    GX_COLOR_FORMAT_4BIT_GRAY,               /* Format                         */
    (GX_UBYTE *) MAIN_DISPLAY_THEME_1_FINGER_PRINT_pixelmap_data,
    sizeof(MAIN_DISPLAY_THEME_1_FINGER_PRINT_pixelmap_data),    /* the size of pixelmap_data*/
    (GX_UBYTE *) MAIN_DISPLAY_THEME_1_FINGER_PRINT_pixelmap_aux_data,
    sizeof(MAIN_DISPLAY_THEME_1_FINGER_PRINT_pixelmap_aux_data),    /* the size of pixelmap_data*/
    0x00,                                    /* used for transparent iamges    */
    50,                                      /* width in pixel                 */
    50                                       /* height in pixel                */
};

/* THEME_1_NAV_BACK pixelmap data                                              */

static GX_CONST GX_UBYTE MAIN_DISPLAY_THEME_1_NAV_BACK_pixelmap_data[240] =
{
    0xff, 0xff, 0xff, 0xff, 0xff, 0x00, 0xff, 0xff, 0x00, 0xff, 0xff, 0x00, 0xff, 
    0xff, 0x00, 0xff, 0xff, 0x00, 0xff, 0x00, 0x00, 0xff, 0xff, 0x00, 0xff, 0x00, 
    0x00, 0xff, 0xff, 0x00, 0xff, 0x00, 0x00, 0xff, 0xff, 0x00, 0xff, 0x00, 0x00, 
    0xff, 0xff, 0x00, 0xff, 0x00, 0x00, 0xff, 0xff, 0x00, 0xff, 0x00, 0x00, 0xff, 
    0xff, 0x00, 0xff, 0x00, 0x00, 0xff, 0xff, 0x00, 0xff, 0x00, 0x00, 0xff, 0xff, 
    0x00, 0xff, 0x00, 0x00, 0xff, 0xff, 0x00, 0xff, 0x00, 0x00, 0xff, 0xff, 0x00, 
    0xff, 0x00, 0x00, 0xff, 0xff, 0x00, 0xff, 0x00, 0x00, 0xff, 0xff, 0x00, 0xff, 
    0x00, 0x00, 0xff, 0xff, 0x00, 0xff, 0x00, 0x00, 0xff, 0xff, 0x00, 0xff, 0x00, 
    0x00, 0xff, 0xff, 0x00, 0x00, 0xff, 0x00, 0x00, 0xff, 0xff, 0x00, 0x00, 0xff, 
    0x00, 0x00, 0xff, 0xff, 0x00, 0x00, 0xff, 0x00, 0x00, 0xff, 0xff, 0x00, 0x00, 
    0xff, 0x00, 0x00, 0xff, 0xff, 0x00, 0xff, 0x00, 0x00, 0xff, 0xff, 0x00, 0xff, 
    0x00, 0x00, 0xff, 0xff, 0x00, 0xff, 0x00, 0x00, 0xff, 0xff, 0x00, 0xff, 0x00, 
    0x00, 0xff, 0xff, 0x00, 0xff, 0x00, 0x00, 0xff, 0xff, 0x00, 0xff, 0x00, 0x00, 
    0xff, 0xff, 0x00, 0xff, 0x00, 0x00, 0xff, 0xff, 0x00, 0xff, 0x00, 0x00, 0xff, 
    0xff, 0x00, 0xff, 0x00, 0x00, 0xff, 0xff, 0x00, 0xff, 0x00, 0x00, 0xff, 0xff, 
    0x00, 0xff, 0x00, 0x00, 0xff, 0xff, 0x00, 0xff, 0x00, 0x00, 0xff, 0xff, 0x00, 
    0xff, 0x00, 0x00, 0xff, 0xff, 0x00, 0xff, 0x00, 0x00, 0xff, 0xff, 0x00, 0xff, 
    0x00, 0x00, 0xff, 0xff, 0x00, 0xff, 0xff, 0x00, 0xff, 0xff, 0x00, 0xff, 0xff, 
    0x00, 0xff, 0xff, 0xff, 0xff, 0xff
};

/* THEME_1_NAV_BACK auxiliary data                                             */

static GX_CONST GX_UBYTE MAIN_DISPLAY_THEME_1_NAV_BACK_pixelmap_aux_data[200] =
{
    0xaf, 0xaf, 0xaf, 0xaf, 0xa1, 0x83, 0x89, 0x9f, 0x86, 0x88, 0x9e, 0x83, 0x01, 
    0x82, 0x87, 0x9c, 0x83, 0x84, 0x01, 0x87, 0x9a, 0x84, 0x85, 0x01, 0x87, 0x99, 
    0x83, 0x87, 0x01, 0x87, 0x97, 0x83, 0x89, 0x01, 0x87, 0x95, 0x84, 0x8a, 0x01, 
    0x87, 0x94, 0x83, 0x8c, 0x01, 0x87, 0x92, 0x84, 0x8d, 0x01, 0x87, 0x90, 0x84, 
    0x8f, 0x01, 0x87, 0x8f, 0x83, 0x91, 0x01, 0x87, 0x8d, 0x84, 0x92, 0x01, 0x87, 
    0x8b, 0x84, 0x94, 0x01, 0x87, 0x8a, 0x83, 0x96, 0x01, 0x87, 0x88, 0x84, 0x97, 
    0x01, 0x87, 0x87, 0x83, 0x99, 0x01, 0x87, 0x86, 0x82, 0x9b, 0x01, 0x87, 0x86, 
    0x01, 0x9c, 0x01, 0x87, 0x86, 0x01, 0x9c, 0x01, 0x87, 0x86, 0x01, 0x9c, 0x01, 
    0x87, 0x86, 0x01, 0x9c, 0x01, 0x87, 0x86, 0x82, 0x9b, 0x01, 0x87, 0x87, 0x83, 
    0x99, 0x01, 0x87, 0x88, 0x84, 0x97, 0x01, 0x87, 0x8a, 0x83, 0x96, 0x01, 0x87, 
    0x8b, 0x84, 0x94, 0x01, 0x87, 0x8d, 0x84, 0x92, 0x01, 0x87, 0x8f, 0x83, 0x91, 
    0x01, 0x87, 0x90, 0x84, 0x8f, 0x01, 0x87, 0x92, 0x84, 0x8d, 0x01, 0x87, 0x94, 
    0x83, 0x8c, 0x01, 0x87, 0x95, 0x84, 0x8a, 0x01, 0x87, 0x97, 0x83, 0x89, 0x01, 
    0x87, 0x99, 0x83, 0x87, 0x01, 0x87, 0x9a, 0x84, 0x85, 0x01, 0x87, 0x9c, 0x83, 
    0x84, 0x01, 0x87, 0x9e, 0x83, 0x01, 0x82, 0x87, 0x9f, 0x86, 0x88, 0xa1, 0x83, 
    0x89, 0xaf, 0xaf, 0xaf, 0xaf
};
GX_CONST GX_PIXELMAP MAIN_DISPLAY_THEME_1_NAV_BACK_pixelmap =
{
    0x00000001,                              /* major version                  */
    0x00000000,                              /* minor version                  */
    GX_PIXELMAP_COMPRESSED|GX_PIXELMAP_TRANSPARENT,         /* flags           */
    GX_COLOR_FORMAT_4BIT_GRAY,               /* Format                         */
    (GX_UBYTE *) MAIN_DISPLAY_THEME_1_NAV_BACK_pixelmap_data,
    sizeof(MAIN_DISPLAY_THEME_1_NAV_BACK_pixelmap_data),    /* the size of pixelmap_data*/
    (GX_UBYTE *) MAIN_DISPLAY_THEME_1_NAV_BACK_pixelmap_aux_data,
    sizeof(MAIN_DISPLAY_THEME_1_NAV_BACK_pixelmap_aux_data),    /* the size of pixelmap_data*/
    0x00,                                    /* used for transparent iamges    */
    48,                                      /* width in pixel                 */
    48                                       /* height in pixel                */
};

/* THEME_1_NAV_HOME pixelmap data                                              */

static GX_CONST GX_UBYTE MAIN_DISPLAY_THEME_1_NAV_HOME_pixelmap_data[204] =
{
    0xff, 0xff, 0xff, 0xff, 0x00, 0xff, 0xff, 0x00, 0xff, 0xff, 0x00, 0xff, 0xff, 
    0x00, 0xff, 0x00, 0xff, 0xff, 0x00, 0xff, 0x00, 0xff, 0xff, 0x00, 0xff, 0x00, 
    0xff, 0xff, 0x00, 0xff, 0x00, 0xff, 0xff, 0x00, 0xff, 0x00, 0xff, 0xff, 0x00, 
    0xff, 0x00, 0xff, 0xff, 0x00, 0xff, 0x00, 0xff, 0xff, 0x00, 0xff, 0x00, 0xff, 
    0xff, 0x00, 0xff, 0x00, 0xff, 0xff, 0x00, 0xff, 0x00, 0xff, 0xff, 0x00, 0xff, 
    0x00, 0xff, 0xff, 0x00, 0xff, 0x00, 0xff, 0xff, 0x00, 0xff, 0x00, 0xff, 0xff, 
    0x00, 0xff, 0x00, 0xff, 0xff, 0x00, 0xff, 0x00, 0xff, 0xff, 0x00, 0xff, 0x00, 
    0xff, 0xff, 0x00, 0xff, 0x00, 0xff, 0xff, 0x00, 0xff, 0x00, 0xff, 0xff, 0x00, 
    0xff, 0x00, 0xff, 0xff, 0x00, 0xff, 0x00, 0xff, 0xff, 0x00, 0xff, 0x00, 0xff, 
    0xff, 0x00, 0xff, 0x00, 0xff, 0xff, 0x00, 0xff, 0x00, 0xff, 0xff, 0x00, 0xff, 
    0x00, 0xff, 0xff, 0x00, 0xff, 0x00, 0xff, 0xff, 0x00, 0xff, 0x00, 0xff, 0xff, 
    0x00, 0xff, 0x00, 0xff, 0xff, 0x00, 0xff, 0x00, 0xff, 0xff, 0x00, 0xff, 0x00, 
    0xff, 0xff, 0x00, 0xff, 0x00, 0xff, 0xff, 0x00, 0xff, 0x00, 0xff, 0xff, 0x00, 
    0xff, 0x00, 0xff, 0xff, 0x00, 0xff, 0x00, 0xff, 0xff, 0x00, 0xff, 0x00, 0xff, 
    0xff, 0x00, 0xff, 0x00, 0xff, 0xff, 0x00, 0xff, 0x00, 0xff, 0xff, 0x00, 0xff, 
    0xff, 0x00, 0xff, 0xff, 0x00, 0xff, 0xff, 0xff, 0xff
};

/* THEME_1_NAV_HOME auxiliary data                                             */

static GX_CONST GX_UBYTE MAIN_DISPLAY_THEME_1_NAV_HOME_pixelmap_aux_data[204] =
{
    0xaf, 0xaf, 0xaf, 0x93, 0x87, 0x93, 0x90, 0x8d, 0x90, 0x8d, 0x93, 0x8d, 0x8b, 
    0x87, 0x87, 0x87, 0x8b, 0x8a, 0x85, 0x8d, 0x85, 0x8a, 0x89, 0x84, 0x91, 0x84, 
    0x89, 0x88, 0x83, 0x95, 0x83, 0x88, 0x87, 0x83, 0x97, 0x83, 0x87, 0x86, 0x83, 
    0x99, 0x83, 0x86, 0x85, 0x83, 0x9b, 0x83, 0x85, 0x85, 0x82, 0x9d, 0x82, 0x85, 
    0x84, 0x83, 0x9d, 0x83, 0x84, 0x84, 0x82, 0x9f, 0x82, 0x84, 0x84, 0x82, 0x9f, 
    0x82, 0x84, 0x83, 0x82, 0xa1, 0x82, 0x83, 0x83, 0x82, 0xa1, 0x82, 0x83, 0x83, 
    0x82, 0xa1, 0x82, 0x83, 0x82, 0x82, 0xa3, 0x82, 0x82, 0x82, 0x82, 0xa3, 0x82, 
    0x82, 0x82, 0x82, 0xa3, 0x82, 0x82, 0x82, 0x82, 0xa3, 0x82, 0x82, 0x82, 0x82, 
    0xa3, 0x82, 0x82, 0x82, 0x82, 0xa3, 0x82, 0x82, 0x82, 0x82, 0xa3, 0x82, 0x82, 
    0x82, 0x82, 0xa3, 0x82, 0x82, 0x83, 0x82, 0xa1, 0x82, 0x83, 0x83, 0x82, 0xa1, 
    0x82, 0x83, 0x83, 0x82, 0xa1, 0x82, 0x83, 0x84, 0x82, 0x9f, 0x82, 0x84, 0x84, 
    0x82, 0x9f, 0x82, 0x84, 0x84, 0x83, 0x9d, 0x83, 0x84, 0x85, 0x82, 0x9d, 0x82, 
    0x85, 0x85, 0x83, 0x9b, 0x83, 0x85, 0x86, 0x83, 0x99, 0x83, 0x86, 0x87, 0x83, 
    0x97, 0x83, 0x87, 0x88, 0x83, 0x95, 0x83, 0x88, 0x89, 0x84, 0x91, 0x84, 0x89, 
    0x8a, 0x85, 0x8d, 0x85, 0x8a, 0x8b, 0x87, 0x87, 0x87, 0x8b, 0x8d, 0x93, 0x8d, 
    0x90, 0x8d, 0x90, 0x93, 0x87, 0x93, 0xaf, 0xaf, 0xaf
};
GX_CONST GX_PIXELMAP MAIN_DISPLAY_THEME_1_NAV_HOME_pixelmap =
{
    0x00000001,                              /* major version                  */
    0x00000000,                              /* minor version                  */
    GX_PIXELMAP_COMPRESSED|GX_PIXELMAP_TRANSPARENT,         /* flags           */
    GX_COLOR_FORMAT_4BIT_GRAY,               /* Format                         */
    (GX_UBYTE *) MAIN_DISPLAY_THEME_1_NAV_HOME_pixelmap_data,
    sizeof(MAIN_DISPLAY_THEME_1_NAV_HOME_pixelmap_data),    /* the size of pixelmap_data*/
    (GX_UBYTE *) MAIN_DISPLAY_THEME_1_NAV_HOME_pixelmap_aux_data,
    sizeof(MAIN_DISPLAY_THEME_1_NAV_HOME_pixelmap_aux_data),    /* the size of pixelmap_data*/
    0x00,                                    /* used for transparent iamges    */
    48,                                      /* width in pixel                 */
    48                                       /* height in pixel                */
};

/* THEME_1_NAV_NEXT pixelmap data                                              */

static GX_CONST GX_UBYTE MAIN_DISPLAY_THEME_1_NAV_NEXT_pixelmap_data[240] =
{
    0xff, 0xff, 0xff, 0xff, 0xff, 0x00, 0xff, 0xff, 0x00, 0xff, 0xff, 0x00, 0xff, 
    0xff, 0x00, 0xff, 0xff, 0x00, 0x00, 0xff, 0x00, 0xff, 0xff, 0x00, 0x00, 0xff, 
    0x00, 0xff, 0xff, 0x00, 0x00, 0xff, 0x00, 0xff, 0xff, 0x00, 0x00, 0xff, 0x00, 
    0xff, 0xff, 0x00, 0x00, 0xff, 0x00, 0xff, 0xff, 0x00, 0x00, 0xff, 0x00, 0xff, 
    0xff, 0x00, 0x00, 0xff, 0x00, 0xff, 0xff, 0x00, 0x00, 0xff, 0x00, 0xff, 0xff, 
    0x00, 0x00, 0xff, 0x00, 0xff, 0xff, 0x00, 0x00, 0xff, 0x00, 0xff, 0xff, 0x00, 
    0x00, 0xff, 0x00, 0xff, 0xff, 0x00, 0x00, 0xff, 0x00, 0xff, 0xff, 0x00, 0x00, 
    0xff, 0x00, 0xff, 0xff, 0x00, 0x00, 0xff, 0x00, 0xff, 0xff, 0x00, 0x00, 0xff, 
    0x00, 0xff, 0xff, 0x00, 0x00, 0xff, 0x00, 0x00, 0xff, 0xff, 0x00, 0x00, 0xff, 
    0x00, 0x00, 0xff, 0xff, 0x00, 0x00, 0xff, 0x00, 0x00, 0xff, 0xff, 0x00, 0x00, 
    0xff, 0x00, 0x00, 0xff, 0xff, 0x00, 0x00, 0xff, 0x00, 0xff, 0xff, 0x00, 0x00, 
    0xff, 0x00, 0xff, 0xff, 0x00, 0x00, 0xff, 0x00, 0xff, 0xff, 0x00, 0x00, 0xff, 
    0x00, 0xff, 0xff, 0x00, 0x00, 0xff, 0x00, 0xff, 0xff, 0x00, 0x00, 0xff, 0x00, 
    0xff, 0xff, 0x00, 0x00, 0xff, 0x00, 0xff, 0xff, 0x00, 0x00, 0xff, 0x00, 0xff, 
    0xff, 0x00, 0x00, 0xff, 0x00, 0xff, 0xff, 0x00, 0x00, 0xff, 0x00, 0xff, 0xff, 
    0x00, 0x00, 0xff, 0x00, 0xff, 0xff, 0x00, 0x00, 0xff, 0x00, 0xff, 0xff, 0x00, 
    0x00, 0xff, 0x00, 0xff, 0xff, 0x00, 0x00, 0xff, 0x00, 0xff, 0xff, 0x00, 0x00, 
    0xff, 0x00, 0xff, 0xff, 0x00, 0xff, 0xff, 0x00, 0xff, 0xff, 0x00, 0xff, 0xff, 
    0x00, 0xff, 0xff, 0xff, 0xff, 0xff
};

/* THEME_1_NAV_NEXT auxiliary data                                             */

static GX_CONST GX_UBYTE MAIN_DISPLAY_THEME_1_NAV_NEXT_pixelmap_aux_data[200] =
{
    0xaf, 0xaf, 0xaf, 0xaf, 0x89, 0x83, 0xa1, 0x88, 0x86, 0x9f, 0x87, 0x82, 0x01, 
    0x83, 0x9e, 0x87, 0x01, 0x84, 0x83, 0x9c, 0x87, 0x01, 0x85, 0x84, 0x9a, 0x87, 
    0x01, 0x87, 0x83, 0x99, 0x87, 0x01, 0x89, 0x83, 0x97, 0x87, 0x01, 0x8a, 0x84, 
    0x95, 0x87, 0x01, 0x8c, 0x83, 0x94, 0x87, 0x01, 0x8d, 0x84, 0x92, 0x87, 0x01, 
    0x8f, 0x84, 0x90, 0x87, 0x01, 0x91, 0x83, 0x8f, 0x87, 0x01, 0x92, 0x84, 0x8d, 
    0x87, 0x01, 0x94, 0x84, 0x8b, 0x87, 0x01, 0x96, 0x83, 0x8a, 0x87, 0x01, 0x97, 
    0x84, 0x88, 0x87, 0x01, 0x99, 0x83, 0x87, 0x87, 0x01, 0x9b, 0x82, 0x86, 0x87, 
    0x01, 0x9c, 0x01, 0x86, 0x87, 0x01, 0x9c, 0x01, 0x86, 0x87, 0x01, 0x9c, 0x01, 
    0x86, 0x87, 0x01, 0x9c, 0x01, 0x86, 0x87, 0x01, 0x9b, 0x82, 0x86, 0x87, 0x01, 
    0x99, 0x83, 0x87, 0x87, 0x01, 0x97, 0x84, 0x88, 0x87, 0x01, 0x96, 0x83, 0x8a, 
    0x87, 0x01, 0x94, 0x84, 0x8b, 0x87, 0x01, 0x92, 0x84, 0x8d, 0x87, 0x01, 0x91, 
    0x83, 0x8f, 0x87, 0x01, 0x8f, 0x84, 0x90, 0x87, 0x01, 0x8d, 0x84, 0x92, 0x87, 
    0x01, 0x8c, 0x83, 0x94, 0x87, 0x01, 0x8a, 0x84, 0x95, 0x87, 0x01, 0x89, 0x83, 
    0x97, 0x87, 0x01, 0x87, 0x83, 0x99, 0x87, 0x01, 0x85, 0x84, 0x9a, 0x87, 0x01, 
    0x84, 0x83, 0x9c, 0x87, 0x82, 0x01, 0x83, 0x9e, 0x88, 0x86, 0x9f, 0x89, 0x83, 
    0xa1, 0xaf, 0xaf, 0xaf, 0xaf
};
GX_CONST GX_PIXELMAP MAIN_DISPLAY_THEME_1_NAV_NEXT_pixelmap =
{
    0x00000001,                              /* major version                  */
    0x00000000,                              /* minor version                  */
    GX_PIXELMAP_COMPRESSED|GX_PIXELMAP_TRANSPARENT,         /* flags           */
    GX_COLOR_FORMAT_4BIT_GRAY,               /* Format                         */
    (GX_UBYTE *) MAIN_DISPLAY_THEME_1_NAV_NEXT_pixelmap_data,
    sizeof(MAIN_DISPLAY_THEME_1_NAV_NEXT_pixelmap_data),    /* the size of pixelmap_data*/
    (GX_UBYTE *) MAIN_DISPLAY_THEME_1_NAV_NEXT_pixelmap_aux_data,
    sizeof(MAIN_DISPLAY_THEME_1_NAV_NEXT_pixelmap_aux_data),    /* the size of pixelmap_data*/
    0x00,                                    /* used for transparent iamges    */
    48,                                      /* width in pixel                 */
    48                                       /* height in pixel                */
};

/* Pixelmap Table                                                              */


GX_CONST GX_PIXELMAP *main_display_theme_1_pixelmap_table[] =
{
    GX_NULL,
    &MAIN_DISPLAY_THEME_1_RADIO_ON_pixelmap,
    &MAIN_DISPLAY_THEME_1_RADIO_OFF_pixelmap,
    &MAIN_DISPLAY_THEME_1_CHECKBOX_ON_pixelmap,
    &MAIN_DISPLAY_THEME_1_CHECKBOX_OFF_pixelmap,
    &MAIN_DISPLAY_THEME_1_FINGER_PRINT_pixelmap,
    &MAIN_DISPLAY_THEME_1_NAV_BACK_pixelmap,
    &MAIN_DISPLAY_THEME_1_NAV_HOME_pixelmap,
    &MAIN_DISPLAY_THEME_1_NAV_NEXT_pixelmap
};

/* String values                                                               */

GX_CONST GX_UBYTE main_display_STRING_25_English[] = "NFC";
GX_CONST GX_UBYTE main_display_STRING_48_English[] = "Build number";
GX_CONST GX_UBYTE main_display_STRING_49_English[] = "001.00";
GX_CONST GX_UBYTE main_display_STRING_52_English[] = "Fingerprint";
GX_CONST GX_UBYTE main_display_STRING_194_English[] = ":";
GX_CONST GX_UBYTE main_display_STRING_201_English[] = "12";
GX_CONST GX_UBYTE main_display_STRING_243_English[] = "10";
GX_CONST GX_UBYTE main_display_STRING_249_English[] = "Next";
GX_CONST GX_UBYTE main_display_STRING_272_English[] = "0";
GX_CONST GX_UBYTE main_display_STRING_324_English[] = "Day";
GX_CONST GX_UBYTE main_display_STRING_325_English[] = "Year";
GX_CONST GX_UBYTE main_display_STRING_326_English[] = "Month";
GX_CONST GX_UBYTE main_display_STRING_335_English[] = "2025";
GX_CONST GX_UBYTE main_display_STRING_336_English[] = "00";
GX_CONST GX_UBYTE main_display_STRING_374_English[] = "Calibrate";
GX_CONST GX_UBYTE main_display_STRING_381_English[] = "TP";
GX_CONST GX_UBYTE main_display_STRING_382_English[] = "LCD";
GX_CONST GX_UBYTE main_display_STRING_383_English[] = "LED";
GX_CONST GX_UBYTE main_display_STRING_384_English[] = "Key";
GX_CONST GX_UBYTE main_display_STRING_385_English[] = "Vibrator";
GX_CONST GX_UBYTE main_display_STRING_386_English[] = "FP";
GX_CONST GX_UBYTE main_display_STRING_387_English[] = "Charger";
GX_CONST GX_UBYTE main_display_STRING_388_English[] = "RTC";
GX_CONST GX_UBYTE main_display_STRING_389_English[] = "BT";
GX_CONST GX_UBYTE main_display_STRING_390_English[] = "Test Mode";
GX_CONST GX_UBYTE main_display_STRING_398_English[] = "Back";
GX_CONST GX_UBYTE main_display_STRING_401_English[] = "Failed";
GX_CONST GX_UBYTE main_display_STRING_404_English[] = "Pass";
GX_CONST GX_UBYTE main_display_STRING_406_English[] = "Power Key Pressed";
GX_CONST GX_UBYTE main_display_STRING_407_English[] = "Status: Unplugged";
GX_CONST GX_UBYTE main_display_STRING_408_English[] = "Level: 50%";
GX_CONST GX_UBYTE main_display_STRING_421_English[] = "Address: NULL";
GX_CONST GX_UBYTE main_display_STRING_422_English[] = "Name: NULL";
GX_CONST GX_UBYTE main_display_STRING_423_English[] = "Status: DISABLED";
GX_CONST GX_UBYTE main_display_STRING_425_English[] = "OPEN";
GX_CONST GX_UBYTE main_display_STRING_432_English[] = "ENABLE";
GX_CONST GX_UBYTE main_display_STRING_436_English[] = "1";
GX_CONST GX_UBYTE main_display_STRING_437_English[] = "3";
GX_CONST GX_UBYTE main_display_STRING_438_English[] = "4";
GX_CONST GX_UBYTE main_display_STRING_439_English[] = "5";
GX_CONST GX_UBYTE main_display_STRING_440_English[] = "6";
GX_CONST GX_UBYTE main_display_STRING_442_English[] = "2";
GX_CONST GX_UBYTE main_display_STRING_444_English[] = "START";
GX_CONST GX_UBYTE main_display_STRING_458_English[] = "20";
GX_CONST GX_UBYTE main_display_STRING_459_English[] = "DATE:";
GX_CONST GX_UBYTE main_display_STRING_460_English[] = "TIME:";
GX_CONST GX_UBYTE main_display_STRING_462_English[] = "GET RTC";
GX_CONST GX_UBYTE main_display_STRING_463_English[] = "SET RTC";
GX_CONST GX_UBYTE main_display_STRING_464_English[] = "Factory Reset";
GX_CONST GX_UBYTE main_display_STRING_466_English[] = "Hour";
GX_CONST GX_UBYTE main_display_STRING_467_English[] = "Minute";
GX_CONST GX_UBYTE main_display_STRING_468_English[] = "Second";
GX_CONST GX_UBYTE main_display_STRING_514_English[] = "300000";
GX_CONST GX_UBYTE main_display_STRING_515_English[] = "Version Info";
GX_CONST GX_UBYTE main_display_STRING_516_English[] = "Reboot";
GX_CONST GX_UBYTE main_display_STRING_518_English[] = "Serial number";
GX_CONST GX_UBYTE main_display_STRING_519_English[] = "Bootloader version";
GX_CONST GX_UBYTE main_display_STRING_521_English[] = "Version info";
GX_CONST GX_UBYTE main_display_STRING_520_English[] = "Reboot test";
GX_CONST GX_UBYTE main_display_STRING_522_English[] = "Cycle:";
GX_CONST GX_UBYTE main_display_STRING_524_English[] = "500";
GX_CONST GX_UBYTE main_display_STRING_553_English[] = "Bluetooth fw version";
GX_CONST GX_UBYTE main_display_STRING_575_English[] = "Factory Mode Test";
GX_CONST GX_UBYTE main_display_STRING_576_English[] = "DVT";
GX_CONST GX_UBYTE main_display_STRING_4_English[] = "Logger";
GX_CONST GX_UBYTE main_display_STRING_12_English[] = "Enter your Name";
GX_CONST GX_UBYTE main_display_STRING_27_English[] = "Recover Silicon Key";
GX_CONST GX_UBYTE main_display_STRING_70_English[] = "Linear";
GX_CONST GX_UBYTE main_display_STRING_71_English[] = "LEFT:";
GX_CONST GX_UBYTE main_display_STRING_75_English[] = "NFC RW";
GX_CONST GX_UBYTE main_display_STRING_78_English[] = "NFC RW Test";
GX_CONST GX_UBYTE main_display_STRING_84_English[] = "Clicked the ENABLE button to enable NFC Reading and writing or clicked the DISABLE button to disable NFC RW.";
GX_CONST GX_UBYTE main_display_STRING_94_English[] = "NFC Applet";
GX_CONST GX_UBYTE main_display_STRING_98_English[] = "Stress Test";
GX_CONST GX_UBYTE main_display_STRING_99_English[] = "NC Upgrade";
GX_CONST GX_UBYTE main_display_STRING_100_English[] = "Get NC Ver";
GX_CONST GX_UBYTE main_display_STRING_101_English[] = "Delete Applet";
GX_CONST GX_UBYTE main_display_STRING_103_English[] = "Install Applet";
GX_CONST GX_UBYTE main_display_STRING_104_English[] = "NC test";
GX_CONST GX_UBYTE main_display_STRING_106_English[] = "NFC Applet Test";
GX_CONST GX_UBYTE main_display_STRING_105_English[] = "Hardware version";
GX_CONST GX_UBYTE main_display_STRING_116_English[] = "Storage";
GX_CONST GX_UBYTE main_display_STRING_117_English[] = "Nand flash Status";
GX_CONST GX_UBYTE main_display_STRING_118_English[] = "Reram Status";
GX_CONST GX_UBYTE main_display_STRING_119_English[] = "Factory serial number";
GX_CONST GX_UBYTE main_display_STRING_120_English[] = "MMI 1 Test";
GX_CONST GX_UBYTE main_display_STRING_122_English[] = "MMI 2 Test";
GX_CONST GX_UBYTE main_display_STRING_124_English[] = {0xe2, 0x80, 0x8c, 0x54, 0x6f, 0x74, 0x61, 0x6c, 0x20, 0x63, 0x79, 0x63, 0x6c, 0x65, 0x20, 0x63, 0x6f, 0x6d, 0x70, 0x6c, 0x65, 0x74, 0x65, 0x20, 0x3a, 0x0d, 0x00};
GX_CONST GX_UBYTE main_display_STRING_126_English[] = "Reset";
GX_CONST GX_UBYTE main_display_STRING_123_English[] = "Cycle Times :";
GX_CONST GX_UBYTE main_display_STRING_125_English[] = "/ ";
GX_CONST GX_UBYTE main_display_STRING_127_English[] = "Start Test";
GX_CONST GX_UBYTE main_display_STRING_128_English[] = "Test content:\r\rLCD : 16 gray dispaly and A2,DU2,GC16 refresh mode.\rLED : RED,GREEN,BLUE RGB color Flashing for 10 seconds.\rVibrator: LONG Vibrator for 10 seconds.\rStorage : The NAND/RAM write/read test is conducted 10 times as one cycle.";
GX_CONST GX_UBYTE main_display_STRING_129_English[] = "A2";
GX_CONST GX_UBYTE main_display_STRING_130_English[] = "DU2";
GX_CONST GX_UBYTE main_display_STRING_131_English[] = "GC16";
GX_CONST GX_UBYTE main_display_STRING_132_English[] = "LED Auto Test";
GX_CONST GX_UBYTE main_display_STRING_133_English[] = "Storage Auto Test";
GX_CONST GX_UBYTE main_display_STRING_134_English[] = "NAND READ";
GX_CONST GX_UBYTE main_display_STRING_135_English[] = "NAND WRITE";
GX_CONST GX_UBYTE main_display_STRING_136_English[] = "RERAM READ";
GX_CONST GX_UBYTE main_display_STRING_137_English[] = "RERAM WRITE";
GX_CONST GX_UBYTE main_display_STRING_138_English[] = "Vibrator Auto Test";
GX_CONST GX_UBYTE main_display_STRING_195_English[] = "CANCEL";
GX_CONST GX_UBYTE main_display_STRING_196_English[] = "OK";
GX_CONST GX_UBYTE main_display_STRING_1_English[] = "Reboot Directly";
GX_CONST GX_UBYTE main_display_STRING_2_English[] = {0xe2, 0x9c, 0x93, 0x00};

/* String Table for main_display language English                              */

GX_CONST GX_STRING main_display_English_string_table[108] =
{
    {GX_NULL, 0},
    {(GX_CONST GX_CHAR *)main_display_STRING_25_English, sizeof(main_display_STRING_25_English) - 1},
    {(GX_CONST GX_CHAR *)main_display_STRING_48_English, sizeof(main_display_STRING_48_English) - 1},
    {(GX_CONST GX_CHAR *)main_display_STRING_49_English, sizeof(main_display_STRING_49_English) - 1},
    {(GX_CONST GX_CHAR *)main_display_STRING_52_English, sizeof(main_display_STRING_52_English) - 1},
    {(GX_CONST GX_CHAR *)main_display_STRING_194_English, sizeof(main_display_STRING_194_English) - 1},
    {(GX_CONST GX_CHAR *)main_display_STRING_201_English, sizeof(main_display_STRING_201_English) - 1},
    {(GX_CONST GX_CHAR *)main_display_STRING_243_English, sizeof(main_display_STRING_243_English) - 1},
    {(GX_CONST GX_CHAR *)main_display_STRING_249_English, sizeof(main_display_STRING_249_English) - 1},
    {(GX_CONST GX_CHAR *)main_display_STRING_272_English, sizeof(main_display_STRING_272_English) - 1},
    {(GX_CONST GX_CHAR *)main_display_STRING_324_English, sizeof(main_display_STRING_324_English) - 1},
    {(GX_CONST GX_CHAR *)main_display_STRING_325_English, sizeof(main_display_STRING_325_English) - 1},
    {(GX_CONST GX_CHAR *)main_display_STRING_326_English, sizeof(main_display_STRING_326_English) - 1},
    {(GX_CONST GX_CHAR *)main_display_STRING_335_English, sizeof(main_display_STRING_335_English) - 1},
    {(GX_CONST GX_CHAR *)main_display_STRING_336_English, sizeof(main_display_STRING_336_English) - 1},
    {(GX_CONST GX_CHAR *)main_display_STRING_374_English, sizeof(main_display_STRING_374_English) - 1},
    {(GX_CONST GX_CHAR *)main_display_STRING_381_English, sizeof(main_display_STRING_381_English) - 1},
    {(GX_CONST GX_CHAR *)main_display_STRING_382_English, sizeof(main_display_STRING_382_English) - 1},
    {(GX_CONST GX_CHAR *)main_display_STRING_383_English, sizeof(main_display_STRING_383_English) - 1},
    {(GX_CONST GX_CHAR *)main_display_STRING_384_English, sizeof(main_display_STRING_384_English) - 1},
    {(GX_CONST GX_CHAR *)main_display_STRING_385_English, sizeof(main_display_STRING_385_English) - 1},
    {(GX_CONST GX_CHAR *)main_display_STRING_386_English, sizeof(main_display_STRING_386_English) - 1},
    {(GX_CONST GX_CHAR *)main_display_STRING_387_English, sizeof(main_display_STRING_387_English) - 1},
    {(GX_CONST GX_CHAR *)main_display_STRING_388_English, sizeof(main_display_STRING_388_English) - 1},
    {(GX_CONST GX_CHAR *)main_display_STRING_389_English, sizeof(main_display_STRING_389_English) - 1},
    {(GX_CONST GX_CHAR *)main_display_STRING_390_English, sizeof(main_display_STRING_390_English) - 1},
    {(GX_CONST GX_CHAR *)main_display_STRING_398_English, sizeof(main_display_STRING_398_English) - 1},
    {(GX_CONST GX_CHAR *)main_display_STRING_401_English, sizeof(main_display_STRING_401_English) - 1},
    {(GX_CONST GX_CHAR *)main_display_STRING_404_English, sizeof(main_display_STRING_404_English) - 1},
    {(GX_CONST GX_CHAR *)main_display_STRING_406_English, sizeof(main_display_STRING_406_English) - 1},
    {(GX_CONST GX_CHAR *)main_display_STRING_407_English, sizeof(main_display_STRING_407_English) - 1},
    {(GX_CONST GX_CHAR *)main_display_STRING_408_English, sizeof(main_display_STRING_408_English) - 1},
    {(GX_CONST GX_CHAR *)main_display_STRING_421_English, sizeof(main_display_STRING_421_English) - 1},
    {(GX_CONST GX_CHAR *)main_display_STRING_422_English, sizeof(main_display_STRING_422_English) - 1},
    {(GX_CONST GX_CHAR *)main_display_STRING_423_English, sizeof(main_display_STRING_423_English) - 1},
    {(GX_CONST GX_CHAR *)main_display_STRING_425_English, sizeof(main_display_STRING_425_English) - 1},
    {(GX_CONST GX_CHAR *)main_display_STRING_432_English, sizeof(main_display_STRING_432_English) - 1},
    {(GX_CONST GX_CHAR *)main_display_STRING_436_English, sizeof(main_display_STRING_436_English) - 1},
    {(GX_CONST GX_CHAR *)main_display_STRING_437_English, sizeof(main_display_STRING_437_English) - 1},
    {(GX_CONST GX_CHAR *)main_display_STRING_438_English, sizeof(main_display_STRING_438_English) - 1},
    {(GX_CONST GX_CHAR *)main_display_STRING_439_English, sizeof(main_display_STRING_439_English) - 1},
    {(GX_CONST GX_CHAR *)main_display_STRING_440_English, sizeof(main_display_STRING_440_English) - 1},
    {(GX_CONST GX_CHAR *)main_display_STRING_442_English, sizeof(main_display_STRING_442_English) - 1},
    {(GX_CONST GX_CHAR *)main_display_STRING_444_English, sizeof(main_display_STRING_444_English) - 1},
    {(GX_CONST GX_CHAR *)main_display_STRING_458_English, sizeof(main_display_STRING_458_English) - 1},
    {(GX_CONST GX_CHAR *)main_display_STRING_459_English, sizeof(main_display_STRING_459_English) - 1},
    {(GX_CONST GX_CHAR *)main_display_STRING_460_English, sizeof(main_display_STRING_460_English) - 1},
    {(GX_CONST GX_CHAR *)main_display_STRING_462_English, sizeof(main_display_STRING_462_English) - 1},
    {(GX_CONST GX_CHAR *)main_display_STRING_463_English, sizeof(main_display_STRING_463_English) - 1},
    {(GX_CONST GX_CHAR *)main_display_STRING_464_English, sizeof(main_display_STRING_464_English) - 1},
    {(GX_CONST GX_CHAR *)main_display_STRING_466_English, sizeof(main_display_STRING_466_English) - 1},
    {(GX_CONST GX_CHAR *)main_display_STRING_467_English, sizeof(main_display_STRING_467_English) - 1},
    {(GX_CONST GX_CHAR *)main_display_STRING_468_English, sizeof(main_display_STRING_468_English) - 1},
    {(GX_CONST GX_CHAR *)main_display_STRING_514_English, sizeof(main_display_STRING_514_English) - 1},
    {(GX_CONST GX_CHAR *)main_display_STRING_515_English, sizeof(main_display_STRING_515_English) - 1},
    {(GX_CONST GX_CHAR *)main_display_STRING_516_English, sizeof(main_display_STRING_516_English) - 1},
    {(GX_CONST GX_CHAR *)main_display_STRING_518_English, sizeof(main_display_STRING_518_English) - 1},
    {(GX_CONST GX_CHAR *)main_display_STRING_519_English, sizeof(main_display_STRING_519_English) - 1},
    {(GX_CONST GX_CHAR *)main_display_STRING_521_English, sizeof(main_display_STRING_521_English) - 1},
    {(GX_CONST GX_CHAR *)main_display_STRING_520_English, sizeof(main_display_STRING_520_English) - 1},
    {(GX_CONST GX_CHAR *)main_display_STRING_522_English, sizeof(main_display_STRING_522_English) - 1},
    {(GX_CONST GX_CHAR *)main_display_STRING_524_English, sizeof(main_display_STRING_524_English) - 1},
    {(GX_CONST GX_CHAR *)main_display_STRING_553_English, sizeof(main_display_STRING_553_English) - 1},
    {(GX_CONST GX_CHAR *)main_display_STRING_575_English, sizeof(main_display_STRING_575_English) - 1},
    {(GX_CONST GX_CHAR *)main_display_STRING_576_English, sizeof(main_display_STRING_576_English) - 1},
    {(GX_CONST GX_CHAR *)main_display_STRING_4_English, sizeof(main_display_STRING_4_English) - 1},
    {(GX_CONST GX_CHAR *)main_display_STRING_12_English, sizeof(main_display_STRING_12_English) - 1},
    {(GX_CONST GX_CHAR *)main_display_STRING_27_English, sizeof(main_display_STRING_27_English) - 1},
    {(GX_CONST GX_CHAR *)main_display_STRING_70_English, sizeof(main_display_STRING_70_English) - 1},
    {(GX_CONST GX_CHAR *)main_display_STRING_71_English, sizeof(main_display_STRING_71_English) - 1},
    {(GX_CONST GX_CHAR *)main_display_STRING_75_English, sizeof(main_display_STRING_75_English) - 1},
    {(GX_CONST GX_CHAR *)main_display_STRING_78_English, sizeof(main_display_STRING_78_English) - 1},
    {(GX_CONST GX_CHAR *)main_display_STRING_84_English, sizeof(main_display_STRING_84_English) - 1},
    {(GX_CONST GX_CHAR *)main_display_STRING_94_English, sizeof(main_display_STRING_94_English) - 1},
    {(GX_CONST GX_CHAR *)main_display_STRING_98_English, sizeof(main_display_STRING_98_English) - 1},
    {(GX_CONST GX_CHAR *)main_display_STRING_99_English, sizeof(main_display_STRING_99_English) - 1},
    {(GX_CONST GX_CHAR *)main_display_STRING_100_English, sizeof(main_display_STRING_100_English) - 1},
    {(GX_CONST GX_CHAR *)main_display_STRING_101_English, sizeof(main_display_STRING_101_English) - 1},
    {(GX_CONST GX_CHAR *)main_display_STRING_103_English, sizeof(main_display_STRING_103_English) - 1},
    {(GX_CONST GX_CHAR *)main_display_STRING_104_English, sizeof(main_display_STRING_104_English) - 1},
    {(GX_CONST GX_CHAR *)main_display_STRING_106_English, sizeof(main_display_STRING_106_English) - 1},
    {(GX_CONST GX_CHAR *)main_display_STRING_105_English, sizeof(main_display_STRING_105_English) - 1},
    {(GX_CONST GX_CHAR *)main_display_STRING_116_English, sizeof(main_display_STRING_116_English) - 1},
    {(GX_CONST GX_CHAR *)main_display_STRING_117_English, sizeof(main_display_STRING_117_English) - 1},
    {(GX_CONST GX_CHAR *)main_display_STRING_118_English, sizeof(main_display_STRING_118_English) - 1},
    {(GX_CONST GX_CHAR *)main_display_STRING_119_English, sizeof(main_display_STRING_119_English) - 1},
    {(GX_CONST GX_CHAR *)main_display_STRING_120_English, sizeof(main_display_STRING_120_English) - 1},
    {(GX_CONST GX_CHAR *)main_display_STRING_122_English, sizeof(main_display_STRING_122_English) - 1},
    {(GX_CONST GX_CHAR *)main_display_STRING_124_English, sizeof(main_display_STRING_124_English) - 1},
    {(GX_CONST GX_CHAR *)main_display_STRING_126_English, sizeof(main_display_STRING_126_English) - 1},
    {(GX_CONST GX_CHAR *)main_display_STRING_123_English, sizeof(main_display_STRING_123_English) - 1},
    {(GX_CONST GX_CHAR *)main_display_STRING_125_English, sizeof(main_display_STRING_125_English) - 1},
    {(GX_CONST GX_CHAR *)main_display_STRING_127_English, sizeof(main_display_STRING_127_English) - 1},
    {(GX_CONST GX_CHAR *)main_display_STRING_128_English, sizeof(main_display_STRING_128_English) - 1},
    {(GX_CONST GX_CHAR *)main_display_STRING_129_English, sizeof(main_display_STRING_129_English) - 1},
    {(GX_CONST GX_CHAR *)main_display_STRING_130_English, sizeof(main_display_STRING_130_English) - 1},
    {(GX_CONST GX_CHAR *)main_display_STRING_131_English, sizeof(main_display_STRING_131_English) - 1},
    {(GX_CONST GX_CHAR *)main_display_STRING_132_English, sizeof(main_display_STRING_132_English) - 1},
    {(GX_CONST GX_CHAR *)main_display_STRING_133_English, sizeof(main_display_STRING_133_English) - 1},
    {(GX_CONST GX_CHAR *)main_display_STRING_134_English, sizeof(main_display_STRING_134_English) - 1},
    {(GX_CONST GX_CHAR *)main_display_STRING_135_English, sizeof(main_display_STRING_135_English) - 1},
    {(GX_CONST GX_CHAR *)main_display_STRING_136_English, sizeof(main_display_STRING_136_English) - 1},
    {(GX_CONST GX_CHAR *)main_display_STRING_137_English, sizeof(main_display_STRING_137_English) - 1},
    {(GX_CONST GX_CHAR *)main_display_STRING_138_English, sizeof(main_display_STRING_138_English) - 1},
    {(GX_CONST GX_CHAR *)main_display_STRING_195_English, sizeof(main_display_STRING_195_English) - 1},
    {(GX_CONST GX_CHAR *)main_display_STRING_196_English, sizeof(main_display_STRING_196_English) - 1},
    {(GX_CONST GX_CHAR *)main_display_STRING_1_English, sizeof(main_display_STRING_1_English) - 1},
    {(GX_CONST GX_CHAR *)main_display_STRING_2_English, sizeof(main_display_STRING_2_English) - 1}
};

/*  Language Table                                                             */


GX_CONST GX_STRING *main_display_language_table[1] = 
{
    main_display_English_string_table,
};

GX_THEME main_display_theme_1 =
{
    (GX_COLOR *) main_display_theme_1_color_table,
    (GX_FONT **) main_display_theme_1_font_table,
    (GX_PIXELMAP **) main_display_theme_1_pixelmap_table,
    NULL,
    {
        20,                                  /* scroll width                   */
        18,                                  /* thumb width                    */
        20,                                  /* thumb travel min               */
        20,                                  /* thumb travel max               */
        4,                                   /* thumb border style             */
        0,                                   /* scroll fill pixelmap           */
        0,                                   /* scroll thumb pixelmap          */
        0,                                   /* scroll up pixelmap             */
        0,                                   /* scroll down pixelmap           */
        GX_COLOR_ID_SCROLL_BUTTON,           /* scroll thumb color             */
        GX_COLOR_ID_SCROLL_BUTTON,           /* scroll thumb border color      */
        GX_COLOR_ID_SCROLL_BUTTON,           /* scroll button color            */
    },
    {
        20,                                  /* scroll width                   */
        18,                                  /* thumb width                    */
        20,                                  /* thumb travel min               */
        20,                                  /* thumb travel max               */
        4,                                   /* thumb border style             */
        0,                                   /* scroll fill pixelmap           */
        0,                                   /* scroll thumb pixelmap          */
        0,                                   /* scroll up pixelmap             */
        0,                                   /* scroll down pixelmap           */
        GX_COLOR_ID_SCROLL_BUTTON,           /* scroll thumb color             */
        GX_COLOR_ID_CANVAS,                  /* scroll thumb border color      */
        GX_COLOR_ID_SCROLL_BUTTON,           /* scroll button color            */
    },
    GX_SCROLLBAR_RELATIVE_THUMB|GX_SCROLLBAR_END_BUTTONS|GX_SCROLLBAR_VERTICAL,
    GX_SCROLLBAR_RELATIVE_THUMB|GX_SCROLLBAR_END_BUTTONS|GX_SCROLLBAR_HORIZONTAL,
    58,                                      /* color table size               */
    16,                                      /* font table size                */
    9,                                       /* pixelmap table size            */
    0                                        /* palette size                   */

};
GX_CONST GX_THEME *main_display_theme_table[1] =
{
    &main_display_theme_1
};

